INSERT INTO LANGUAGE VALUES ('ES', 'ESPAÑOL');
INSERT INTO LANGUAGE VALUES ('EN', 'ENGLISH');

INSERT INTO COMPANY VALUES ('ALL', 'DEFAULT COMPANY', null, 1.1, '2011-01-01', '1');
insert into COMPANY (COMPANY_ID, NAME, DATAFILE_ID, UPGRADE_NUMBER, LICENSE_DATE, ENABLE) values ('MXT', 'MICROXT', null, 1.00, '2011-01-01 00:00:00', '1');

INSERT INTO DATA_TYPE VALUES('String','Sequence of characters');
INSERT INTO DATA_TYPE VALUES('Integer','Sequence of digits less than 10');
INSERT INTO DATA_TYPE VALUES('Long','Sequence of digits greater than 10 or equal');
INSERT INTO DATA_TYPE VALUES('BigDecimal','Number with decimal fractions');
INSERT INTO DATA_TYPE VALUES('Boolean','Logic values true and false');
INSERT INTO DATA_TYPE VALUES('Date','Sequence of characters that denoting the date');
INSERT INTO DATA_TYPE VALUES('Timestamp','Sequence of characters that denoting the date and/or time');
INSERT INTO DATA_TYPE VALUES('Clob','Character large object');
INSERT INTO DATA_TYPE VALUES('Blob','Binary large object');

INSERT INTO DATABASE_TYPE VALUES('String','MYSQL',0,'VARCHAR');
INSERT INTO DATABASE_TYPE VALUES('Integer','MYSQL',3,'TINYINT');
INSERT INTO DATABASE_TYPE VALUES('Integer','MYSQL',5,'SMALLINT');
INSERT INTO DATABASE_TYPE VALUES('Integer','MYSQL',7,'MEDIUMINT');
INSERT INTO DATABASE_TYPE VALUES('Long','MYSQL',10,'INTEGER');
INSERT INTO DATABASE_TYPE VALUES('Long','MYSQL',0,'BIGINT');
INSERT INTO DATABASE_TYPE VALUES('BigDecimal','MYSQL',0,'DECIMAL');
INSERT INTO DATABASE_TYPE VALUES('Boolean','MYSQL',0,'VARCHAR');
INSERT INTO DATABASE_TYPE VALUES('Date','MYSQL',0,'DATETIME');
INSERT INTO DATABASE_TYPE VALUES('Timestamp','MYSQL',0,'TIMESTAMP');
INSERT INTO DATABASE_TYPE VALUES('Clob','MYSQL',0,'CLOB');
INSERT INTO DATABASE_TYPE VALUES('Blob','MYSQL',0,'BLOB');

INSERT INTO DATABASE_TYPE VALUES('String','ORACLE',0,'VARCHAR2');
INSERT INTO DATABASE_TYPE VALUES('Integer','ORACLE',0,'NUMBER');
INSERT INTO DATABASE_TYPE VALUES('Long','ORACLE',0,'NUMBER');
INSERT INTO DATABASE_TYPE VALUES('BigDecimal','ORACLE',0,'NUMBER');
INSERT INTO DATABASE_TYPE VALUES('Boolean','ORACLE',0,'VARCHAR2');
INSERT INTO DATABASE_TYPE VALUES('Date','ORACLE',0,'DATE');
INSERT INTO DATABASE_TYPE VALUES('Timestamp','ORACLE',0,'TIMESTAMP');
INSERT INTO DATABASE_TYPE VALUES('Clob','ORACLE',0,'CLOB');
INSERT INTO DATABASE_TYPE VALUES('Blob','ORACLE',0,'BLOB');

--
insert into ENTITY_TABLE_ID (TABLE_ID) values ('ADDRESS_TYPE');
insert into ENTITY_TABLE_ID (TABLE_ID) values ('ADDRESS_TYPE_ID');
insert into ENTITY_TABLE_ID (TABLE_ID) values ('BRANCH_ID');
insert into ENTITY_TABLE_ID (TABLE_ID) values ('CITY');
insert into ENTITY_TABLE_ID (TABLE_ID) values ('CITY_ID');
insert into ENTITY_TABLE_ID (TABLE_ID) values ('CIVIL_STATUS');
insert into ENTITY_TABLE_ID (TABLE_ID) values ('CIVIL_STATUS_ID');
insert into ENTITY_TABLE_ID (TABLE_ID) values ('COMPANY');
insert into ENTITY_TABLE_ID (TABLE_ID) values ('COMPONENT');
insert into ENTITY_TABLE_ID (TABLE_ID) values ('COMPONENT_ID');
insert into ENTITY_TABLE_ID (TABLE_ID) values ('COUNTRY');
insert into ENTITY_TABLE_ID (TABLE_ID) values ('COUNTRY_ID');
insert into ENTITY_TABLE_ID (TABLE_ID) values ('DATABASE_TYPE');
insert into ENTITY_TABLE_ID (TABLE_ID) values ('DATAFILE');
insert into ENTITY_TABLE_ID (TABLE_ID) values ('DATAFILE_ID');
insert into ENTITY_TABLE_ID (TABLE_ID) values ('DATAFILE_TYPE');
insert into ENTITY_TABLE_ID (TABLE_ID) values ('DATA_TYPE');
insert into ENTITY_TABLE_ID (TABLE_ID) values ('DEPARTMENT_ID');
insert into ENTITY_TABLE_ID (TABLE_ID) values ('DISTRICT');
insert into ENTITY_TABLE_ID (TABLE_ID) values ('DISTRICT_ID');
insert into ENTITY_TABLE_ID (TABLE_ID) values ('DOCUMENT_TYPE');
insert into ENTITY_TABLE_ID (TABLE_ID) values ('DOCUMENT_TYPE_ID');
insert into ENTITY_TABLE_ID (TABLE_ID) values ('ENTITY_FIELD');
insert into ENTITY_TABLE_ID (TABLE_ID) values ('ENTITY_FIELD_ID');
insert into ENTITY_TABLE_ID (TABLE_ID) values ('ENTITY_RELATIONSHIP');
insert into ENTITY_TABLE_ID (TABLE_ID) values ('ENTITY_TABLE');
insert into ENTITY_TABLE_ID (TABLE_ID) values ('ENTITY_TABLE_ID');
insert into ENTITY_TABLE_ID (TABLE_ID) values ('GENDER_TYPE');
insert into ENTITY_TABLE_ID (TABLE_ID) values ('GENDER_TYPE_ID');
insert into ENTITY_TABLE_ID (TABLE_ID) values ('HOST');
insert into ENTITY_TABLE_ID (TABLE_ID) values ('HOST_ID');
insert into ENTITY_TABLE_ID (TABLE_ID) values ('IDENTIFICATION_TYPE');
insert into ENTITY_TABLE_ID (TABLE_ID) values ('IDENTIFICATION_TYPE_ID');
insert into ENTITY_TABLE_ID (TABLE_ID) values ('LANGUAGE');
insert into ENTITY_TABLE_ID (TABLE_ID) values ('MODULE');
insert into ENTITY_TABLE_ID (TABLE_ID) values ('MODULE_ID');
insert into ENTITY_TABLE_ID (TABLE_ID) values ('OFFICE_ID');
insert into ENTITY_TABLE_ID (TABLE_ID) values ('PARAMETER');
insert into ENTITY_TABLE_ID (TABLE_ID) values ('PARAMETER_ID');
insert into ENTITY_TABLE_ID (TABLE_ID) values ('PERSON');
insert into ENTITY_TABLE_ID (TABLE_ID) values ('PERSON_ADDRESS');
insert into ENTITY_TABLE_ID (TABLE_ID) values ('PERSON_DOCUMENT');
insert into ENTITY_TABLE_ID (TABLE_ID) values ('PERSON_ID');
insert into ENTITY_TABLE_ID (TABLE_ID) values ('PERSON_PHONE');
insert into ENTITY_TABLE_ID (TABLE_ID) values ('PERSON_TYPE');
insert into ENTITY_TABLE_ID (TABLE_ID) values ('PERSON_TYPE_ID');
insert into ENTITY_TABLE_ID (TABLE_ID) values ('PHONE_TYPE');
insert into ENTITY_TABLE_ID (TABLE_ID) values ('PHONE_TYPE_ID');
insert into ENTITY_TABLE_ID (TABLE_ID) values ('PROCESS');
insert into ENTITY_TABLE_ID (TABLE_ID) values ('PROCESS_COMPONENT');
insert into ENTITY_TABLE_ID (TABLE_ID) values ('PROCESS_ID');
insert into ENTITY_TABLE_ID (TABLE_ID) values ('PROFESSION_TYPE');
insert into ENTITY_TABLE_ID (TABLE_ID) values ('PROFESSION_TYPE_ID');
insert into ENTITY_TABLE_ID (TABLE_ID) values ('PROFILE');
insert into ENTITY_TABLE_ID (TABLE_ID) values ('PROFILE_ID');
insert into ENTITY_TABLE_ID (TABLE_ID) values ('PROVINCE');
insert into ENTITY_TABLE_ID (TABLE_ID) values ('PROVINCE_ID');
insert into ENTITY_TABLE_ID (TABLE_ID) values ('RESPONSE');
insert into ENTITY_TABLE_ID (TABLE_ID) values ('RESPONSE_ID');
insert into ENTITY_TABLE_ID (TABLE_ID) values ('ROLE');
insert into ENTITY_TABLE_ID (TABLE_ID) values ('SEQUENTIAL');
insert into ENTITY_TABLE_ID (TABLE_ID) values ('SEQUENTIAL_ID');
insert into ENTITY_TABLE_ID (TABLE_ID) values ('SUBSYSTEM');
insert into ENTITY_TABLE_ID (TABLE_ID) values ('SUBSYSTEM_ID');
insert into ENTITY_TABLE_ID (TABLE_ID) values ('USER_ACCESS');
insert into ENTITY_TABLE_ID (TABLE_ID) values ('USER_ACCOUNT');
insert into ENTITY_TABLE_ID (TABLE_ID) values ('USER_ACCOUNT_ID');
insert into ENTITY_TABLE_ID (TABLE_ID) values ('USER_AUTHORIZATION');
insert into ENTITY_TABLE_ID (TABLE_ID) values ('USER_NOTIFICATION');
insert into ENTITY_TABLE_ID (TABLE_ID) values ('USER_NOTIFICATION_TYPE');
insert into ENTITY_TABLE_ID (TABLE_ID) values ('USER_NOTIFICATION_TYPE_ID');
insert into ENTITY_TABLE_ID (TABLE_ID) values ('USER_PROFILE');
insert into ENTITY_TABLE_ID (TABLE_ID) values ('USER_SESSION');
insert into ENTITY_TABLE_ID (TABLE_ID) values ('USER_STATUS');
insert into ENTITY_TABLE_ID (TABLE_ID) values ('USER_STATUS_ID');
insert into ENTITY_TABLE_ID (TABLE_ID) values ('USER_TYPE');
insert into ENTITY_TABLE_ID (TABLE_ID) values ('USER_TYPE_ID');

insert into ENTITY_TABLE (COMPANY_ID, TABLE_ID, HAS_TABLE_ID, PACKAGE_NAME, MULTI_COMPANY, MULTI_LANGUAGE, HISTORICAL_DATA, OPTIMISTIC_LOCKING, ENUMERATED_TYPES, CACHE_MEMORY, DESCRIPTION) values ('ALL', 'ADDRESS_TYPE', '1', 'person', '1', '1', '0', '0', '0', '0', 'Values of address types');
insert into ENTITY_TABLE (COMPANY_ID, TABLE_ID, HAS_TABLE_ID, PACKAGE_NAME, MULTI_COMPANY, MULTI_LANGUAGE, HISTORICAL_DATA, OPTIMISTIC_LOCKING, ENUMERATED_TYPES, CACHE_MEMORY, DESCRIPTION) values ('ALL', 'CITY', '1', 'parameter', '1', '1', '0', '0', '0', '0', 'Values of cities');
insert into ENTITY_TABLE (COMPANY_ID, TABLE_ID, HAS_TABLE_ID, PACKAGE_NAME, MULTI_COMPANY, MULTI_LANGUAGE, HISTORICAL_DATA, OPTIMISTIC_LOCKING, ENUMERATED_TYPES, CACHE_MEMORY, DESCRIPTION) values ('ALL', 'CIVIL_STATUS', '1', 'person', '1', '1', '0', '0', '0', '0', 'Values of civil statuses');
insert into ENTITY_TABLE (COMPANY_ID, TABLE_ID, HAS_TABLE_ID, PACKAGE_NAME, MULTI_COMPANY, MULTI_LANGUAGE, HISTORICAL_DATA, OPTIMISTIC_LOCKING, ENUMERATED_TYPES, CACHE_MEMORY, DESCRIPTION) values ('ALL', 'COMPANY', '0', 'common', '0', '0', '0', '0', '0', '0', 'Values of companies');
insert into ENTITY_TABLE (COMPANY_ID, TABLE_ID, HAS_TABLE_ID, PACKAGE_NAME, MULTI_COMPANY, MULTI_LANGUAGE, HISTORICAL_DATA, OPTIMISTIC_LOCKING, ENUMERATED_TYPES, CACHE_MEMORY, DESCRIPTION) values ('ALL', 'COMPONENT', '1', 'security', '1', '0', '0', '0', '0', '1', 'Values of components');
insert into ENTITY_TABLE (COMPANY_ID, TABLE_ID, HAS_TABLE_ID, PACKAGE_NAME, MULTI_COMPANY, MULTI_LANGUAGE, HISTORICAL_DATA, OPTIMISTIC_LOCKING, ENUMERATED_TYPES, CACHE_MEMORY, DESCRIPTION) values ('ALL', 'COUNTRY', '1', 'parameter', '1', '1', '0', '0', '0', '0', 'Values of countries');
insert into ENTITY_TABLE (COMPANY_ID, TABLE_ID, HAS_TABLE_ID, PACKAGE_NAME, MULTI_COMPANY, MULTI_LANGUAGE, HISTORICAL_DATA, OPTIMISTIC_LOCKING, ENUMERATED_TYPES, CACHE_MEMORY, DESCRIPTION) values ('ALL', 'DATABASE_TYPE', '0', 'common', '0', '0', '0', '0', '0', '0', 'Values of database types');
insert into ENTITY_TABLE (COMPANY_ID, TABLE_ID, HAS_TABLE_ID, PACKAGE_NAME, MULTI_COMPANY, MULTI_LANGUAGE, HISTORICAL_DATA, OPTIMISTIC_LOCKING, ENUMERATED_TYPES, CACHE_MEMORY, DESCRIPTION) values ('ALL', 'DATAFILE', '1', 'parameter', '1', '0', '1', '1', '0', '0', 'Values of datafiles');
insert into ENTITY_TABLE (COMPANY_ID, TABLE_ID, HAS_TABLE_ID, PACKAGE_NAME, MULTI_COMPANY, MULTI_LANGUAGE, HISTORICAL_DATA, OPTIMISTIC_LOCKING, ENUMERATED_TYPES, CACHE_MEMORY, DESCRIPTION) values ('ALL', 'DATAFILE_TYPE', '0', 'parameter', '0', '0', '0', '0', '1', '0', 'Values of datafile types');
insert into ENTITY_TABLE (COMPANY_ID, TABLE_ID, HAS_TABLE_ID, PACKAGE_NAME, MULTI_COMPANY, MULTI_LANGUAGE, HISTORICAL_DATA, OPTIMISTIC_LOCKING, ENUMERATED_TYPES, CACHE_MEMORY, DESCRIPTION) values ('ALL', 'DATA_TYPE', '0', 'common', '0', '0', '0', '0', '1', '0', 'Values of data types');
insert into ENTITY_TABLE (COMPANY_ID, TABLE_ID, HAS_TABLE_ID, PACKAGE_NAME, MULTI_COMPANY, MULTI_LANGUAGE, HISTORICAL_DATA, OPTIMISTIC_LOCKING, ENUMERATED_TYPES, CACHE_MEMORY, DESCRIPTION) values ('ALL', 'DISTRICT', '1', 'parameter', '1', '1', '0', '0', '0', '0', 'Values of districts');
insert into ENTITY_TABLE (COMPANY_ID, TABLE_ID, HAS_TABLE_ID, PACKAGE_NAME, MULTI_COMPANY, MULTI_LANGUAGE, HISTORICAL_DATA, OPTIMISTIC_LOCKING, ENUMERATED_TYPES, CACHE_MEMORY, DESCRIPTION) values ('ALL', 'DOCUMENT_TYPE', '1', 'person', '1', '1', '0', '0', '0', '0', 'Values of document types');
insert into ENTITY_TABLE (COMPANY_ID, TABLE_ID, HAS_TABLE_ID, PACKAGE_NAME, MULTI_COMPANY, MULTI_LANGUAGE, HISTORICAL_DATA, OPTIMISTIC_LOCKING, ENUMERATED_TYPES, CACHE_MEMORY, DESCRIPTION) values ('ALL', 'ENTITY_FIELD', '1', 'common', '1', '0', '0', '0', '0', '0', 'Values of entity fields');
insert into ENTITY_TABLE (COMPANY_ID, TABLE_ID, HAS_TABLE_ID, PACKAGE_NAME, MULTI_COMPANY, MULTI_LANGUAGE, HISTORICAL_DATA, OPTIMISTIC_LOCKING, ENUMERATED_TYPES, CACHE_MEMORY, DESCRIPTION) values ('ALL', 'ENTITY_RELATIONSHIP', '0', 'common', '1', '0', '0', '0', '0', '0', 'Values of entity relationships');
insert into ENTITY_TABLE (COMPANY_ID, TABLE_ID, HAS_TABLE_ID, PACKAGE_NAME, MULTI_COMPANY, MULTI_LANGUAGE, HISTORICAL_DATA, OPTIMISTIC_LOCKING, ENUMERATED_TYPES, CACHE_MEMORY, DESCRIPTION) values ('ALL', 'ENTITY_TABLE', '1', 'common', '1', '0', '0', '0', '0', '0', 'Values of entity tables');
insert into ENTITY_TABLE (COMPANY_ID, TABLE_ID, HAS_TABLE_ID, PACKAGE_NAME, MULTI_COMPANY, MULTI_LANGUAGE, HISTORICAL_DATA, OPTIMISTIC_LOCKING, ENUMERATED_TYPES, CACHE_MEMORY, DESCRIPTION) values ('ALL', 'GENDER_TYPE', '1', 'person', '0', '1', '0', '0', '1', '0', 'Values of gender types');
insert into ENTITY_TABLE (COMPANY_ID, TABLE_ID, HAS_TABLE_ID, PACKAGE_NAME, MULTI_COMPANY, MULTI_LANGUAGE, HISTORICAL_DATA, OPTIMISTIC_LOCKING, ENUMERATED_TYPES, CACHE_MEMORY, DESCRIPTION) values ('ALL', 'HOST', '1', 'security', '1', '0', '1', '0', '0', '0', 'Values of hosts');
insert into ENTITY_TABLE (COMPANY_ID, TABLE_ID, HAS_TABLE_ID, PACKAGE_NAME, MULTI_COMPANY, MULTI_LANGUAGE, HISTORICAL_DATA, OPTIMISTIC_LOCKING, ENUMERATED_TYPES, CACHE_MEMORY, DESCRIPTION) values ('ALL', 'IDENTIFICATION_TYPE', '1', 'person', '1', '1', '0', '0', '0', '0', 'Values of identification types');
insert into ENTITY_TABLE (COMPANY_ID, TABLE_ID, HAS_TABLE_ID, PACKAGE_NAME, MULTI_COMPANY, MULTI_LANGUAGE, HISTORICAL_DATA, OPTIMISTIC_LOCKING, ENUMERATED_TYPES, CACHE_MEMORY, DESCRIPTION) values ('ALL', 'LANGUAGE', '0', 'common', '0', '0', '0', '0', '1', '0', 'Values of languages');
insert into ENTITY_TABLE (COMPANY_ID, TABLE_ID, HAS_TABLE_ID, PACKAGE_NAME, MULTI_COMPANY, MULTI_LANGUAGE, HISTORICAL_DATA, OPTIMISTIC_LOCKING, ENUMERATED_TYPES, CACHE_MEMORY, DESCRIPTION) values ('ALL', 'MODULE', '1', 'security', '1', '1', '0', '0', '0', '0', 'Values of modules');
insert into ENTITY_TABLE (COMPANY_ID, TABLE_ID, HAS_TABLE_ID, PACKAGE_NAME, MULTI_COMPANY, MULTI_LANGUAGE, HISTORICAL_DATA, OPTIMISTIC_LOCKING, ENUMERATED_TYPES, CACHE_MEMORY, DESCRIPTION) values ('ALL', 'PARAMETER', '1', 'parameter', '1', '0', '1', '0', '1', '1', 'Values of parameters');
insert into ENTITY_TABLE (COMPANY_ID, TABLE_ID, HAS_TABLE_ID, PACKAGE_NAME, MULTI_COMPANY, MULTI_LANGUAGE, HISTORICAL_DATA, OPTIMISTIC_LOCKING, ENUMERATED_TYPES, CACHE_MEMORY, DESCRIPTION) values ('ALL', 'PERSON', '1', 'person', '1', '0', '1', '1', '0', '0', 'Values of person');
insert into ENTITY_TABLE (COMPANY_ID, TABLE_ID, HAS_TABLE_ID, PACKAGE_NAME, MULTI_COMPANY, MULTI_LANGUAGE, HISTORICAL_DATA, OPTIMISTIC_LOCKING, ENUMERATED_TYPES, CACHE_MEMORY, DESCRIPTION) values ('ALL', 'PERSON_ADDRESS', '0', 'person', '1', '0', '1', '1', '0', '0', 'Values of person address');
insert into ENTITY_TABLE (COMPANY_ID, TABLE_ID, HAS_TABLE_ID, PACKAGE_NAME, MULTI_COMPANY, MULTI_LANGUAGE, HISTORICAL_DATA, OPTIMISTIC_LOCKING, ENUMERATED_TYPES, CACHE_MEMORY, DESCRIPTION) values ('ALL', 'PERSON_DOCUMENT', '0', 'person', '1', '0', '1', '1', '0', '0', 'Values of person documents');
insert into ENTITY_TABLE (COMPANY_ID, TABLE_ID, HAS_TABLE_ID, PACKAGE_NAME, MULTI_COMPANY, MULTI_LANGUAGE, HISTORICAL_DATA, OPTIMISTIC_LOCKING, ENUMERATED_TYPES, CACHE_MEMORY, DESCRIPTION) values ('ALL', 'PERSON_PHONE', '0', 'person', '1', '0', '1', '1', '0', '0', 'Values of person phones');
insert into ENTITY_TABLE (COMPANY_ID, TABLE_ID, HAS_TABLE_ID, PACKAGE_NAME, MULTI_COMPANY, MULTI_LANGUAGE, HISTORICAL_DATA, OPTIMISTIC_LOCKING, ENUMERATED_TYPES, CACHE_MEMORY, DESCRIPTION) values ('ALL', 'PERSON_TYPE', '1', 'person', '1', '1', '0', '0', '0', '0', 'Values of person types');
insert into ENTITY_TABLE (COMPANY_ID, TABLE_ID, HAS_TABLE_ID, PACKAGE_NAME, MULTI_COMPANY, MULTI_LANGUAGE, HISTORICAL_DATA, OPTIMISTIC_LOCKING, ENUMERATED_TYPES, CACHE_MEMORY, DESCRIPTION) values ('ALL', 'PHONE_TYPE', '1', 'person', '1', '1', '0', '0', '0', '0', 'Values of phone types');
insert into ENTITY_TABLE (COMPANY_ID, TABLE_ID, HAS_TABLE_ID, PACKAGE_NAME, MULTI_COMPANY, MULTI_LANGUAGE, HISTORICAL_DATA, OPTIMISTIC_LOCKING, ENUMERATED_TYPES, CACHE_MEMORY, DESCRIPTION) values ('ALL', 'PROCESS', '1', 'security', '1', '1', '1', '0', '0', '1', 'Values of processes');
insert into ENTITY_TABLE (COMPANY_ID, TABLE_ID, HAS_TABLE_ID, PACKAGE_NAME, MULTI_COMPANY, MULTI_LANGUAGE, HISTORICAL_DATA, OPTIMISTIC_LOCKING, ENUMERATED_TYPES, CACHE_MEMORY, DESCRIPTION) values ('ALL', 'PROCESS_COMPONENT', '0', 'security', '1', '0', '0', '0', '0', '1', 'Values of process components');
insert into ENTITY_TABLE (COMPANY_ID, TABLE_ID, HAS_TABLE_ID, PACKAGE_NAME, MULTI_COMPANY, MULTI_LANGUAGE, HISTORICAL_DATA, OPTIMISTIC_LOCKING, ENUMERATED_TYPES, CACHE_MEMORY, DESCRIPTION) values ('ALL', 'PROFESSION_TYPE', '1', 'person', '1', '1', '0', '0', '0', '0', 'Values of profession types');
insert into ENTITY_TABLE (COMPANY_ID, TABLE_ID, HAS_TABLE_ID, PACKAGE_NAME, MULTI_COMPANY, MULTI_LANGUAGE, HISTORICAL_DATA, OPTIMISTIC_LOCKING, ENUMERATED_TYPES, CACHE_MEMORY, DESCRIPTION) values ('ALL', 'PROFILE', '1', 'security', '1', '1', '0', '0', '0', '0', 'Values of profiles');
insert into ENTITY_TABLE (COMPANY_ID, TABLE_ID, HAS_TABLE_ID, PACKAGE_NAME, MULTI_COMPANY, MULTI_LANGUAGE, HISTORICAL_DATA, OPTIMISTIC_LOCKING, ENUMERATED_TYPES, CACHE_MEMORY, DESCRIPTION) values ('ALL', 'PROVINCE', '1', 'parameter', '1', '1', '0', '0', '0', '0', 'Values of provinces');
insert into ENTITY_TABLE (COMPANY_ID, TABLE_ID, HAS_TABLE_ID, PACKAGE_NAME, MULTI_COMPANY, MULTI_LANGUAGE, HISTORICAL_DATA, OPTIMISTIC_LOCKING, ENUMERATED_TYPES, CACHE_MEMORY, DESCRIPTION) values ('ALL', 'RESPONSE', '1', 'parameter', '1', '1', '0', '0', '1', '1', 'Values of responses');
insert into ENTITY_TABLE (COMPANY_ID, TABLE_ID, HAS_TABLE_ID, PACKAGE_NAME, MULTI_COMPANY, MULTI_LANGUAGE, HISTORICAL_DATA, OPTIMISTIC_LOCKING, ENUMERATED_TYPES, CACHE_MEMORY, DESCRIPTION) values ('ALL', 'ROLE', '0', 'security', '1', '0', '1', '0', '0', '0', 'Values of roles');
insert into ENTITY_TABLE (COMPANY_ID, TABLE_ID, HAS_TABLE_ID, PACKAGE_NAME, MULTI_COMPANY, MULTI_LANGUAGE, HISTORICAL_DATA, OPTIMISTIC_LOCKING, ENUMERATED_TYPES, CACHE_MEMORY, DESCRIPTION) values ('ALL', 'SEQUENTIAL', '1', 'common', '1', '0', '0', '1', '1', '0', 'Values of sequences');
insert into ENTITY_TABLE (COMPANY_ID, TABLE_ID, HAS_TABLE_ID, PACKAGE_NAME, MULTI_COMPANY, MULTI_LANGUAGE, HISTORICAL_DATA, OPTIMISTIC_LOCKING, ENUMERATED_TYPES, CACHE_MEMORY, DESCRIPTION) values ('ALL', 'SUBSYSTEM', '1', 'security', '1', '1', '0', '0', '1', '0', 'Values of subsystems');
insert into ENTITY_TABLE (COMPANY_ID, TABLE_ID, HAS_TABLE_ID, PACKAGE_NAME, MULTI_COMPANY, MULTI_LANGUAGE, HISTORICAL_DATA, OPTIMISTIC_LOCKING, ENUMERATED_TYPES, CACHE_MEMORY, DESCRIPTION) values ('ALL', 'USER_ACCESS', '0', 'security', '1', '0', '1', '0', '0', '0', 'Values of user access');
insert into ENTITY_TABLE (COMPANY_ID, TABLE_ID, HAS_TABLE_ID, PACKAGE_NAME, MULTI_COMPANY, MULTI_LANGUAGE, HISTORICAL_DATA, OPTIMISTIC_LOCKING, ENUMERATED_TYPES, CACHE_MEMORY, DESCRIPTION) values ('ALL', 'USER_ACCOUNT', '1', 'security', '1', '0', '1', '1', '0', '0', 'Values of user accounts');
insert into ENTITY_TABLE (COMPANY_ID, TABLE_ID, HAS_TABLE_ID, PACKAGE_NAME, MULTI_COMPANY, MULTI_LANGUAGE, HISTORICAL_DATA, OPTIMISTIC_LOCKING, ENUMERATED_TYPES, CACHE_MEMORY, DESCRIPTION) values ('ALL', 'USER_AUTHORIZATION', '0', 'security', '1', '0', '1', '0', '0', '0', 'Values of user authorizations');
insert into ENTITY_TABLE (COMPANY_ID, TABLE_ID, HAS_TABLE_ID, PACKAGE_NAME, MULTI_COMPANY, MULTI_LANGUAGE, HISTORICAL_DATA, OPTIMISTIC_LOCKING, ENUMERATED_TYPES, CACHE_MEMORY, DESCRIPTION) values ('ALL', 'USER_NOTIFICATION', '0', 'security', '1', '0', '1', '0', '0', '0', 'Values of user notification');
insert into ENTITY_TABLE (COMPANY_ID, TABLE_ID, HAS_TABLE_ID, PACKAGE_NAME, MULTI_COMPANY, MULTI_LANGUAGE, HISTORICAL_DATA, OPTIMISTIC_LOCKING, ENUMERATED_TYPES, CACHE_MEMORY, DESCRIPTION) values ('ALL', 'USER_NOTIFICATION_TYPE', '1', 'security', '0', '1', '0', '0', '1', '0', 'Values of user notification types');
insert into ENTITY_TABLE (COMPANY_ID, TABLE_ID, HAS_TABLE_ID, PACKAGE_NAME, MULTI_COMPANY, MULTI_LANGUAGE, HISTORICAL_DATA, OPTIMISTIC_LOCKING, ENUMERATED_TYPES, CACHE_MEMORY, DESCRIPTION) values ('ALL', 'USER_PROFILE', '0', 'security', '1', '0', '1', '0', '0', '0', 'Values of user profiles');
insert into ENTITY_TABLE (COMPANY_ID, TABLE_ID, HAS_TABLE_ID, PACKAGE_NAME, MULTI_COMPANY, MULTI_LANGUAGE, HISTORICAL_DATA, OPTIMISTIC_LOCKING, ENUMERATED_TYPES, CACHE_MEMORY, DESCRIPTION) values ('ALL', 'USER_SESSION', '0', 'security', '1', '0', '1', '1', '0', '0', 'Values of user sessions');
insert into ENTITY_TABLE (COMPANY_ID, TABLE_ID, HAS_TABLE_ID, PACKAGE_NAME, MULTI_COMPANY, MULTI_LANGUAGE, HISTORICAL_DATA, OPTIMISTIC_LOCKING, ENUMERATED_TYPES, CACHE_MEMORY, DESCRIPTION) values ('ALL', 'USER_STATUS', '1', 'security', '1', '1', '0', '0', '1', '0', 'Values of user status');
insert into ENTITY_TABLE (COMPANY_ID, TABLE_ID, HAS_TABLE_ID, PACKAGE_NAME, MULTI_COMPANY, MULTI_LANGUAGE, HISTORICAL_DATA, OPTIMISTIC_LOCKING, ENUMERATED_TYPES, CACHE_MEMORY, DESCRIPTION) values ('ALL', 'USER_TYPE', '1', 'security', '1', '1', '0', '0', '1', '0', 'Values of user types');

insert into ENTITY_FIELD_ID (TABLE_ID, FIELD_ID) values ('ADDRESS_TYPE', 'ADDRESS_TYPE_ID');
insert into ENTITY_FIELD_ID (TABLE_ID, FIELD_ID) values ('ADDRESS_TYPE', 'COMPANY_ID');
insert into ENTITY_FIELD_ID (TABLE_ID, FIELD_ID) values ('ADDRESS_TYPE', 'LANGUAGE_ID');
insert into ENTITY_FIELD_ID (TABLE_ID, FIELD_ID) values ('ADDRESS_TYPE', 'NAME');
insert into ENTITY_FIELD_ID (TABLE_ID, FIELD_ID) values ('ADDRESS_TYPE_ID', 'ADDRESS_TYPE_ID');
insert into ENTITY_FIELD_ID (TABLE_ID, FIELD_ID) values ('BRANCH_ID', 'BRANCH_ID');
insert into ENTITY_FIELD_ID (TABLE_ID, FIELD_ID) values ('CITY', 'CITY_ID');
insert into ENTITY_FIELD_ID (TABLE_ID, FIELD_ID) values ('CITY', 'COMPANY_ID');
insert into ENTITY_FIELD_ID (TABLE_ID, FIELD_ID) values ('CITY', 'COUNTRY_ID');
insert into ENTITY_FIELD_ID (TABLE_ID, FIELD_ID) values ('CITY', 'LANGUAGE_ID');
insert into ENTITY_FIELD_ID (TABLE_ID, FIELD_ID) values ('CITY', 'NAME');
insert into ENTITY_FIELD_ID (TABLE_ID, FIELD_ID) values ('CITY', 'PROVINCE_ID');
insert into ENTITY_FIELD_ID (TABLE_ID, FIELD_ID) values ('CITY_ID', 'CITY_ID');
insert into ENTITY_FIELD_ID (TABLE_ID, FIELD_ID) values ('CITY_ID', 'COUNTRY_ID');
insert into ENTITY_FIELD_ID (TABLE_ID, FIELD_ID) values ('CITY_ID', 'PROVINCE_ID');
insert into ENTITY_FIELD_ID (TABLE_ID, FIELD_ID) values ('CIVIL_STATUS', 'CIVIL_STATUS_ID');
insert into ENTITY_FIELD_ID (TABLE_ID, FIELD_ID) values ('CIVIL_STATUS', 'COMPANY_ID');
insert into ENTITY_FIELD_ID (TABLE_ID, FIELD_ID) values ('CIVIL_STATUS', 'LANGUAGE_ID');
insert into ENTITY_FIELD_ID (TABLE_ID, FIELD_ID) values ('CIVIL_STATUS', 'NAME');
insert into ENTITY_FIELD_ID (TABLE_ID, FIELD_ID) values ('CIVIL_STATUS_ID', 'CIVIL_STATUS_ID');
insert into ENTITY_FIELD_ID (TABLE_ID, FIELD_ID) values ('COMPANY', 'COMPANY_ID');
insert into ENTITY_FIELD_ID (TABLE_ID, FIELD_ID) values ('COMPANY', 'DATAFILE_ID');
insert into ENTITY_FIELD_ID (TABLE_ID, FIELD_ID) values ('COMPANY', 'ENABLE');
insert into ENTITY_FIELD_ID (TABLE_ID, FIELD_ID) values ('COMPANY', 'LICENSE_DATE');
insert into ENTITY_FIELD_ID (TABLE_ID, FIELD_ID) values ('COMPANY', 'NAME');
insert into ENTITY_FIELD_ID (TABLE_ID, FIELD_ID) values ('COMPANY', 'UPGRADE_NUMBER');
insert into ENTITY_FIELD_ID (TABLE_ID, FIELD_ID) values ('COMPONENT', 'CLASS_NAME');
insert into ENTITY_FIELD_ID (TABLE_ID, FIELD_ID) values ('COMPONENT', 'COMPANY_ID');
insert into ENTITY_FIELD_ID (TABLE_ID, FIELD_ID) values ('COMPONENT', 'COMPONENT_ID');
insert into ENTITY_FIELD_ID (TABLE_ID, FIELD_ID) values ('COMPONENT', 'DESCRIPTION');
insert into ENTITY_FIELD_ID (TABLE_ID, FIELD_ID) values ('COMPONENT', 'METHOD_NAME');
insert into ENTITY_FIELD_ID (TABLE_ID, FIELD_ID) values ('COMPONENT', 'SUBSYSTEM_ID');
insert into ENTITY_FIELD_ID (TABLE_ID, FIELD_ID) values ('COMPONENT_ID', 'COMPONENT_ID');
insert into ENTITY_FIELD_ID (TABLE_ID, FIELD_ID) values ('COUNTRY', 'AREA_CODE');
insert into ENTITY_FIELD_ID (TABLE_ID, FIELD_ID) values ('COUNTRY', 'COMPANY_ID');
insert into ENTITY_FIELD_ID (TABLE_ID, FIELD_ID) values ('COUNTRY', 'COUNTRY_ID');
insert into ENTITY_FIELD_ID (TABLE_ID, FIELD_ID) values ('COUNTRY', 'LANGUAGE_ID');
insert into ENTITY_FIELD_ID (TABLE_ID, FIELD_ID) values ('COUNTRY', 'NAME');
insert into ENTITY_FIELD_ID (TABLE_ID, FIELD_ID) values ('COUNTRY_ID', 'COUNTRY_ID');
insert into ENTITY_FIELD_ID (TABLE_ID, FIELD_ID) values ('DATABASE_TYPE', 'DATABASE_ID');
insert into ENTITY_FIELD_ID (TABLE_ID, FIELD_ID) values ('DATABASE_TYPE', 'DATABASE_TYPE');
insert into ENTITY_FIELD_ID (TABLE_ID, FIELD_ID) values ('DATABASE_TYPE', 'DATA_SIZE');
insert into ENTITY_FIELD_ID (TABLE_ID, FIELD_ID) values ('DATABASE_TYPE', 'DATA_TYPE_ID');
insert into ENTITY_FIELD_ID (TABLE_ID, FIELD_ID) values ('DATAFILE', 'BINARY_BYTES');
insert into ENTITY_FIELD_ID (TABLE_ID, FIELD_ID) values ('DATAFILE', 'BINARY_OBJECT');
insert into ENTITY_FIELD_ID (TABLE_ID, FIELD_ID) values ('DATAFILE', 'BINARY_PATH');
insert into ENTITY_FIELD_ID (TABLE_ID, FIELD_ID) values ('DATAFILE', 'CHARACTER_DATA');
insert into ENTITY_FIELD_ID (TABLE_ID, FIELD_ID) values ('DATAFILE', 'COMPANY_ID');
insert into ENTITY_FIELD_ID (TABLE_ID, FIELD_ID) values ('DATAFILE', 'DATAFILE_ID');
insert into ENTITY_FIELD_ID (TABLE_ID, FIELD_ID) values ('DATAFILE', 'DATAFILE_TYPE_ID');
insert into ENTITY_FIELD_ID (TABLE_ID, FIELD_ID) values ('DATAFILE_ID', 'DATAFILE_ID');
insert into ENTITY_FIELD_ID (TABLE_ID, FIELD_ID) values ('DATAFILE_TYPE', 'DATAFILE_TYPE_ID');
insert into ENTITY_FIELD_ID (TABLE_ID, FIELD_ID) values ('DATAFILE_TYPE', 'NAME');
insert into ENTITY_FIELD_ID (TABLE_ID, FIELD_ID) values ('DATA_TYPE', 'DATA_TYPE_ID');
insert into ENTITY_FIELD_ID (TABLE_ID, FIELD_ID) values ('DATA_TYPE', 'DESCRIPTION');
insert into ENTITY_FIELD_ID (TABLE_ID, FIELD_ID) values ('DEPARTMENT_ID', 'BRANCH_ID');
insert into ENTITY_FIELD_ID (TABLE_ID, FIELD_ID) values ('DEPARTMENT_ID', 'DEPARTMENT_ID');
insert into ENTITY_FIELD_ID (TABLE_ID, FIELD_ID) values ('DEPARTMENT_ID', 'OFFICE_ID');
insert into ENTITY_FIELD_ID (TABLE_ID, FIELD_ID) values ('DISTRICT', 'CITY_ID');
insert into ENTITY_FIELD_ID (TABLE_ID, FIELD_ID) values ('DISTRICT', 'COMPANY_ID');
insert into ENTITY_FIELD_ID (TABLE_ID, FIELD_ID) values ('DISTRICT', 'COUNTRY_ID');
insert into ENTITY_FIELD_ID (TABLE_ID, FIELD_ID) values ('DISTRICT', 'DISTRICT_ID');
insert into ENTITY_FIELD_ID (TABLE_ID, FIELD_ID) values ('DISTRICT', 'LANGUAGE_ID');
insert into ENTITY_FIELD_ID (TABLE_ID, FIELD_ID) values ('DISTRICT', 'NAME');
insert into ENTITY_FIELD_ID (TABLE_ID, FIELD_ID) values ('DISTRICT', 'PROVINCE_ID');
insert into ENTITY_FIELD_ID (TABLE_ID, FIELD_ID) values ('DISTRICT_ID', 'CITY_ID');
insert into ENTITY_FIELD_ID (TABLE_ID, FIELD_ID) values ('DISTRICT_ID', 'COUNTRY_ID');
insert into ENTITY_FIELD_ID (TABLE_ID, FIELD_ID) values ('DISTRICT_ID', 'DISTRICT_ID');
insert into ENTITY_FIELD_ID (TABLE_ID, FIELD_ID) values ('DISTRICT_ID', 'PROVINCE_ID');
insert into ENTITY_FIELD_ID (TABLE_ID, FIELD_ID) values ('DOCUMENT_TYPE', 'COMPANY_ID');
insert into ENTITY_FIELD_ID (TABLE_ID, FIELD_ID) values ('DOCUMENT_TYPE', 'DOCUMENT_TYPE_ID');
insert into ENTITY_FIELD_ID (TABLE_ID, FIELD_ID) values ('DOCUMENT_TYPE', 'LANGUAGE_ID');
insert into ENTITY_FIELD_ID (TABLE_ID, FIELD_ID) values ('DOCUMENT_TYPE', 'NAME');
insert into ENTITY_FIELD_ID (TABLE_ID, FIELD_ID) values ('DOCUMENT_TYPE_ID', 'DOCUMENT_TYPE_ID');
insert into ENTITY_FIELD_ID (TABLE_ID, FIELD_ID) values ('ENTITY_FIELD', 'CALCULATION');
insert into ENTITY_FIELD_ID (TABLE_ID, FIELD_ID) values ('ENTITY_FIELD', 'COMPANY_ID');
insert into ENTITY_FIELD_ID (TABLE_ID, FIELD_ID) values ('ENTITY_FIELD', 'DATA_SCALE');
insert into ENTITY_FIELD_ID (TABLE_ID, FIELD_ID) values ('ENTITY_FIELD', 'DATA_SIZE');
insert into ENTITY_FIELD_ID (TABLE_ID, FIELD_ID) values ('ENTITY_FIELD', 'DATA_TYPE_ID');
insert into ENTITY_FIELD_ID (TABLE_ID, FIELD_ID) values ('ENTITY_FIELD', 'DEFAULT_VALUE');
insert into ENTITY_FIELD_ID (TABLE_ID, FIELD_ID) values ('ENTITY_FIELD', 'DESCRIPTION');
insert into ENTITY_FIELD_ID (TABLE_ID, FIELD_ID) values ('ENTITY_FIELD', 'FIELD_ID');
insert into ENTITY_FIELD_ID (TABLE_ID, FIELD_ID) values ('ENTITY_FIELD', 'FIELD_ORDER');
insert into ENTITY_FIELD_ID (TABLE_ID, FIELD_ID) values ('ENTITY_FIELD', 'HIDDEN');
insert into ENTITY_FIELD_ID (TABLE_ID, FIELD_ID) values ('ENTITY_FIELD', 'LABEL');
insert into ENTITY_FIELD_ID (TABLE_ID, FIELD_ID) values ('ENTITY_FIELD', 'MASK');
insert into ENTITY_FIELD_ID (TABLE_ID, FIELD_ID) values ('ENTITY_FIELD', 'MAXIMUM_VALUE');
insert into ENTITY_FIELD_ID (TABLE_ID, FIELD_ID) values ('ENTITY_FIELD', 'MINIMUM_VALUE');
insert into ENTITY_FIELD_ID (TABLE_ID, FIELD_ID) values ('ENTITY_FIELD', 'NULLABLE');
insert into ENTITY_FIELD_ID (TABLE_ID, FIELD_ID) values ('ENTITY_FIELD', 'PRIMARY_KEY');
insert into ENTITY_FIELD_ID (TABLE_ID, FIELD_ID) values ('ENTITY_FIELD', 'READONLY');
insert into ENTITY_FIELD_ID (TABLE_ID, FIELD_ID) values ('ENTITY_FIELD', 'SECURITY_LEVEL');
insert into ENTITY_FIELD_ID (TABLE_ID, FIELD_ID) values ('ENTITY_FIELD', 'SEQUENTIAL_ID');
insert into ENTITY_FIELD_ID (TABLE_ID, FIELD_ID) values ('ENTITY_FIELD', 'TABLE_ID');
insert into ENTITY_FIELD_ID (TABLE_ID, FIELD_ID) values ('ENTITY_FIELD', 'TOOLTIP');
insert into ENTITY_FIELD_ID (TABLE_ID, FIELD_ID) values ('ENTITY_FIELD', 'UNIQUE_KEY');
insert into ENTITY_FIELD_ID (TABLE_ID, FIELD_ID) values ('ENTITY_FIELD', 'VALIDATION');
insert into ENTITY_FIELD_ID (TABLE_ID, FIELD_ID) values ('ENTITY_FIELD_ID', 'FIELD_ID');
insert into ENTITY_FIELD_ID (TABLE_ID, FIELD_ID) values ('ENTITY_FIELD_ID', 'TABLE_ID');
insert into ENTITY_FIELD_ID (TABLE_ID, FIELD_ID) values ('ENTITY_RELATIONSHIP', 'COMPANY_ID');
insert into ENTITY_FIELD_ID (TABLE_ID, FIELD_ID) values ('ENTITY_RELATIONSHIP', 'FIELD_FROM');
insert into ENTITY_FIELD_ID (TABLE_ID, FIELD_ID) values ('ENTITY_RELATIONSHIP', 'FIELD_TO');
insert into ENTITY_FIELD_ID (TABLE_ID, FIELD_ID) values ('ENTITY_RELATIONSHIP', 'RELATIONSHIP_ID');
insert into ENTITY_FIELD_ID (TABLE_ID, FIELD_ID) values ('ENTITY_RELATIONSHIP', 'RELATIONSHIP_ORDER');
insert into ENTITY_FIELD_ID (TABLE_ID, FIELD_ID) values ('ENTITY_RELATIONSHIP', 'TABLE_FROM');
insert into ENTITY_FIELD_ID (TABLE_ID, FIELD_ID) values ('ENTITY_RELATIONSHIP', 'TABLE_TO');
insert into ENTITY_FIELD_ID (TABLE_ID, FIELD_ID) values ('ENTITY_TABLE', 'CACHE_MEMORY');
insert into ENTITY_FIELD_ID (TABLE_ID, FIELD_ID) values ('ENTITY_TABLE', 'COMPANY_ID');
insert into ENTITY_FIELD_ID (TABLE_ID, FIELD_ID) values ('ENTITY_TABLE', 'DESCRIPTION');
insert into ENTITY_FIELD_ID (TABLE_ID, FIELD_ID) values ('ENTITY_TABLE', 'ENUMERATED_TYPES');
insert into ENTITY_FIELD_ID (TABLE_ID, FIELD_ID) values ('ENTITY_TABLE', 'HAS_TABLE_ID');
insert into ENTITY_FIELD_ID (TABLE_ID, FIELD_ID) values ('ENTITY_TABLE', 'HISTORICAL_DATA');
insert into ENTITY_FIELD_ID (TABLE_ID, FIELD_ID) values ('ENTITY_TABLE', 'MULTI_COMPANY');
insert into ENTITY_FIELD_ID (TABLE_ID, FIELD_ID) values ('ENTITY_TABLE', 'MULTI_LANGUAGE');
insert into ENTITY_FIELD_ID (TABLE_ID, FIELD_ID) values ('ENTITY_TABLE', 'OPTIMISTIC_LOCKING');
insert into ENTITY_FIELD_ID (TABLE_ID, FIELD_ID) values ('ENTITY_TABLE', 'PACKAGE_NAME');
insert into ENTITY_FIELD_ID (TABLE_ID, FIELD_ID) values ('ENTITY_TABLE', 'TABLE_ID');
insert into ENTITY_FIELD_ID (TABLE_ID, FIELD_ID) values ('ENTITY_TABLE_ID', 'TABLE_ID');
insert into ENTITY_FIELD_ID (TABLE_ID, FIELD_ID) values ('GENDER_TYPE', 'GENDER_TYPE_ID');
insert into ENTITY_FIELD_ID (TABLE_ID, FIELD_ID) values ('GENDER_TYPE', 'LANGUAGE_ID');
insert into ENTITY_FIELD_ID (TABLE_ID, FIELD_ID) values ('GENDER_TYPE', 'NAME');
insert into ENTITY_FIELD_ID (TABLE_ID, FIELD_ID) values ('GENDER_TYPE_ID', 'GENDER_TYPE_ID');
insert into ENTITY_FIELD_ID (TABLE_ID, FIELD_ID) values ('HOST', 'ADDRESS');
insert into ENTITY_FIELD_ID (TABLE_ID, FIELD_ID) values ('HOST', 'COMPANY_ID');
insert into ENTITY_FIELD_ID (TABLE_ID, FIELD_ID) values ('HOST', 'HOST_ID');
insert into ENTITY_FIELD_ID (TABLE_ID, FIELD_ID) values ('HOST', 'TIME_ZONE');
insert into ENTITY_FIELD_ID (TABLE_ID, FIELD_ID) values ('HOST_ID', 'HOST_ID');
insert into ENTITY_FIELD_ID (TABLE_ID, FIELD_ID) values ('IDENTIFICATION_TYPE', 'COMPANY_ID');
insert into ENTITY_FIELD_ID (TABLE_ID, FIELD_ID) values ('IDENTIFICATION_TYPE', 'IDENTIFICATION_TYPE_ID');
insert into ENTITY_FIELD_ID (TABLE_ID, FIELD_ID) values ('IDENTIFICATION_TYPE', 'LANGUAGE_ID');
insert into ENTITY_FIELD_ID (TABLE_ID, FIELD_ID) values ('IDENTIFICATION_TYPE', 'NAME');
insert into ENTITY_FIELD_ID (TABLE_ID, FIELD_ID) values ('IDENTIFICATION_TYPE_ID', 'IDENTIFICATION_TYPE_ID');
insert into ENTITY_FIELD_ID (TABLE_ID, FIELD_ID) values ('LANGUAGE', 'LANGUAGE_ID');
insert into ENTITY_FIELD_ID (TABLE_ID, FIELD_ID) values ('LANGUAGE', 'NAME');
insert into ENTITY_FIELD_ID (TABLE_ID, FIELD_ID) values ('MODULE', 'COMPANY_ID');
insert into ENTITY_FIELD_ID (TABLE_ID, FIELD_ID) values ('MODULE', 'LANGUAGE_ID');
insert into ENTITY_FIELD_ID (TABLE_ID, FIELD_ID) values ('MODULE', 'MODULE_ID');
insert into ENTITY_FIELD_ID (TABLE_ID, FIELD_ID) values ('MODULE', 'NAME');
insert into ENTITY_FIELD_ID (TABLE_ID, FIELD_ID) values ('MODULE', 'SUBSYSTEM_ID');
insert into ENTITY_FIELD_ID (TABLE_ID, FIELD_ID) values ('MODULE_ID', 'MODULE_ID');
insert into ENTITY_FIELD_ID (TABLE_ID, FIELD_ID) values ('MODULE_ID', 'SUBSYSTEM_ID');
insert into ENTITY_FIELD_ID (TABLE_ID, FIELD_ID) values ('OFFICE_ID', 'BRANCH_ID');
insert into ENTITY_FIELD_ID (TABLE_ID, FIELD_ID) values ('OFFICE_ID', 'OFFICE_ID');
insert into ENTITY_FIELD_ID (TABLE_ID, FIELD_ID) values ('PARAMETER', 'COMPANY_ID');
insert into ENTITY_FIELD_ID (TABLE_ID, FIELD_ID) values ('PARAMETER', 'DATA_TYPE_ID');
insert into ENTITY_FIELD_ID (TABLE_ID, FIELD_ID) values ('PARAMETER', 'DESCRIPTION');
insert into ENTITY_FIELD_ID (TABLE_ID, FIELD_ID) values ('PARAMETER', 'PARAMETER_ID');
insert into ENTITY_FIELD_ID (TABLE_ID, FIELD_ID) values ('PARAMETER', 'PARAMETER_VALUE');
insert into ENTITY_FIELD_ID (TABLE_ID, FIELD_ID) values ('PARAMETER', 'SUBSYSTEM_ID');
insert into ENTITY_FIELD_ID (TABLE_ID, FIELD_ID) values ('PARAMETER_ID', 'PARAMETER_ID');
insert into ENTITY_FIELD_ID (TABLE_ID, FIELD_ID) values ('PERSON', 'CITY_ID');
insert into ENTITY_FIELD_ID (TABLE_ID, FIELD_ID) values ('PERSON', 'CIVIL_STATUS_ID');
insert into ENTITY_FIELD_ID (TABLE_ID, FIELD_ID) values ('PERSON', 'COMPANY_ID');
insert into ENTITY_FIELD_ID (TABLE_ID, FIELD_ID) values ('PERSON', 'COUNTRY_ID');
insert into ENTITY_FIELD_ID (TABLE_ID, FIELD_ID) values ('PERSON', 'DATE_OF_BIRTH');
insert into ENTITY_FIELD_ID (TABLE_ID, FIELD_ID) values ('PERSON', 'GENDER_TYPE_ID');
insert into ENTITY_FIELD_ID (TABLE_ID, FIELD_ID) values ('PERSON', 'IDENTIFICATION_NUMBER');
insert into ENTITY_FIELD_ID (TABLE_ID, FIELD_ID) values ('PERSON', 'IDENTIFICATION_TYPE_ID');
insert into ENTITY_FIELD_ID (TABLE_ID, FIELD_ID) values ('PERSON', 'LAST_NAME');
insert into ENTITY_FIELD_ID (TABLE_ID, FIELD_ID) values ('PERSON', 'NAME');
insert into ENTITY_FIELD_ID (TABLE_ID, FIELD_ID) values ('PERSON', 'PERSON_ID');
insert into ENTITY_FIELD_ID (TABLE_ID, FIELD_ID) values ('PERSON', 'PROFESSION_TYPE_ID');
insert into ENTITY_FIELD_ID (TABLE_ID, FIELD_ID) values ('PERSON', 'PROVINCE_ID');
insert into ENTITY_FIELD_ID (TABLE_ID, FIELD_ID) values ('PERSON', 'SECOND_LAST_NAME');
insert into ENTITY_FIELD_ID (TABLE_ID, FIELD_ID) values ('PERSON_ADDRESS', 'ADDRESS_MAP');
insert into ENTITY_FIELD_ID (TABLE_ID, FIELD_ID) values ('PERSON_ADDRESS', 'ADDRESS_NUMBER');
insert into ENTITY_FIELD_ID (TABLE_ID, FIELD_ID) values ('PERSON_ADDRESS', 'ADDRESS_SEQUENCE');
insert into ENTITY_FIELD_ID (TABLE_ID, FIELD_ID) values ('PERSON_ADDRESS', 'ADDRESS_TYPE_ID');
insert into ENTITY_FIELD_ID (TABLE_ID, FIELD_ID) values ('PERSON_ADDRESS', 'BUILDING_FLOOR');
insert into ENTITY_FIELD_ID (TABLE_ID, FIELD_ID) values ('PERSON_ADDRESS', 'BUILDING_NAME');
insert into ENTITY_FIELD_ID (TABLE_ID, FIELD_ID) values ('PERSON_ADDRESS', 'CITY_ID');
insert into ENTITY_FIELD_ID (TABLE_ID, FIELD_ID) values ('PERSON_ADDRESS', 'COMPANY_ID');
insert into ENTITY_FIELD_ID (TABLE_ID, FIELD_ID) values ('PERSON_ADDRESS', 'COUNTRY_ID');
insert into ENTITY_FIELD_ID (TABLE_ID, FIELD_ID) values ('PERSON_ADDRESS', 'FIRST_STREET');
insert into ENTITY_FIELD_ID (TABLE_ID, FIELD_ID) values ('PERSON_ADDRESS', 'PERSON_ID');
insert into ENTITY_FIELD_ID (TABLE_ID, FIELD_ID) values ('PERSON_ADDRESS', 'PROVINCE_ID');
insert into ENTITY_FIELD_ID (TABLE_ID, FIELD_ID) values ('PERSON_ADDRESS', 'SECOND_STREET');
insert into ENTITY_FIELD_ID (TABLE_ID, FIELD_ID) values ('PERSON_DOCUMENT', 'COMPANY_ID');
insert into ENTITY_FIELD_ID (TABLE_ID, FIELD_ID) values ('PERSON_DOCUMENT', 'DATAFILE_ID');
insert into ENTITY_FIELD_ID (TABLE_ID, FIELD_ID) values ('PERSON_DOCUMENT', 'DOCUMENT_SEQUENCE');
insert into ENTITY_FIELD_ID (TABLE_ID, FIELD_ID) values ('PERSON_DOCUMENT', 'DOCUMENT_TYPE_ID');
insert into ENTITY_FIELD_ID (TABLE_ID, FIELD_ID) values ('PERSON_DOCUMENT', 'PERSON_ID');
insert into ENTITY_FIELD_ID (TABLE_ID, FIELD_ID) values ('PERSON_ID', 'PERSON_ID');
insert into ENTITY_FIELD_ID (TABLE_ID, FIELD_ID) values ('PERSON_PHONE', 'AREA_CODE');
insert into ENTITY_FIELD_ID (TABLE_ID, FIELD_ID) values ('PERSON_PHONE', 'COMPANY_ID');
insert into ENTITY_FIELD_ID (TABLE_ID, FIELD_ID) values ('PERSON_PHONE', 'PERSON_ID');
insert into ENTITY_FIELD_ID (TABLE_ID, FIELD_ID) values ('PERSON_PHONE', 'PHONE_NUMBER');
insert into ENTITY_FIELD_ID (TABLE_ID, FIELD_ID) values ('PERSON_PHONE', 'PHONE_SEQUENCE');
insert into ENTITY_FIELD_ID (TABLE_ID, FIELD_ID) values ('PERSON_PHONE', 'PHONE_TYPE_ID');
insert into ENTITY_FIELD_ID (TABLE_ID, FIELD_ID) values ('PERSON_TYPE', 'COMPANY_ID');
insert into ENTITY_FIELD_ID (TABLE_ID, FIELD_ID) values ('PERSON_TYPE', 'LANGUAGE_ID');
insert into ENTITY_FIELD_ID (TABLE_ID, FIELD_ID) values ('PERSON_TYPE', 'NAME');
insert into ENTITY_FIELD_ID (TABLE_ID, FIELD_ID) values ('PERSON_TYPE', 'PERSON_TYPE_ID');
insert into ENTITY_FIELD_ID (TABLE_ID, FIELD_ID) values ('PERSON_TYPE_ID', 'PERSON_TYPE_ID');
insert into ENTITY_FIELD_ID (TABLE_ID, FIELD_ID) values ('PHONE_TYPE', 'COMPANY_ID');
insert into ENTITY_FIELD_ID (TABLE_ID, FIELD_ID) values ('PHONE_TYPE', 'LANGUAGE_ID');
insert into ENTITY_FIELD_ID (TABLE_ID, FIELD_ID) values ('PHONE_TYPE', 'NAME');
insert into ENTITY_FIELD_ID (TABLE_ID, FIELD_ID) values ('PHONE_TYPE', 'PHONE_TYPE_ID');
insert into ENTITY_FIELD_ID (TABLE_ID, FIELD_ID) values ('PHONE_TYPE_ID', 'PHONE_TYPE_ID');
insert into ENTITY_FIELD_ID (TABLE_ID, FIELD_ID) values ('PROCESS', 'COMPANY_ID');
insert into ENTITY_FIELD_ID (TABLE_ID, FIELD_ID) values ('PROCESS', 'DATAFILE_ID');
insert into ENTITY_FIELD_ID (TABLE_ID, FIELD_ID) values ('PROCESS', 'ENABLE');
insert into ENTITY_FIELD_ID (TABLE_ID, FIELD_ID) values ('PROCESS', 'LANGUAGE_ID');
insert into ENTITY_FIELD_ID (TABLE_ID, FIELD_ID) values ('PROCESS', 'MENU');
insert into ENTITY_FIELD_ID (TABLE_ID, FIELD_ID) values ('PROCESS', 'MODULE_ID');
insert into ENTITY_FIELD_ID (TABLE_ID, FIELD_ID) values ('PROCESS', 'NAME');
insert into ENTITY_FIELD_ID (TABLE_ID, FIELD_ID) values ('PROCESS', 'PROCESS_ID');
insert into ENTITY_FIELD_ID (TABLE_ID, FIELD_ID) values ('PROCESS', 'SUBSYSTEM_ID');
insert into ENTITY_FIELD_ID (TABLE_ID, FIELD_ID) values ('PROCESS', 'URL');
insert into ENTITY_FIELD_ID (TABLE_ID, FIELD_ID) values ('PROCESS_COMPONENT', 'AUTHORIZE');
insert into ENTITY_FIELD_ID (TABLE_ID, FIELD_ID) values ('PROCESS_COMPONENT', 'COMPANY_ID');
insert into ENTITY_FIELD_ID (TABLE_ID, FIELD_ID) values ('PROCESS_COMPONENT', 'COMPONENT_ID');
insert into ENTITY_FIELD_ID (TABLE_ID, FIELD_ID) values ('PROCESS_COMPONENT', 'ENABLE');
insert into ENTITY_FIELD_ID (TABLE_ID, FIELD_ID) values ('PROCESS_COMPONENT', 'MODULE_ID');
insert into ENTITY_FIELD_ID (TABLE_ID, FIELD_ID) values ('PROCESS_COMPONENT', 'PROCESS_ID');
insert into ENTITY_FIELD_ID (TABLE_ID, FIELD_ID) values ('PROCESS_COMPONENT', 'PROCESS_SEQUENCE');
insert into ENTITY_FIELD_ID (TABLE_ID, FIELD_ID) values ('PROCESS_COMPONENT', 'SUBSYSTEM_ID');
insert into ENTITY_FIELD_ID (TABLE_ID, FIELD_ID) values ('PROCESS_ID', 'MODULE_ID');
insert into ENTITY_FIELD_ID (TABLE_ID, FIELD_ID) values ('PROCESS_ID', 'PROCESS_ID');
insert into ENTITY_FIELD_ID (TABLE_ID, FIELD_ID) values ('PROCESS_ID', 'SUBSYSTEM_ID');
insert into ENTITY_FIELD_ID (TABLE_ID, FIELD_ID) values ('PROFESSION_TYPE', 'COMPANY_ID');
insert into ENTITY_FIELD_ID (TABLE_ID, FIELD_ID) values ('PROFESSION_TYPE', 'LANGUAGE_ID');
insert into ENTITY_FIELD_ID (TABLE_ID, FIELD_ID) values ('PROFESSION_TYPE', 'NAME');
insert into ENTITY_FIELD_ID (TABLE_ID, FIELD_ID) values ('PROFESSION_TYPE', 'PROFESSION_TYPE_ID');
insert into ENTITY_FIELD_ID (TABLE_ID, FIELD_ID) values ('PROFESSION_TYPE_ID', 'PROFESSION_TYPE_ID');
insert into ENTITY_FIELD_ID (TABLE_ID, FIELD_ID) values ('PROFILE', 'COMPANY_ID');
insert into ENTITY_FIELD_ID (TABLE_ID, FIELD_ID) values ('PROFILE', 'DESCRIPTION');
insert into ENTITY_FIELD_ID (TABLE_ID, FIELD_ID) values ('PROFILE', 'LANGUAGE_ID');
insert into ENTITY_FIELD_ID (TABLE_ID, FIELD_ID) values ('PROFILE', 'NAME');
insert into ENTITY_FIELD_ID (TABLE_ID, FIELD_ID) values ('PROFILE', 'PROFILE_ID');
insert into ENTITY_FIELD_ID (TABLE_ID, FIELD_ID) values ('PROFILE_ID', 'PROFILE_ID');
insert into ENTITY_FIELD_ID (TABLE_ID, FIELD_ID) values ('PROVINCE', 'COMPANY_ID');
insert into ENTITY_FIELD_ID (TABLE_ID, FIELD_ID) values ('PROVINCE', 'COUNTRY_ID');
insert into ENTITY_FIELD_ID (TABLE_ID, FIELD_ID) values ('PROVINCE', 'LANGUAGE_ID');
insert into ENTITY_FIELD_ID (TABLE_ID, FIELD_ID) values ('PROVINCE', 'NAME');
insert into ENTITY_FIELD_ID (TABLE_ID, FIELD_ID) values ('PROVINCE', 'PROVINCE_ID');
insert into ENTITY_FIELD_ID (TABLE_ID, FIELD_ID) values ('PROVINCE_ID', 'COUNTRY_ID');
insert into ENTITY_FIELD_ID (TABLE_ID, FIELD_ID) values ('PROVINCE_ID', 'PROVINCE_ID');
insert into ENTITY_FIELD_ID (TABLE_ID, FIELD_ID) values ('RESPONSE', 'COMPANY_ID');
insert into ENTITY_FIELD_ID (TABLE_ID, FIELD_ID) values ('RESPONSE', 'DESCRIPTION');
insert into ENTITY_FIELD_ID (TABLE_ID, FIELD_ID) values ('RESPONSE', 'LANGUAGE_ID');
insert into ENTITY_FIELD_ID (TABLE_ID, FIELD_ID) values ('RESPONSE', 'RESPONSE_ID');
insert into ENTITY_FIELD_ID (TABLE_ID, FIELD_ID) values ('RESPONSE', 'SUBSYSTEM_ID');
insert into ENTITY_FIELD_ID (TABLE_ID, FIELD_ID) values ('RESPONSE_ID', 'RESPONSE_ID');
insert into ENTITY_FIELD_ID (TABLE_ID, FIELD_ID) values ('ROLE', 'COMPANY_ID');
insert into ENTITY_FIELD_ID (TABLE_ID, FIELD_ID) values ('ROLE', 'DAY_ID');
insert into ENTITY_FIELD_ID (TABLE_ID, FIELD_ID) values ('ROLE', 'EDITABLE');
insert into ENTITY_FIELD_ID (TABLE_ID, FIELD_ID) values ('ROLE', 'HOUR_FROM');
insert into ENTITY_FIELD_ID (TABLE_ID, FIELD_ID) values ('ROLE', 'HOUR_TO');
insert into ENTITY_FIELD_ID (TABLE_ID, FIELD_ID) values ('ROLE', 'MODULE_ID');
insert into ENTITY_FIELD_ID (TABLE_ID, FIELD_ID) values ('ROLE', 'PROCESS_ID');
insert into ENTITY_FIELD_ID (TABLE_ID, FIELD_ID) values ('ROLE', 'PROFILE_ID');
insert into ENTITY_FIELD_ID (TABLE_ID, FIELD_ID) values ('ROLE', 'SUBSYSTEM_ID');
insert into ENTITY_FIELD_ID (TABLE_ID, FIELD_ID) values ('SEQUENTIAL', 'COMPANY_ID');
insert into ENTITY_FIELD_ID (TABLE_ID, FIELD_ID) values ('SEQUENTIAL', 'SEQUENTIAL_ID');
insert into ENTITY_FIELD_ID (TABLE_ID, FIELD_ID) values ('SEQUENTIAL', 'SEQUENTIAL_VALUE');
insert into ENTITY_FIELD_ID (TABLE_ID, FIELD_ID) values ('SEQUENTIAL_ID', 'SEQUENTIAL_ID');
insert into ENTITY_FIELD_ID (TABLE_ID, FIELD_ID) values ('SUBSYSTEM', 'COMPANY_ID');
insert into ENTITY_FIELD_ID (TABLE_ID, FIELD_ID) values ('SUBSYSTEM', 'LANGUAGE_ID');
insert into ENTITY_FIELD_ID (TABLE_ID, FIELD_ID) values ('SUBSYSTEM', 'NAME');
insert into ENTITY_FIELD_ID (TABLE_ID, FIELD_ID) values ('SUBSYSTEM', 'SUBSYSTEM_ID');
insert into ENTITY_FIELD_ID (TABLE_ID, FIELD_ID) values ('SUBSYSTEM_ID', 'SUBSYSTEM_ID');
insert into ENTITY_FIELD_ID (TABLE_ID, FIELD_ID) values ('USER_ACCESS', 'ANSWER');
insert into ENTITY_FIELD_ID (TABLE_ID, FIELD_ID) values ('USER_ACCESS', 'COMPANY_ID');
insert into ENTITY_FIELD_ID (TABLE_ID, FIELD_ID) values ('USER_ACCESS', 'LAST_CHANGE');
insert into ENTITY_FIELD_ID (TABLE_ID, FIELD_ID) values ('USER_ACCESS', 'QUESTION');
insert into ENTITY_FIELD_ID (TABLE_ID, FIELD_ID) values ('USER_ACCESS', 'USER_ID');
insert into ENTITY_FIELD_ID (TABLE_ID, FIELD_ID) values ('USER_ACCESS', 'USER_KEY');
insert into ENTITY_FIELD_ID (TABLE_ID, FIELD_ID) values ('USER_ACCOUNT', 'COMPANY_ID');
insert into ENTITY_FIELD_ID (TABLE_ID, FIELD_ID) values ('USER_ACCOUNT', 'EMAIL');
insert into ENTITY_FIELD_ID (TABLE_ID, FIELD_ID) values ('USER_ACCOUNT', 'LANGUAGE_ID');
insert into ENTITY_FIELD_ID (TABLE_ID, FIELD_ID) values ('USER_ACCOUNT', 'NAME');
insert into ENTITY_FIELD_ID (TABLE_ID, FIELD_ID) values ('USER_ACCOUNT', 'PERSON_ID');
insert into ENTITY_FIELD_ID (TABLE_ID, FIELD_ID) values ('USER_ACCOUNT', 'USER_ID');
insert into ENTITY_FIELD_ID (TABLE_ID, FIELD_ID) values ('USER_ACCOUNT', 'USER_STATUS_ID');
insert into ENTITY_FIELD_ID (TABLE_ID, FIELD_ID) values ('USER_ACCOUNT', 'USER_TYPE_ID');
insert into ENTITY_FIELD_ID (TABLE_ID, FIELD_ID) values ('USER_ACCOUNT_ID', 'USER_ID');
insert into ENTITY_FIELD_ID (TABLE_ID, FIELD_ID) values ('USER_AUTHORIZATION', 'AUTHORIZER_ID');
insert into ENTITY_FIELD_ID (TABLE_ID, FIELD_ID) values ('USER_AUTHORIZATION', 'COMPANY_ID');
insert into ENTITY_FIELD_ID (TABLE_ID, FIELD_ID) values ('USER_AUTHORIZATION', 'MODULE_ID');
insert into ENTITY_FIELD_ID (TABLE_ID, FIELD_ID) values ('USER_AUTHORIZATION', 'PROCESS_ID');
insert into ENTITY_FIELD_ID (TABLE_ID, FIELD_ID) values ('USER_AUTHORIZATION', 'SUBSYSTEM_ID');
insert into ENTITY_FIELD_ID (TABLE_ID, FIELD_ID) values ('USER_AUTHORIZATION', 'USER_ID');
insert into ENTITY_FIELD_ID (TABLE_ID, FIELD_ID) values ('USER_NOTIFICATION', 'COMPANY_ID');
insert into ENTITY_FIELD_ID (TABLE_ID, FIELD_ID) values ('USER_NOTIFICATION', 'MESSAGE');
insert into ENTITY_FIELD_ID (TABLE_ID, FIELD_ID) values ('USER_NOTIFICATION', 'READ_');
insert into ENTITY_FIELD_ID (TABLE_ID, FIELD_ID) values ('USER_NOTIFICATION', 'SUBJECT');
insert into ENTITY_FIELD_ID (TABLE_ID, FIELD_ID) values ('USER_NOTIFICATION', 'USER_ID');
insert into ENTITY_FIELD_ID (TABLE_ID, FIELD_ID) values ('USER_NOTIFICATION', 'USER_NOTIFICATION_TYPE_ID');
insert into ENTITY_FIELD_ID (TABLE_ID, FIELD_ID) values ('USER_NOTIFICATION_TYPE', 'LANGUAGE_ID');
insert into ENTITY_FIELD_ID (TABLE_ID, FIELD_ID) values ('USER_NOTIFICATION_TYPE', 'NAME');
insert into ENTITY_FIELD_ID (TABLE_ID, FIELD_ID) values ('USER_NOTIFICATION_TYPE', 'USER_NOTIFICATION_TYPE_ID');
insert into ENTITY_FIELD_ID (TABLE_ID, FIELD_ID) values ('USER_NOTIFICATION_TYPE_ID', 'USER_NOTIFICATION_TYPE_ID');
insert into ENTITY_FIELD_ID (TABLE_ID, FIELD_ID) values ('USER_PROFILE', 'COMPANY_ID');
insert into ENTITY_FIELD_ID (TABLE_ID, FIELD_ID) values ('USER_PROFILE', 'PROFILE_ID');
insert into ENTITY_FIELD_ID (TABLE_ID, FIELD_ID) values ('USER_PROFILE', 'USER_ID');
insert into ENTITY_FIELD_ID (TABLE_ID, FIELD_ID) values ('USER_SESSION', 'COMPANY_ID');
insert into ENTITY_FIELD_ID (TABLE_ID, FIELD_ID) values ('USER_SESSION', 'HOST_ID');
insert into ENTITY_FIELD_ID (TABLE_ID, FIELD_ID) values ('USER_SESSION', 'TOKEN');
insert into ENTITY_FIELD_ID (TABLE_ID, FIELD_ID) values ('USER_SESSION', 'USER_ID');
insert into ENTITY_FIELD_ID (TABLE_ID, FIELD_ID) values ('USER_STATUS', 'COMPANY_ID');
insert into ENTITY_FIELD_ID (TABLE_ID, FIELD_ID) values ('USER_STATUS', 'LANGUAGE_ID');
insert into ENTITY_FIELD_ID (TABLE_ID, FIELD_ID) values ('USER_STATUS', 'NAME');
insert into ENTITY_FIELD_ID (TABLE_ID, FIELD_ID) values ('USER_STATUS', 'USER_STATUS_ID');
insert into ENTITY_FIELD_ID (TABLE_ID, FIELD_ID) values ('USER_STATUS_ID', 'USER_STATUS_ID');
insert into ENTITY_FIELD_ID (TABLE_ID, FIELD_ID) values ('USER_TYPE', 'COMPANY_ID');
insert into ENTITY_FIELD_ID (TABLE_ID, FIELD_ID) values ('USER_TYPE', 'LANGUAGE_ID');
insert into ENTITY_FIELD_ID (TABLE_ID, FIELD_ID) values ('USER_TYPE', 'NAME');
insert into ENTITY_FIELD_ID (TABLE_ID, FIELD_ID) values ('USER_TYPE', 'USER_TYPE_ID');
insert into ENTITY_FIELD_ID (TABLE_ID, FIELD_ID) values ('USER_TYPE_ID', 'USER_TYPE_ID');

insert into ENTITY_FIELD (COMPANY_ID, TABLE_ID, FIELD_ID, FIELD_ORDER, DATA_TYPE_ID, DATA_SIZE, DATA_SCALE, PRIMARY_KEY, UNIQUE_KEY, NULLABLE, DEFAULT_VALUE, SEQUENTIAL_ID, MINIMUM_VALUE, MAXIMUM_VALUE, SECURITY_LEVEL, READONLY, HIDDEN, DESCRIPTION, LABEL, TOOLTIP, MASK, VALIDATION, CALCULATION) values ('ALL', 'ADDRESS_TYPE', 'ADDRESS_TYPE_ID', 1, 'String', 4, 0, '1', '0', '0', null, null, null, null, 0, '0', '0', 'Address type Id', 'addressTypeId', null, null, null, null);
insert into ENTITY_FIELD (COMPANY_ID, TABLE_ID, FIELD_ID, FIELD_ORDER, DATA_TYPE_ID, DATA_SIZE, DATA_SCALE, PRIMARY_KEY, UNIQUE_KEY, NULLABLE, DEFAULT_VALUE, SEQUENTIAL_ID, MINIMUM_VALUE, MAXIMUM_VALUE, SECURITY_LEVEL, READONLY, HIDDEN, DESCRIPTION, LABEL, TOOLTIP, MASK, VALIDATION, CALCULATION) values ('ALL', 'ADDRESS_TYPE', 'NAME', 2, 'String', 40, 0, '0', '0', '0', null, null, null, null, 0, '0', '0', 'Name of address type', 'name', null, null, null, null);
insert into ENTITY_FIELD (COMPANY_ID, TABLE_ID, FIELD_ID, FIELD_ORDER, DATA_TYPE_ID, DATA_SIZE, DATA_SCALE, PRIMARY_KEY, UNIQUE_KEY, NULLABLE, DEFAULT_VALUE, SEQUENTIAL_ID, MINIMUM_VALUE, MAXIMUM_VALUE, SECURITY_LEVEL, READONLY, HIDDEN, DESCRIPTION, LABEL, TOOLTIP, MASK, VALIDATION, CALCULATION) values ('ALL', 'CITY', 'CITY_ID', 3, 'String', 3, 0, '1', '0', '0', null, null, null, null, 0, '0', '0', 'City Id', 'cityId', null, null, null, null);
insert into ENTITY_FIELD (COMPANY_ID, TABLE_ID, FIELD_ID, FIELD_ORDER, DATA_TYPE_ID, DATA_SIZE, DATA_SCALE, PRIMARY_KEY, UNIQUE_KEY, NULLABLE, DEFAULT_VALUE, SEQUENTIAL_ID, MINIMUM_VALUE, MAXIMUM_VALUE, SECURITY_LEVEL, READONLY, HIDDEN, DESCRIPTION, LABEL, TOOLTIP, MASK, VALIDATION, CALCULATION) values ('ALL', 'CITY', 'COUNTRY_ID', 1, 'String', 2, 0, '1', '0', '0', null, null, null, null, 0, '0', '0', 'Country Id', 'countryId', null, null, null, null);
insert into ENTITY_FIELD (COMPANY_ID, TABLE_ID, FIELD_ID, FIELD_ORDER, DATA_TYPE_ID, DATA_SIZE, DATA_SCALE, PRIMARY_KEY, UNIQUE_KEY, NULLABLE, DEFAULT_VALUE, SEQUENTIAL_ID, MINIMUM_VALUE, MAXIMUM_VALUE, SECURITY_LEVEL, READONLY, HIDDEN, DESCRIPTION, LABEL, TOOLTIP, MASK, VALIDATION, CALCULATION) values ('ALL', 'CITY', 'NAME', 4, 'String', 40, 0, '0', '0', '0', null, null, null, null, 0, '0', '0', 'Name of city', 'name', null, null, null, null);
insert into ENTITY_FIELD (COMPANY_ID, TABLE_ID, FIELD_ID, FIELD_ORDER, DATA_TYPE_ID, DATA_SIZE, DATA_SCALE, PRIMARY_KEY, UNIQUE_KEY, NULLABLE, DEFAULT_VALUE, SEQUENTIAL_ID, MINIMUM_VALUE, MAXIMUM_VALUE, SECURITY_LEVEL, READONLY, HIDDEN, DESCRIPTION, LABEL, TOOLTIP, MASK, VALIDATION, CALCULATION) values ('ALL', 'CITY', 'PROVINCE_ID', 2, 'String', 2, 0, '1', '0', '0', null, null, null, null, 0, '0', '0', 'Province Id', 'provinceId', null, null, null, null);
insert into ENTITY_FIELD (COMPANY_ID, TABLE_ID, FIELD_ID, FIELD_ORDER, DATA_TYPE_ID, DATA_SIZE, DATA_SCALE, PRIMARY_KEY, UNIQUE_KEY, NULLABLE, DEFAULT_VALUE, SEQUENTIAL_ID, MINIMUM_VALUE, MAXIMUM_VALUE, SECURITY_LEVEL, READONLY, HIDDEN, DESCRIPTION, LABEL, TOOLTIP, MASK, VALIDATION, CALCULATION) values ('ALL', 'CIVIL_STATUS', 'CIVIL_STATUS_ID', 1, 'String', 4, 0, '1', '0', '0', null, null, null, null, 0, '0', '0', 'Civil type status Id', 'civilStatusId', null, null, null, null);
insert into ENTITY_FIELD (COMPANY_ID, TABLE_ID, FIELD_ID, FIELD_ORDER, DATA_TYPE_ID, DATA_SIZE, DATA_SCALE, PRIMARY_KEY, UNIQUE_KEY, NULLABLE, DEFAULT_VALUE, SEQUENTIAL_ID, MINIMUM_VALUE, MAXIMUM_VALUE, SECURITY_LEVEL, READONLY, HIDDEN, DESCRIPTION, LABEL, TOOLTIP, MASK, VALIDATION, CALCULATION) values ('ALL', 'CIVIL_STATUS', 'NAME', 2, 'String', 40, 0, '0', '0', '0', null, null, null, null, 0, '0', '0', 'Name of civil status', 'name', null, null, null, null);
insert into ENTITY_FIELD (COMPANY_ID, TABLE_ID, FIELD_ID, FIELD_ORDER, DATA_TYPE_ID, DATA_SIZE, DATA_SCALE, PRIMARY_KEY, UNIQUE_KEY, NULLABLE, DEFAULT_VALUE, SEQUENTIAL_ID, MINIMUM_VALUE, MAXIMUM_VALUE, SECURITY_LEVEL, READONLY, HIDDEN, DESCRIPTION, LABEL, TOOLTIP, MASK, VALIDATION, CALCULATION) values ('ALL', 'COMPANY', 'COMPANY_ID', 1, 'String', 4, 0, '1', '0', '0', null, null, null, null, 0, '0', '0', 'Company Id', 'companyId', null, null, null, null);
insert into ENTITY_FIELD (COMPANY_ID, TABLE_ID, FIELD_ID, FIELD_ORDER, DATA_TYPE_ID, DATA_SIZE, DATA_SCALE, PRIMARY_KEY, UNIQUE_KEY, NULLABLE, DEFAULT_VALUE, SEQUENTIAL_ID, MINIMUM_VALUE, MAXIMUM_VALUE, SECURITY_LEVEL, READONLY, HIDDEN, DESCRIPTION, LABEL, TOOLTIP, MASK, VALIDATION, CALCULATION) values ('ALL', 'COMPANY', 'DATAFILE_ID', 3, 'Long', 10, 0, '0', '0', '1', null, null, null, null, 0, '0', '0', 'Document Id', 'documentId', null, null, null, null);
insert into ENTITY_FIELD (COMPANY_ID, TABLE_ID, FIELD_ID, FIELD_ORDER, DATA_TYPE_ID, DATA_SIZE, DATA_SCALE, PRIMARY_KEY, UNIQUE_KEY, NULLABLE, DEFAULT_VALUE, SEQUENTIAL_ID, MINIMUM_VALUE, MAXIMUM_VALUE, SECURITY_LEVEL, READONLY, HIDDEN, DESCRIPTION, LABEL, TOOLTIP, MASK, VALIDATION, CALCULATION) values ('ALL', 'COMPANY', 'ENABLE', 6, 'Boolean', 1, 0, '0', '0', '0', '0', null, null, null, 0, '0', '0', 'Enable', 'enable', null, null, null, null);
insert into ENTITY_FIELD (COMPANY_ID, TABLE_ID, FIELD_ID, FIELD_ORDER, DATA_TYPE_ID, DATA_SIZE, DATA_SCALE, PRIMARY_KEY, UNIQUE_KEY, NULLABLE, DEFAULT_VALUE, SEQUENTIAL_ID, MINIMUM_VALUE, MAXIMUM_VALUE, SECURITY_LEVEL, READONLY, HIDDEN, DESCRIPTION, LABEL, TOOLTIP, MASK, VALIDATION, CALCULATION) values ('ALL', 'COMPANY', 'LICENSE_DATE', 5, 'Date', 0, 0, '0', '0', '1', null, null, null, null, 0, '0', '0', 'License date of company', 'licenseDate', null, null, null, null);
insert into ENTITY_FIELD (COMPANY_ID, TABLE_ID, FIELD_ID, FIELD_ORDER, DATA_TYPE_ID, DATA_SIZE, DATA_SCALE, PRIMARY_KEY, UNIQUE_KEY, NULLABLE, DEFAULT_VALUE, SEQUENTIAL_ID, MINIMUM_VALUE, MAXIMUM_VALUE, SECURITY_LEVEL, READONLY, HIDDEN, DESCRIPTION, LABEL, TOOLTIP, MASK, VALIDATION, CALCULATION) values ('ALL', 'COMPANY', 'NAME', 2, 'String', 40, 0, '0', '0', '0', null, null, null, null, 0, '0', '0', 'Name of company', 'name', null, null, null, null);
insert into ENTITY_FIELD (COMPANY_ID, TABLE_ID, FIELD_ID, FIELD_ORDER, DATA_TYPE_ID, DATA_SIZE, DATA_SCALE, PRIMARY_KEY, UNIQUE_KEY, NULLABLE, DEFAULT_VALUE, SEQUENTIAL_ID, MINIMUM_VALUE, MAXIMUM_VALUE, SECURITY_LEVEL, READONLY, HIDDEN, DESCRIPTION, LABEL, TOOLTIP, MASK, VALIDATION, CALCULATION) values ('ALL', 'COMPANY', 'UPGRADE_NUMBER', 4, 'BigDecimal', 4, 2, '0', '0', '1', null, null, null, null, 0, '0', '0', 'Upgrade number of company', 'upgradeNumber', null, null, null, null);
insert into ENTITY_FIELD (COMPANY_ID, TABLE_ID, FIELD_ID, FIELD_ORDER, DATA_TYPE_ID, DATA_SIZE, DATA_SCALE, PRIMARY_KEY, UNIQUE_KEY, NULLABLE, DEFAULT_VALUE, SEQUENTIAL_ID, MINIMUM_VALUE, MAXIMUM_VALUE, SECURITY_LEVEL, READONLY, HIDDEN, DESCRIPTION, LABEL, TOOLTIP, MASK, VALIDATION, CALCULATION) values ('ALL', 'COMPONENT', 'CLASS_NAME', 3, 'String', 100, 0, '0', '0', '0', null, null, null, null, 0, '0', '0', 'Class name', 'className', null, null, null, null);
insert into ENTITY_FIELD (COMPANY_ID, TABLE_ID, FIELD_ID, FIELD_ORDER, DATA_TYPE_ID, DATA_SIZE, DATA_SCALE, PRIMARY_KEY, UNIQUE_KEY, NULLABLE, DEFAULT_VALUE, SEQUENTIAL_ID, MINIMUM_VALUE, MAXIMUM_VALUE, SECURITY_LEVEL, READONLY, HIDDEN, DESCRIPTION, LABEL, TOOLTIP, MASK, VALIDATION, CALCULATION) values ('ALL', 'COMPONENT', 'COMPONENT_ID', 1, 'String', 150, 0, '1', '0', '0', null, null, null, null, 0, '0', '0', 'Component Id', 'componentId', null, null, null, null);
insert into ENTITY_FIELD (COMPANY_ID, TABLE_ID, FIELD_ID, FIELD_ORDER, DATA_TYPE_ID, DATA_SIZE, DATA_SCALE, PRIMARY_KEY, UNIQUE_KEY, NULLABLE, DEFAULT_VALUE, SEQUENTIAL_ID, MINIMUM_VALUE, MAXIMUM_VALUE, SECURITY_LEVEL, READONLY, HIDDEN, DESCRIPTION, LABEL, TOOLTIP, MASK, VALIDATION, CALCULATION) values ('ALL', 'COMPONENT', 'DESCRIPTION', 5, 'String', 100, 0, '0', '0', '0', null, null, null, null, 0, '0', '0', 'Description', 'description', null, null, null, null);
insert into ENTITY_FIELD (COMPANY_ID, TABLE_ID, FIELD_ID, FIELD_ORDER, DATA_TYPE_ID, DATA_SIZE, DATA_SCALE, PRIMARY_KEY, UNIQUE_KEY, NULLABLE, DEFAULT_VALUE, SEQUENTIAL_ID, MINIMUM_VALUE, MAXIMUM_VALUE, SECURITY_LEVEL, READONLY, HIDDEN, DESCRIPTION, LABEL, TOOLTIP, MASK, VALIDATION, CALCULATION) values ('ALL', 'COMPONENT', 'METHOD_NAME', 4, 'String', 100, 0, '0', '0', '0', null, null, null, null, 0, '0', '0', 'Method name', 'methodName', null, null, null, null);
insert into ENTITY_FIELD (COMPANY_ID, TABLE_ID, FIELD_ID, FIELD_ORDER, DATA_TYPE_ID, DATA_SIZE, DATA_SCALE, PRIMARY_KEY, UNIQUE_KEY, NULLABLE, DEFAULT_VALUE, SEQUENTIAL_ID, MINIMUM_VALUE, MAXIMUM_VALUE, SECURITY_LEVEL, READONLY, HIDDEN, DESCRIPTION, LABEL, TOOLTIP, MASK, VALIDATION, CALCULATION) values ('ALL', 'COMPONENT', 'SUBSYSTEM_ID', 2, 'String', 2, 0, '0', '0', '0', null, null, null, null, 0, '0', '0', 'Subsystem Id', 'subsystemId', null, null, null, null);
insert into ENTITY_FIELD (COMPANY_ID, TABLE_ID, FIELD_ID, FIELD_ORDER, DATA_TYPE_ID, DATA_SIZE, DATA_SCALE, PRIMARY_KEY, UNIQUE_KEY, NULLABLE, DEFAULT_VALUE, SEQUENTIAL_ID, MINIMUM_VALUE, MAXIMUM_VALUE, SECURITY_LEVEL, READONLY, HIDDEN, DESCRIPTION, LABEL, TOOLTIP, MASK, VALIDATION, CALCULATION) values ('ALL', 'COUNTRY', 'AREA_CODE', 3, 'String', 4, 0, '0', '0', '1', null, null, null, null, 0, '0', '0', 'Area code', 'areaCode', null, null, null, null);
insert into ENTITY_FIELD (COMPANY_ID, TABLE_ID, FIELD_ID, FIELD_ORDER, DATA_TYPE_ID, DATA_SIZE, DATA_SCALE, PRIMARY_KEY, UNIQUE_KEY, NULLABLE, DEFAULT_VALUE, SEQUENTIAL_ID, MINIMUM_VALUE, MAXIMUM_VALUE, SECURITY_LEVEL, READONLY, HIDDEN, DESCRIPTION, LABEL, TOOLTIP, MASK, VALIDATION, CALCULATION) values ('ALL', 'COUNTRY', 'COUNTRY_ID', 1, 'String', 2, 0, '1', '0', '0', null, null, null, null, 0, '0', '0', 'Country Id', 'countryId', null, null, null, null);
insert into ENTITY_FIELD (COMPANY_ID, TABLE_ID, FIELD_ID, FIELD_ORDER, DATA_TYPE_ID, DATA_SIZE, DATA_SCALE, PRIMARY_KEY, UNIQUE_KEY, NULLABLE, DEFAULT_VALUE, SEQUENTIAL_ID, MINIMUM_VALUE, MAXIMUM_VALUE, SECURITY_LEVEL, READONLY, HIDDEN, DESCRIPTION, LABEL, TOOLTIP, MASK, VALIDATION, CALCULATION) values ('ALL', 'COUNTRY', 'NAME', 2, 'String', 40, 0, '0', '0', '0', null, null, null, null, 0, '0', '0', 'Name of country', 'name', null, null, null, null);
insert into ENTITY_FIELD (COMPANY_ID, TABLE_ID, FIELD_ID, FIELD_ORDER, DATA_TYPE_ID, DATA_SIZE, DATA_SCALE, PRIMARY_KEY, UNIQUE_KEY, NULLABLE, DEFAULT_VALUE, SEQUENTIAL_ID, MINIMUM_VALUE, MAXIMUM_VALUE, SECURITY_LEVEL, READONLY, HIDDEN, DESCRIPTION, LABEL, TOOLTIP, MASK, VALIDATION, CALCULATION) values ('ALL', 'DATABASE_TYPE', 'DATABASE_ID', 2, 'String', 30, 0, '1', '0', '0', null, null, null, null, 0, '0', '0', 'Database Id', 'databaseId', null, null, null, null);
insert into ENTITY_FIELD (COMPANY_ID, TABLE_ID, FIELD_ID, FIELD_ORDER, DATA_TYPE_ID, DATA_SIZE, DATA_SCALE, PRIMARY_KEY, UNIQUE_KEY, NULLABLE, DEFAULT_VALUE, SEQUENTIAL_ID, MINIMUM_VALUE, MAXIMUM_VALUE, SECURITY_LEVEL, READONLY, HIDDEN, DESCRIPTION, LABEL, TOOLTIP, MASK, VALIDATION, CALCULATION) values ('ALL', 'DATABASE_TYPE', 'DATABASE_TYPE', 4, 'String', 30, 0, '0', '0', '0', null, null, null, null, 0, '0', '0', 'Data type of database', 'databaseType', null, null, null, null);
insert into ENTITY_FIELD (COMPANY_ID, TABLE_ID, FIELD_ID, FIELD_ORDER, DATA_TYPE_ID, DATA_SIZE, DATA_SCALE, PRIMARY_KEY, UNIQUE_KEY, NULLABLE, DEFAULT_VALUE, SEQUENTIAL_ID, MINIMUM_VALUE, MAXIMUM_VALUE, SECURITY_LEVEL, READONLY, HIDDEN, DESCRIPTION, LABEL, TOOLTIP, MASK, VALIDATION, CALCULATION) values ('ALL', 'DATABASE_TYPE', 'DATA_SIZE', 3, 'Integer', 5, 0, '1', '0', '0', null, null, null, null, 0, '0', '0', 'Data size of field', 'dataSize', null, null, null, null);
insert into ENTITY_FIELD (COMPANY_ID, TABLE_ID, FIELD_ID, FIELD_ORDER, DATA_TYPE_ID, DATA_SIZE, DATA_SCALE, PRIMARY_KEY, UNIQUE_KEY, NULLABLE, DEFAULT_VALUE, SEQUENTIAL_ID, MINIMUM_VALUE, MAXIMUM_VALUE, SECURITY_LEVEL, READONLY, HIDDEN, DESCRIPTION, LABEL, TOOLTIP, MASK, VALIDATION, CALCULATION) values ('ALL', 'DATABASE_TYPE', 'DATA_TYPE_ID', 1, 'String', 30, 0, '1', '0', '0', null, null, null, null, 0, '0', '0', 'Data type Id', 'dataTypeId', null, null, null, null);
insert into ENTITY_FIELD (COMPANY_ID, TABLE_ID, FIELD_ID, FIELD_ORDER, DATA_TYPE_ID, DATA_SIZE, DATA_SCALE, PRIMARY_KEY, UNIQUE_KEY, NULLABLE, DEFAULT_VALUE, SEQUENTIAL_ID, MINIMUM_VALUE, MAXIMUM_VALUE, SECURITY_LEVEL, READONLY, HIDDEN, DESCRIPTION, LABEL, TOOLTIP, MASK, VALIDATION, CALCULATION) values ('ALL', 'DATAFILE', 'BINARY_BYTES', 4, 'Long', 10, 0, '0', '0', '1', null, null, null, null, 0, '0', '0', 'Binary bytes', 'binaryBytes', null, null, null, null);
insert into ENTITY_FIELD (COMPANY_ID, TABLE_ID, FIELD_ID, FIELD_ORDER, DATA_TYPE_ID, DATA_SIZE, DATA_SCALE, PRIMARY_KEY, UNIQUE_KEY, NULLABLE, DEFAULT_VALUE, SEQUENTIAL_ID, MINIMUM_VALUE, MAXIMUM_VALUE, SECURITY_LEVEL, READONLY, HIDDEN, DESCRIPTION, LABEL, TOOLTIP, MASK, VALIDATION, CALCULATION) values ('ALL', 'DATAFILE', 'BINARY_OBJECT', 5, 'Blob', 0, 0, '0', '0', '1', null, null, null, null, 0, '0', '0', 'Binary object', 'binaryObject', null, null, null, null);
insert into ENTITY_FIELD (COMPANY_ID, TABLE_ID, FIELD_ID, FIELD_ORDER, DATA_TYPE_ID, DATA_SIZE, DATA_SCALE, PRIMARY_KEY, UNIQUE_KEY, NULLABLE, DEFAULT_VALUE, SEQUENTIAL_ID, MINIMUM_VALUE, MAXIMUM_VALUE, SECURITY_LEVEL, READONLY, HIDDEN, DESCRIPTION, LABEL, TOOLTIP, MASK, VALIDATION, CALCULATION) values ('ALL', 'DATAFILE', 'BINARY_PATH', 3, 'String', 200, 0, '0', '0', '0', null, null, null, null, 0, '0', '0', 'Binary path', 'binaryPath', null, null, null, null);
insert into ENTITY_FIELD (COMPANY_ID, TABLE_ID, FIELD_ID, FIELD_ORDER, DATA_TYPE_ID, DATA_SIZE, DATA_SCALE, PRIMARY_KEY, UNIQUE_KEY, NULLABLE, DEFAULT_VALUE, SEQUENTIAL_ID, MINIMUM_VALUE, MAXIMUM_VALUE, SECURITY_LEVEL, READONLY, HIDDEN, DESCRIPTION, LABEL, TOOLTIP, MASK, VALIDATION, CALCULATION) values ('ALL', 'DATAFILE', 'CHARACTER_DATA', 6, 'Clob', 0, 0, '0', '0', '1', null, null, null, null, 0, '0', '0', 'Character data', 'characterData', null, null, null, null);
insert into ENTITY_FIELD (COMPANY_ID, TABLE_ID, FIELD_ID, FIELD_ORDER, DATA_TYPE_ID, DATA_SIZE, DATA_SCALE, PRIMARY_KEY, UNIQUE_KEY, NULLABLE, DEFAULT_VALUE, SEQUENTIAL_ID, MINIMUM_VALUE, MAXIMUM_VALUE, SECURITY_LEVEL, READONLY, HIDDEN, DESCRIPTION, LABEL, TOOLTIP, MASK, VALIDATION, CALCULATION) values ('ALL', 'DATAFILE', 'DATAFILE_ID', 1, 'Long', 10, 0, '1', '0', '0', null, null, null, null, 0, '0', '0', 'Datafile Id', 'datafileId', null, null, null, null);
insert into ENTITY_FIELD (COMPANY_ID, TABLE_ID, FIELD_ID, FIELD_ORDER, DATA_TYPE_ID, DATA_SIZE, DATA_SCALE, PRIMARY_KEY, UNIQUE_KEY, NULLABLE, DEFAULT_VALUE, SEQUENTIAL_ID, MINIMUM_VALUE, MAXIMUM_VALUE, SECURITY_LEVEL, READONLY, HIDDEN, DESCRIPTION, LABEL, TOOLTIP, MASK, VALIDATION, CALCULATION) values ('ALL', 'DATAFILE', 'DATAFILE_TYPE_ID', 2, 'String', 4, 0, '0', '0', '0', null, null, null, null, 0, '0', '0', 'Datafile type Id', 'datafileTypeId', null, null, null, null);
insert into ENTITY_FIELD (COMPANY_ID, TABLE_ID, FIELD_ID, FIELD_ORDER, DATA_TYPE_ID, DATA_SIZE, DATA_SCALE, PRIMARY_KEY, UNIQUE_KEY, NULLABLE, DEFAULT_VALUE, SEQUENTIAL_ID, MINIMUM_VALUE, MAXIMUM_VALUE, SECURITY_LEVEL, READONLY, HIDDEN, DESCRIPTION, LABEL, TOOLTIP, MASK, VALIDATION, CALCULATION) values ('ALL', 'DATAFILE_TYPE', 'DATAFILE_TYPE_ID', 1, 'String', 4, 0, '1', '0', '0', null, null, null, null, 0, '0', '0', 'Datafile type Id', 'datafileTypeId', null, null, null, null);
insert into ENTITY_FIELD (COMPANY_ID, TABLE_ID, FIELD_ID, FIELD_ORDER, DATA_TYPE_ID, DATA_SIZE, DATA_SCALE, PRIMARY_KEY, UNIQUE_KEY, NULLABLE, DEFAULT_VALUE, SEQUENTIAL_ID, MINIMUM_VALUE, MAXIMUM_VALUE, SECURITY_LEVEL, READONLY, HIDDEN, DESCRIPTION, LABEL, TOOLTIP, MASK, VALIDATION, CALCULATION) values ('ALL', 'DATAFILE_TYPE', 'NAME', 2, 'String', 40, 0, '0', '0', '0', null, null, null, null, 0, '0', '0', 'Name of datafile type', 'name', null, null, null, null);
insert into ENTITY_FIELD (COMPANY_ID, TABLE_ID, FIELD_ID, FIELD_ORDER, DATA_TYPE_ID, DATA_SIZE, DATA_SCALE, PRIMARY_KEY, UNIQUE_KEY, NULLABLE, DEFAULT_VALUE, SEQUENTIAL_ID, MINIMUM_VALUE, MAXIMUM_VALUE, SECURITY_LEVEL, READONLY, HIDDEN, DESCRIPTION, LABEL, TOOLTIP, MASK, VALIDATION, CALCULATION) values ('ALL', 'DATA_TYPE', 'DATA_TYPE_ID', 1, 'String', 30, 0, '1', '0', '0', null, null, null, null, 0, '0', '0', 'Data type Id', 'dataTypeId', null, null, null, null);
insert into ENTITY_FIELD (COMPANY_ID, TABLE_ID, FIELD_ID, FIELD_ORDER, DATA_TYPE_ID, DATA_SIZE, DATA_SCALE, PRIMARY_KEY, UNIQUE_KEY, NULLABLE, DEFAULT_VALUE, SEQUENTIAL_ID, MINIMUM_VALUE, MAXIMUM_VALUE, SECURITY_LEVEL, READONLY, HIDDEN, DESCRIPTION, LABEL, TOOLTIP, MASK, VALIDATION, CALCULATION) values ('ALL', 'DATA_TYPE', 'DESCRIPTION', 2, 'String', 100, 0, '0', '0', '0', null, null, null, null, 0, '0', '0', 'Name of data type', 'name', null, null, null, null);
insert into ENTITY_FIELD (COMPANY_ID, TABLE_ID, FIELD_ID, FIELD_ORDER, DATA_TYPE_ID, DATA_SIZE, DATA_SCALE, PRIMARY_KEY, UNIQUE_KEY, NULLABLE, DEFAULT_VALUE, SEQUENTIAL_ID, MINIMUM_VALUE, MAXIMUM_VALUE, SECURITY_LEVEL, READONLY, HIDDEN, DESCRIPTION, LABEL, TOOLTIP, MASK, VALIDATION, CALCULATION) values ('ALL', 'DISTRICT', 'CITY_ID', 3, 'String', 3, 0, '1', '0', '0', null, null, null, null, 0, '0', '0', 'City Id', 'cityId', null, null, null, null);
insert into ENTITY_FIELD (COMPANY_ID, TABLE_ID, FIELD_ID, FIELD_ORDER, DATA_TYPE_ID, DATA_SIZE, DATA_SCALE, PRIMARY_KEY, UNIQUE_KEY, NULLABLE, DEFAULT_VALUE, SEQUENTIAL_ID, MINIMUM_VALUE, MAXIMUM_VALUE, SECURITY_LEVEL, READONLY, HIDDEN, DESCRIPTION, LABEL, TOOLTIP, MASK, VALIDATION, CALCULATION) values ('ALL', 'DISTRICT', 'COUNTRY_ID', 1, 'String', 2, 0, '1', '0', '0', null, null, null, null, 0, '0', '0', 'Country Id', 'countryId', null, null, null, null);
insert into ENTITY_FIELD (COMPANY_ID, TABLE_ID, FIELD_ID, FIELD_ORDER, DATA_TYPE_ID, DATA_SIZE, DATA_SCALE, PRIMARY_KEY, UNIQUE_KEY, NULLABLE, DEFAULT_VALUE, SEQUENTIAL_ID, MINIMUM_VALUE, MAXIMUM_VALUE, SECURITY_LEVEL, READONLY, HIDDEN, DESCRIPTION, LABEL, TOOLTIP, MASK, VALIDATION, CALCULATION) values ('ALL', 'DISTRICT', 'DISTRICT_ID', 4, 'String', 4, 0, '1', '0', '0', null, null, null, null, 0, '0', '0', 'District Id', 'districtId', null, null, null, null);
insert into ENTITY_FIELD (COMPANY_ID, TABLE_ID, FIELD_ID, FIELD_ORDER, DATA_TYPE_ID, DATA_SIZE, DATA_SCALE, PRIMARY_KEY, UNIQUE_KEY, NULLABLE, DEFAULT_VALUE, SEQUENTIAL_ID, MINIMUM_VALUE, MAXIMUM_VALUE, SECURITY_LEVEL, READONLY, HIDDEN, DESCRIPTION, LABEL, TOOLTIP, MASK, VALIDATION, CALCULATION) values ('ALL', 'DISTRICT', 'NAME', 5, 'String', 40, 0, '0', '0', '0', null, null, null, null, 0, '0', '0', 'Name of district', 'name', null, null, null, null);
insert into ENTITY_FIELD (COMPANY_ID, TABLE_ID, FIELD_ID, FIELD_ORDER, DATA_TYPE_ID, DATA_SIZE, DATA_SCALE, PRIMARY_KEY, UNIQUE_KEY, NULLABLE, DEFAULT_VALUE, SEQUENTIAL_ID, MINIMUM_VALUE, MAXIMUM_VALUE, SECURITY_LEVEL, READONLY, HIDDEN, DESCRIPTION, LABEL, TOOLTIP, MASK, VALIDATION, CALCULATION) values ('ALL', 'DISTRICT', 'PROVINCE_ID', 2, 'String', 2, 0, '1', '0', '0', null, null, null, null, 0, '0', '0', 'Province Id', 'provinceId', null, null, null, null);
insert into ENTITY_FIELD (COMPANY_ID, TABLE_ID, FIELD_ID, FIELD_ORDER, DATA_TYPE_ID, DATA_SIZE, DATA_SCALE, PRIMARY_KEY, UNIQUE_KEY, NULLABLE, DEFAULT_VALUE, SEQUENTIAL_ID, MINIMUM_VALUE, MAXIMUM_VALUE, SECURITY_LEVEL, READONLY, HIDDEN, DESCRIPTION, LABEL, TOOLTIP, MASK, VALIDATION, CALCULATION) values ('ALL', 'DOCUMENT_TYPE', 'DOCUMENT_TYPE_ID', 1, 'String', 4, 0, '1', '0', '0', null, null, null, null, 0, '0', '0', 'Document type Id', 'documentTypeId', null, null, null, null);
insert into ENTITY_FIELD (COMPANY_ID, TABLE_ID, FIELD_ID, FIELD_ORDER, DATA_TYPE_ID, DATA_SIZE, DATA_SCALE, PRIMARY_KEY, UNIQUE_KEY, NULLABLE, DEFAULT_VALUE, SEQUENTIAL_ID, MINIMUM_VALUE, MAXIMUM_VALUE, SECURITY_LEVEL, READONLY, HIDDEN, DESCRIPTION, LABEL, TOOLTIP, MASK, VALIDATION, CALCULATION) values ('ALL', 'DOCUMENT_TYPE', 'NAME', 2, 'String', 40, 0, '0', '0', '0', null, null, null, null, 0, '0', '0', 'Name of document type', 'name', null, null, null, null);
insert into ENTITY_FIELD (COMPANY_ID, TABLE_ID, FIELD_ID, FIELD_ORDER, DATA_TYPE_ID, DATA_SIZE, DATA_SCALE, PRIMARY_KEY, UNIQUE_KEY, NULLABLE, DEFAULT_VALUE, SEQUENTIAL_ID, MINIMUM_VALUE, MAXIMUM_VALUE, SECURITY_LEVEL, READONLY, HIDDEN, DESCRIPTION, LABEL, TOOLTIP, MASK, VALIDATION, CALCULATION) values ('ALL', 'ENTITY_FIELD', 'CALCULATION', 22, 'String', 100, 0, '0', '0', '1', null, null, null, null, 0, '0', '0', 'Calculation of field', 'calculation', null, null, null, null);
insert into ENTITY_FIELD (COMPANY_ID, TABLE_ID, FIELD_ID, FIELD_ORDER, DATA_TYPE_ID, DATA_SIZE, DATA_SCALE, PRIMARY_KEY, UNIQUE_KEY, NULLABLE, DEFAULT_VALUE, SEQUENTIAL_ID, MINIMUM_VALUE, MAXIMUM_VALUE, SECURITY_LEVEL, READONLY, HIDDEN, DESCRIPTION, LABEL, TOOLTIP, MASK, VALIDATION, CALCULATION) values ('ALL', 'ENTITY_FIELD', 'DATA_SCALE', 6, 'Integer', 3, 0, '0', '0', '0', '0', null, null, null, 0, '0', '0', 'Data scale of field', 'dataScale', null, null, null, null);
insert into ENTITY_FIELD (COMPANY_ID, TABLE_ID, FIELD_ID, FIELD_ORDER, DATA_TYPE_ID, DATA_SIZE, DATA_SCALE, PRIMARY_KEY, UNIQUE_KEY, NULLABLE, DEFAULT_VALUE, SEQUENTIAL_ID, MINIMUM_VALUE, MAXIMUM_VALUE, SECURITY_LEVEL, READONLY, HIDDEN, DESCRIPTION, LABEL, TOOLTIP, MASK, VALIDATION, CALCULATION) values ('ALL', 'ENTITY_FIELD', 'DATA_SIZE', 5, 'Integer', 5, 0, '0', '0', '0', null, null, null, null, 0, '0', '0', 'Data size of field', 'dataSize', null, null, null, null);
insert into ENTITY_FIELD (COMPANY_ID, TABLE_ID, FIELD_ID, FIELD_ORDER, DATA_TYPE_ID, DATA_SIZE, DATA_SCALE, PRIMARY_KEY, UNIQUE_KEY, NULLABLE, DEFAULT_VALUE, SEQUENTIAL_ID, MINIMUM_VALUE, MAXIMUM_VALUE, SECURITY_LEVEL, READONLY, HIDDEN, DESCRIPTION, LABEL, TOOLTIP, MASK, VALIDATION, CALCULATION) values ('ALL', 'ENTITY_FIELD', 'DATA_TYPE_ID', 4, 'String', 30, 0, '0', '0', '0', null, null, null, null, 0, '0', '0', 'Data type of field', 'dataType', null, null, null, null);
insert into ENTITY_FIELD (COMPANY_ID, TABLE_ID, FIELD_ID, FIELD_ORDER, DATA_TYPE_ID, DATA_SIZE, DATA_SCALE, PRIMARY_KEY, UNIQUE_KEY, NULLABLE, DEFAULT_VALUE, SEQUENTIAL_ID, MINIMUM_VALUE, MAXIMUM_VALUE, SECURITY_LEVEL, READONLY, HIDDEN, DESCRIPTION, LABEL, TOOLTIP, MASK, VALIDATION, CALCULATION) values ('ALL', 'ENTITY_FIELD', 'DEFAULT_VALUE', 10, 'String', 30, 0, '0', '0', '1', null, null, null, null, 0, '0', '0', 'Default value of field', 'defaultValue', null, null, null, null);
insert into ENTITY_FIELD (COMPANY_ID, TABLE_ID, FIELD_ID, FIELD_ORDER, DATA_TYPE_ID, DATA_SIZE, DATA_SCALE, PRIMARY_KEY, UNIQUE_KEY, NULLABLE, DEFAULT_VALUE, SEQUENTIAL_ID, MINIMUM_VALUE, MAXIMUM_VALUE, SECURITY_LEVEL, READONLY, HIDDEN, DESCRIPTION, LABEL, TOOLTIP, MASK, VALIDATION, CALCULATION) values ('ALL', 'ENTITY_FIELD', 'DESCRIPTION', 17, 'String', 100, 0, '0', '0', '1', null, null, null, null, 0, '0', '0', 'Description of field', 'description', null, null, null, null);
insert into ENTITY_FIELD (COMPANY_ID, TABLE_ID, FIELD_ID, FIELD_ORDER, DATA_TYPE_ID, DATA_SIZE, DATA_SCALE, PRIMARY_KEY, UNIQUE_KEY, NULLABLE, DEFAULT_VALUE, SEQUENTIAL_ID, MINIMUM_VALUE, MAXIMUM_VALUE, SECURITY_LEVEL, READONLY, HIDDEN, DESCRIPTION, LABEL, TOOLTIP, MASK, VALIDATION, CALCULATION) values ('ALL', 'ENTITY_FIELD', 'FIELD_ID', 2, 'String', 30, 0, '1', '1', '0', null, null, null, null, 0, '0', '0', 'Field Id', 'fieldId', null, null, null, null);
insert into ENTITY_FIELD (COMPANY_ID, TABLE_ID, FIELD_ID, FIELD_ORDER, DATA_TYPE_ID, DATA_SIZE, DATA_SCALE, PRIMARY_KEY, UNIQUE_KEY, NULLABLE, DEFAULT_VALUE, SEQUENTIAL_ID, MINIMUM_VALUE, MAXIMUM_VALUE, SECURITY_LEVEL, READONLY, HIDDEN, DESCRIPTION, LABEL, TOOLTIP, MASK, VALIDATION, CALCULATION) values ('ALL', 'ENTITY_FIELD', 'FIELD_ORDER', 3, 'Integer', 3, 0, '0', '1', '0', null, null, null, null, 0, '0', '0', 'Field order', 'fieldOrder', null, null, null, null);
insert into ENTITY_FIELD (COMPANY_ID, TABLE_ID, FIELD_ID, FIELD_ORDER, DATA_TYPE_ID, DATA_SIZE, DATA_SCALE, PRIMARY_KEY, UNIQUE_KEY, NULLABLE, DEFAULT_VALUE, SEQUENTIAL_ID, MINIMUM_VALUE, MAXIMUM_VALUE, SECURITY_LEVEL, READONLY, HIDDEN, DESCRIPTION, LABEL, TOOLTIP, MASK, VALIDATION, CALCULATION) values ('ALL', 'ENTITY_FIELD', 'HIDDEN', 16, 'Boolean', 1, 0, '0', '0', '0', '0', null, null, null, 0, '0', '0', 'Hidden of field', 'hidden', null, null, null, null);
insert into ENTITY_FIELD (COMPANY_ID, TABLE_ID, FIELD_ID, FIELD_ORDER, DATA_TYPE_ID, DATA_SIZE, DATA_SCALE, PRIMARY_KEY, UNIQUE_KEY, NULLABLE, DEFAULT_VALUE, SEQUENTIAL_ID, MINIMUM_VALUE, MAXIMUM_VALUE, SECURITY_LEVEL, READONLY, HIDDEN, DESCRIPTION, LABEL, TOOLTIP, MASK, VALIDATION, CALCULATION) values ('ALL', 'ENTITY_FIELD', 'LABEL', 18, 'String', 100, 0, '0', '0', '1', null, null, null, null, 0, '0', '0', 'Label of field', 'label', null, null, null, null);
insert into ENTITY_FIELD (COMPANY_ID, TABLE_ID, FIELD_ID, FIELD_ORDER, DATA_TYPE_ID, DATA_SIZE, DATA_SCALE, PRIMARY_KEY, UNIQUE_KEY, NULLABLE, DEFAULT_VALUE, SEQUENTIAL_ID, MINIMUM_VALUE, MAXIMUM_VALUE, SECURITY_LEVEL, READONLY, HIDDEN, DESCRIPTION, LABEL, TOOLTIP, MASK, VALIDATION, CALCULATION) values ('ALL', 'ENTITY_FIELD', 'MASK', 20, 'String', 100, 0, '0', '0', '1', null, null, null, null, 0, '0', '0', 'Mask of field', 'mask', null, null, null, null);
insert into ENTITY_FIELD (COMPANY_ID, TABLE_ID, FIELD_ID, FIELD_ORDER, DATA_TYPE_ID, DATA_SIZE, DATA_SCALE, PRIMARY_KEY, UNIQUE_KEY, NULLABLE, DEFAULT_VALUE, SEQUENTIAL_ID, MINIMUM_VALUE, MAXIMUM_VALUE, SECURITY_LEVEL, READONLY, HIDDEN, DESCRIPTION, LABEL, TOOLTIP, MASK, VALIDATION, CALCULATION) values ('ALL', 'ENTITY_FIELD', 'MAXIMUM_VALUE', 13, 'String', 30, 0, '0', '0', '1', null, null, null, null, 0, '0', '0', 'Maximum value of field', 'maximumValue', null, null, null, null);
insert into ENTITY_FIELD (COMPANY_ID, TABLE_ID, FIELD_ID, FIELD_ORDER, DATA_TYPE_ID, DATA_SIZE, DATA_SCALE, PRIMARY_KEY, UNIQUE_KEY, NULLABLE, DEFAULT_VALUE, SEQUENTIAL_ID, MINIMUM_VALUE, MAXIMUM_VALUE, SECURITY_LEVEL, READONLY, HIDDEN, DESCRIPTION, LABEL, TOOLTIP, MASK, VALIDATION, CALCULATION) values ('ALL', 'ENTITY_FIELD', 'MINIMUM_VALUE', 12, 'String', 30, 0, '0', '0', '1', null, null, null, null, 0, '0', '0', 'Minimum value of field', 'minimumValue', null, null, null, null);
insert into ENTITY_FIELD (COMPANY_ID, TABLE_ID, FIELD_ID, FIELD_ORDER, DATA_TYPE_ID, DATA_SIZE, DATA_SCALE, PRIMARY_KEY, UNIQUE_KEY, NULLABLE, DEFAULT_VALUE, SEQUENTIAL_ID, MINIMUM_VALUE, MAXIMUM_VALUE, SECURITY_LEVEL, READONLY, HIDDEN, DESCRIPTION, LABEL, TOOLTIP, MASK, VALIDATION, CALCULATION) values ('ALL', 'ENTITY_FIELD', 'NULLABLE', 9, 'Boolean', 1, 0, '0', '0', '0', '0', null, null, null, 0, '0', '0', 'Nullable', 'nullable', null, null, null, null);
insert into ENTITY_FIELD (COMPANY_ID, TABLE_ID, FIELD_ID, FIELD_ORDER, DATA_TYPE_ID, DATA_SIZE, DATA_SCALE, PRIMARY_KEY, UNIQUE_KEY, NULLABLE, DEFAULT_VALUE, SEQUENTIAL_ID, MINIMUM_VALUE, MAXIMUM_VALUE, SECURITY_LEVEL, READONLY, HIDDEN, DESCRIPTION, LABEL, TOOLTIP, MASK, VALIDATION, CALCULATION) values ('ALL', 'ENTITY_FIELD', 'PRIMARY_KEY', 7, 'Boolean', 1, 0, '0', '0', '0', '0', null, null, null, 0, '0', '0', 'Primary key', 'primaryKey', null, null, null, null);
insert into ENTITY_FIELD (COMPANY_ID, TABLE_ID, FIELD_ID, FIELD_ORDER, DATA_TYPE_ID, DATA_SIZE, DATA_SCALE, PRIMARY_KEY, UNIQUE_KEY, NULLABLE, DEFAULT_VALUE, SEQUENTIAL_ID, MINIMUM_VALUE, MAXIMUM_VALUE, SECURITY_LEVEL, READONLY, HIDDEN, DESCRIPTION, LABEL, TOOLTIP, MASK, VALIDATION, CALCULATION) values ('ALL', 'ENTITY_FIELD', 'READONLY', 15, 'Boolean', 1, 0, '0', '0', '0', '0', null, null, null, 0, '0', '0', 'Read only of field', 'readOnly', null, null, null, null);
insert into ENTITY_FIELD (COMPANY_ID, TABLE_ID, FIELD_ID, FIELD_ORDER, DATA_TYPE_ID, DATA_SIZE, DATA_SCALE, PRIMARY_KEY, UNIQUE_KEY, NULLABLE, DEFAULT_VALUE, SEQUENTIAL_ID, MINIMUM_VALUE, MAXIMUM_VALUE, SECURITY_LEVEL, READONLY, HIDDEN, DESCRIPTION, LABEL, TOOLTIP, MASK, VALIDATION, CALCULATION) values ('ALL', 'ENTITY_FIELD', 'SECURITY_LEVEL', 14, 'Integer', 3, 0, '0', '0', '0', '0', null, null, null, 0, '0', '0', 'Security level of field', 'securityLevel', null, null, null, null);
insert into ENTITY_FIELD (COMPANY_ID, TABLE_ID, FIELD_ID, FIELD_ORDER, DATA_TYPE_ID, DATA_SIZE, DATA_SCALE, PRIMARY_KEY, UNIQUE_KEY, NULLABLE, DEFAULT_VALUE, SEQUENTIAL_ID, MINIMUM_VALUE, MAXIMUM_VALUE, SECURITY_LEVEL, READONLY, HIDDEN, DESCRIPTION, LABEL, TOOLTIP, MASK, VALIDATION, CALCULATION) values ('ALL', 'ENTITY_FIELD', 'SEQUENTIAL_ID', 11, 'String', 30, 0, '0', '0', '1', null, null, null, null, 0, '0', '0', 'Sequential Id of field', 'sequentialId', null, null, null, null);
insert into ENTITY_FIELD (COMPANY_ID, TABLE_ID, FIELD_ID, FIELD_ORDER, DATA_TYPE_ID, DATA_SIZE, DATA_SCALE, PRIMARY_KEY, UNIQUE_KEY, NULLABLE, DEFAULT_VALUE, SEQUENTIAL_ID, MINIMUM_VALUE, MAXIMUM_VALUE, SECURITY_LEVEL, READONLY, HIDDEN, DESCRIPTION, LABEL, TOOLTIP, MASK, VALIDATION, CALCULATION) values ('ALL', 'ENTITY_FIELD', 'TABLE_ID', 1, 'String', 30, 0, '1', '1', '0', null, null, null, null, 0, '0', '0', 'Table Id', 'tableId', null, null, null, null);
insert into ENTITY_FIELD (COMPANY_ID, TABLE_ID, FIELD_ID, FIELD_ORDER, DATA_TYPE_ID, DATA_SIZE, DATA_SCALE, PRIMARY_KEY, UNIQUE_KEY, NULLABLE, DEFAULT_VALUE, SEQUENTIAL_ID, MINIMUM_VALUE, MAXIMUM_VALUE, SECURITY_LEVEL, READONLY, HIDDEN, DESCRIPTION, LABEL, TOOLTIP, MASK, VALIDATION, CALCULATION) values ('ALL', 'ENTITY_FIELD', 'TOOLTIP', 19, 'String', 100, 0, '0', '0', '1', null, null, null, null, 0, '0', '0', 'Tooltip of field', 'tooltip', null, null, null, null);
insert into ENTITY_FIELD (COMPANY_ID, TABLE_ID, FIELD_ID, FIELD_ORDER, DATA_TYPE_ID, DATA_SIZE, DATA_SCALE, PRIMARY_KEY, UNIQUE_KEY, NULLABLE, DEFAULT_VALUE, SEQUENTIAL_ID, MINIMUM_VALUE, MAXIMUM_VALUE, SECURITY_LEVEL, READONLY, HIDDEN, DESCRIPTION, LABEL, TOOLTIP, MASK, VALIDATION, CALCULATION) values ('ALL', 'ENTITY_FIELD', 'UNIQUE_KEY', 8, 'Boolean', 1, 0, '0', '0', '0', '0', null, null, null, 0, '0', '0', 'Unique key', 'uniqueKey', null, null, null, null);
insert into ENTITY_FIELD (COMPANY_ID, TABLE_ID, FIELD_ID, FIELD_ORDER, DATA_TYPE_ID, DATA_SIZE, DATA_SCALE, PRIMARY_KEY, UNIQUE_KEY, NULLABLE, DEFAULT_VALUE, SEQUENTIAL_ID, MINIMUM_VALUE, MAXIMUM_VALUE, SECURITY_LEVEL, READONLY, HIDDEN, DESCRIPTION, LABEL, TOOLTIP, MASK, VALIDATION, CALCULATION) values ('ALL', 'ENTITY_FIELD', 'VALIDATION', 21, 'String', 100, 0, '0', '0', '1', null, null, null, null, 0, '0', '0', 'Validation of field', 'validation', null, null, null, null);
insert into ENTITY_FIELD (COMPANY_ID, TABLE_ID, FIELD_ID, FIELD_ORDER, DATA_TYPE_ID, DATA_SIZE, DATA_SCALE, PRIMARY_KEY, UNIQUE_KEY, NULLABLE, DEFAULT_VALUE, SEQUENTIAL_ID, MINIMUM_VALUE, MAXIMUM_VALUE, SECURITY_LEVEL, READONLY, HIDDEN, DESCRIPTION, LABEL, TOOLTIP, MASK, VALIDATION, CALCULATION) values ('ALL', 'ENTITY_RELATIONSHIP', 'FIELD_FROM', 4, 'String', 30, 0, '0', '0', '0', null, null, null, null, 0, '0', '0', 'Field from', 'fieldFrom', null, null, null, null);
insert into ENTITY_FIELD (COMPANY_ID, TABLE_ID, FIELD_ID, FIELD_ORDER, DATA_TYPE_ID, DATA_SIZE, DATA_SCALE, PRIMARY_KEY, UNIQUE_KEY, NULLABLE, DEFAULT_VALUE, SEQUENTIAL_ID, MINIMUM_VALUE, MAXIMUM_VALUE, SECURITY_LEVEL, READONLY, HIDDEN, DESCRIPTION, LABEL, TOOLTIP, MASK, VALIDATION, CALCULATION) values ('ALL', 'ENTITY_RELATIONSHIP', 'FIELD_TO', 6, 'String', 30, 0, '0', '0', '0', null, null, null, null, 0, '0', '0', 'Filed to', 'fieldTo', null, null, null, null);
insert into ENTITY_FIELD (COMPANY_ID, TABLE_ID, FIELD_ID, FIELD_ORDER, DATA_TYPE_ID, DATA_SIZE, DATA_SCALE, PRIMARY_KEY, UNIQUE_KEY, NULLABLE, DEFAULT_VALUE, SEQUENTIAL_ID, MINIMUM_VALUE, MAXIMUM_VALUE, SECURITY_LEVEL, READONLY, HIDDEN, DESCRIPTION, LABEL, TOOLTIP, MASK, VALIDATION, CALCULATION) values ('ALL', 'ENTITY_RELATIONSHIP', 'RELATIONSHIP_ID', 1, 'String', 30, 0, '1', '0', '0', null, null, null, null, 0, '0', '0', 'Relationship order', 'relationshipOrder', null, null, null, null);
insert into ENTITY_FIELD (COMPANY_ID, TABLE_ID, FIELD_ID, FIELD_ORDER, DATA_TYPE_ID, DATA_SIZE, DATA_SCALE, PRIMARY_KEY, UNIQUE_KEY, NULLABLE, DEFAULT_VALUE, SEQUENTIAL_ID, MINIMUM_VALUE, MAXIMUM_VALUE, SECURITY_LEVEL, READONLY, HIDDEN, DESCRIPTION, LABEL, TOOLTIP, MASK, VALIDATION, CALCULATION) values ('ALL', 'ENTITY_RELATIONSHIP', 'RELATIONSHIP_ORDER', 2, 'Integer', 3, 0, '1', '0', '0', null, null, null, null, 0, '0', '0', 'Field order', 'fieldOrder', null, null, null, null);
insert into ENTITY_FIELD (COMPANY_ID, TABLE_ID, FIELD_ID, FIELD_ORDER, DATA_TYPE_ID, DATA_SIZE, DATA_SCALE, PRIMARY_KEY, UNIQUE_KEY, NULLABLE, DEFAULT_VALUE, SEQUENTIAL_ID, MINIMUM_VALUE, MAXIMUM_VALUE, SECURITY_LEVEL, READONLY, HIDDEN, DESCRIPTION, LABEL, TOOLTIP, MASK, VALIDATION, CALCULATION) values ('ALL', 'ENTITY_RELATIONSHIP', 'TABLE_FROM', 3, 'String', 30, 0, '0', '0', '0', null, null, null, null, 0, '0', '0', 'Table from', 'tableFrom', null, null, null, null);
insert into ENTITY_FIELD (COMPANY_ID, TABLE_ID, FIELD_ID, FIELD_ORDER, DATA_TYPE_ID, DATA_SIZE, DATA_SCALE, PRIMARY_KEY, UNIQUE_KEY, NULLABLE, DEFAULT_VALUE, SEQUENTIAL_ID, MINIMUM_VALUE, MAXIMUM_VALUE, SECURITY_LEVEL, READONLY, HIDDEN, DESCRIPTION, LABEL, TOOLTIP, MASK, VALIDATION, CALCULATION) values ('ALL', 'ENTITY_RELATIONSHIP', 'TABLE_TO', 5, 'String', 30, 0, '0', '0', '0', null, null, null, null, 0, '0', '0', 'Table to', 'tableTo', null, null, null, null);
insert into ENTITY_FIELD (COMPANY_ID, TABLE_ID, FIELD_ID, FIELD_ORDER, DATA_TYPE_ID, DATA_SIZE, DATA_SCALE, PRIMARY_KEY, UNIQUE_KEY, NULLABLE, DEFAULT_VALUE, SEQUENTIAL_ID, MINIMUM_VALUE, MAXIMUM_VALUE, SECURITY_LEVEL, READONLY, HIDDEN, DESCRIPTION, LABEL, TOOLTIP, MASK, VALIDATION, CALCULATION) values ('ALL', 'ENTITY_TABLE', 'CACHE_MEMORY', 9, 'Boolean', 1, 0, '0', '0', '0', '0', null, null, null, 0, '0', '0', 'Cache memory of entity', 'cacheMemory', null, null, null, null);
insert into ENTITY_FIELD (COMPANY_ID, TABLE_ID, FIELD_ID, FIELD_ORDER, DATA_TYPE_ID, DATA_SIZE, DATA_SCALE, PRIMARY_KEY, UNIQUE_KEY, NULLABLE, DEFAULT_VALUE, SEQUENTIAL_ID, MINIMUM_VALUE, MAXIMUM_VALUE, SECURITY_LEVEL, READONLY, HIDDEN, DESCRIPTION, LABEL, TOOLTIP, MASK, VALIDATION, CALCULATION) values ('ALL', 'ENTITY_TABLE', 'DESCRIPTION', 10, 'String', 100, 0, '0', '0', '0', null, null, null, null, 0, '0', '0', 'Description of entity', 'description', null, null, null, null);
insert into ENTITY_FIELD (COMPANY_ID, TABLE_ID, FIELD_ID, FIELD_ORDER, DATA_TYPE_ID, DATA_SIZE, DATA_SCALE, PRIMARY_KEY, UNIQUE_KEY, NULLABLE, DEFAULT_VALUE, SEQUENTIAL_ID, MINIMUM_VALUE, MAXIMUM_VALUE, SECURITY_LEVEL, READONLY, HIDDEN, DESCRIPTION, LABEL, TOOLTIP, MASK, VALIDATION, CALCULATION) values ('ALL', 'ENTITY_TABLE', 'ENUMERATED_TYPES', 8, 'Boolean', 1, 0, '0', '0', '0', '0', null, null, null, 0, '0', '0', 'Enumerated type of entity', 'enumeratedType', null, null, null, null);
insert into ENTITY_FIELD (COMPANY_ID, TABLE_ID, FIELD_ID, FIELD_ORDER, DATA_TYPE_ID, DATA_SIZE, DATA_SCALE, PRIMARY_KEY, UNIQUE_KEY, NULLABLE, DEFAULT_VALUE, SEQUENTIAL_ID, MINIMUM_VALUE, MAXIMUM_VALUE, SECURITY_LEVEL, READONLY, HIDDEN, DESCRIPTION, LABEL, TOOLTIP, MASK, VALIDATION, CALCULATION) values ('ALL', 'ENTITY_TABLE', 'HAS_TABLE_ID', 2, 'Boolean', 1, 0, '0', '0', '0', null, null, null, null, 0, '0', '0', 'Order of fields', 'order', null, null, null, null);
insert into ENTITY_FIELD (COMPANY_ID, TABLE_ID, FIELD_ID, FIELD_ORDER, DATA_TYPE_ID, DATA_SIZE, DATA_SCALE, PRIMARY_KEY, UNIQUE_KEY, NULLABLE, DEFAULT_VALUE, SEQUENTIAL_ID, MINIMUM_VALUE, MAXIMUM_VALUE, SECURITY_LEVEL, READONLY, HIDDEN, DESCRIPTION, LABEL, TOOLTIP, MASK, VALIDATION, CALCULATION) values ('ALL', 'ENTITY_TABLE', 'HISTORICAL_DATA', 6, 'Boolean', 1, 0, '0', '0', '0', '0', null, null, null, 0, '0', '0', 'Historical data of entity', 'historicalData', null, null, null, null);
insert into ENTITY_FIELD (COMPANY_ID, TABLE_ID, FIELD_ID, FIELD_ORDER, DATA_TYPE_ID, DATA_SIZE, DATA_SCALE, PRIMARY_KEY, UNIQUE_KEY, NULLABLE, DEFAULT_VALUE, SEQUENTIAL_ID, MINIMUM_VALUE, MAXIMUM_VALUE, SECURITY_LEVEL, READONLY, HIDDEN, DESCRIPTION, LABEL, TOOLTIP, MASK, VALIDATION, CALCULATION) values ('ALL', 'ENTITY_TABLE', 'MULTI_COMPANY', 4, 'Boolean', 1, 0, '0', '0', '0', '0', null, null, null, 0, '0', '0', 'Multi company of entity', 'multiCompany', null, null, null, null);
insert into ENTITY_FIELD (COMPANY_ID, TABLE_ID, FIELD_ID, FIELD_ORDER, DATA_TYPE_ID, DATA_SIZE, DATA_SCALE, PRIMARY_KEY, UNIQUE_KEY, NULLABLE, DEFAULT_VALUE, SEQUENTIAL_ID, MINIMUM_VALUE, MAXIMUM_VALUE, SECURITY_LEVEL, READONLY, HIDDEN, DESCRIPTION, LABEL, TOOLTIP, MASK, VALIDATION, CALCULATION) values ('ALL', 'ENTITY_TABLE', 'MULTI_LANGUAGE', 5, 'Boolean', 1, 0, '0', '0', '0', '0', null, null, null, 0, '0', '0', 'Multi language of entity', 'multiLanguage', null, null, null, null);
insert into ENTITY_FIELD (COMPANY_ID, TABLE_ID, FIELD_ID, FIELD_ORDER, DATA_TYPE_ID, DATA_SIZE, DATA_SCALE, PRIMARY_KEY, UNIQUE_KEY, NULLABLE, DEFAULT_VALUE, SEQUENTIAL_ID, MINIMUM_VALUE, MAXIMUM_VALUE, SECURITY_LEVEL, READONLY, HIDDEN, DESCRIPTION, LABEL, TOOLTIP, MASK, VALIDATION, CALCULATION) values ('ALL', 'ENTITY_TABLE', 'OPTIMISTIC_LOCKING', 7, 'Boolean', 1, 0, '0', '0', '0', '0', null, null, null, 0, '0', '0', 'Optimistic locking of entity', 'optimisticLocking', null, null, null, null);
insert into ENTITY_FIELD (COMPANY_ID, TABLE_ID, FIELD_ID, FIELD_ORDER, DATA_TYPE_ID, DATA_SIZE, DATA_SCALE, PRIMARY_KEY, UNIQUE_KEY, NULLABLE, DEFAULT_VALUE, SEQUENTIAL_ID, MINIMUM_VALUE, MAXIMUM_VALUE, SECURITY_LEVEL, READONLY, HIDDEN, DESCRIPTION, LABEL, TOOLTIP, MASK, VALIDATION, CALCULATION) values ('ALL', 'ENTITY_TABLE', 'PACKAGE_NAME', 3, 'String', 30, 0, '0', '0', '0', null, null, null, null, 0, '0', '0', 'Package name of entity', 'packageName', null, null, null, null);
insert into ENTITY_FIELD (COMPANY_ID, TABLE_ID, FIELD_ID, FIELD_ORDER, DATA_TYPE_ID, DATA_SIZE, DATA_SCALE, PRIMARY_KEY, UNIQUE_KEY, NULLABLE, DEFAULT_VALUE, SEQUENTIAL_ID, MINIMUM_VALUE, MAXIMUM_VALUE, SECURITY_LEVEL, READONLY, HIDDEN, DESCRIPTION, LABEL, TOOLTIP, MASK, VALIDATION, CALCULATION) values ('ALL', 'ENTITY_TABLE', 'TABLE_ID', 1, 'String', 30, 0, '1', '0', '0', null, null, null, null, 0, '0', '0', 'Table Id', 'tableId', null, null, null, null);
insert into ENTITY_FIELD (COMPANY_ID, TABLE_ID, FIELD_ID, FIELD_ORDER, DATA_TYPE_ID, DATA_SIZE, DATA_SCALE, PRIMARY_KEY, UNIQUE_KEY, NULLABLE, DEFAULT_VALUE, SEQUENTIAL_ID, MINIMUM_VALUE, MAXIMUM_VALUE, SECURITY_LEVEL, READONLY, HIDDEN, DESCRIPTION, LABEL, TOOLTIP, MASK, VALIDATION, CALCULATION) values ('ALL', 'GENDER_TYPE', 'GENDER_TYPE_ID', 1, 'String', 4, 0, '1', '0', '0', null, null, null, null, 0, '0', '0', 'Gender type Id', 'genderTypeId', null, null, null, null);
insert into ENTITY_FIELD (COMPANY_ID, TABLE_ID, FIELD_ID, FIELD_ORDER, DATA_TYPE_ID, DATA_SIZE, DATA_SCALE, PRIMARY_KEY, UNIQUE_KEY, NULLABLE, DEFAULT_VALUE, SEQUENTIAL_ID, MINIMUM_VALUE, MAXIMUM_VALUE, SECURITY_LEVEL, READONLY, HIDDEN, DESCRIPTION, LABEL, TOOLTIP, MASK, VALIDATION, CALCULATION) values ('ALL', 'GENDER_TYPE', 'NAME', 2, 'String', 40, 0, '0', '0', '0', null, null, null, null, 0, '0', '0', 'Name of gender', 'name', null, null, null, null);
insert into ENTITY_FIELD (COMPANY_ID, TABLE_ID, FIELD_ID, FIELD_ORDER, DATA_TYPE_ID, DATA_SIZE, DATA_SCALE, PRIMARY_KEY, UNIQUE_KEY, NULLABLE, DEFAULT_VALUE, SEQUENTIAL_ID, MINIMUM_VALUE, MAXIMUM_VALUE, SECURITY_LEVEL, READONLY, HIDDEN, DESCRIPTION, LABEL, TOOLTIP, MASK, VALIDATION, CALCULATION) values ('ALL', 'HOST', 'ADDRESS', 2, 'String', 60, 0, '0', '0', '0', null, null, null, null, 0, '0', '0', 'Address', 'address', null, null, null, null);
insert into ENTITY_FIELD (COMPANY_ID, TABLE_ID, FIELD_ID, FIELD_ORDER, DATA_TYPE_ID, DATA_SIZE, DATA_SCALE, PRIMARY_KEY, UNIQUE_KEY, NULLABLE, DEFAULT_VALUE, SEQUENTIAL_ID, MINIMUM_VALUE, MAXIMUM_VALUE, SECURITY_LEVEL, READONLY, HIDDEN, DESCRIPTION, LABEL, TOOLTIP, MASK, VALIDATION, CALCULATION) values ('ALL', 'HOST', 'HOST_ID', 1, 'String', 40, 0, '1', '0', '0', null, null, null, null, 0, '0', '0', 'Host Id', 'hostId', null, null, null, null);
insert into ENTITY_FIELD (COMPANY_ID, TABLE_ID, FIELD_ID, FIELD_ORDER, DATA_TYPE_ID, DATA_SIZE, DATA_SCALE, PRIMARY_KEY, UNIQUE_KEY, NULLABLE, DEFAULT_VALUE, SEQUENTIAL_ID, MINIMUM_VALUE, MAXIMUM_VALUE, SECURITY_LEVEL, READONLY, HIDDEN, DESCRIPTION, LABEL, TOOLTIP, MASK, VALIDATION, CALCULATION) values ('ALL', 'HOST', 'TIME_ZONE', 6, 'String', 4, 0, '0', '0', '1', null, null, null, null, 0, '0', '0', 'Time zone', 'timeZone', null, null, null, null);
insert into ENTITY_FIELD (COMPANY_ID, TABLE_ID, FIELD_ID, FIELD_ORDER, DATA_TYPE_ID, DATA_SIZE, DATA_SCALE, PRIMARY_KEY, UNIQUE_KEY, NULLABLE, DEFAULT_VALUE, SEQUENTIAL_ID, MINIMUM_VALUE, MAXIMUM_VALUE, SECURITY_LEVEL, READONLY, HIDDEN, DESCRIPTION, LABEL, TOOLTIP, MASK, VALIDATION, CALCULATION) values ('ALL', 'IDENTIFICATION_TYPE', 'IDENTIFICATION_TYPE_ID', 1, 'String', 4, 0, '1', '0', '0', null, null, null, null, 0, '0', '0', 'Identification type Id', 'identificationTypeId', null, null, null, null);
insert into ENTITY_FIELD (COMPANY_ID, TABLE_ID, FIELD_ID, FIELD_ORDER, DATA_TYPE_ID, DATA_SIZE, DATA_SCALE, PRIMARY_KEY, UNIQUE_KEY, NULLABLE, DEFAULT_VALUE, SEQUENTIAL_ID, MINIMUM_VALUE, MAXIMUM_VALUE, SECURITY_LEVEL, READONLY, HIDDEN, DESCRIPTION, LABEL, TOOLTIP, MASK, VALIDATION, CALCULATION) values ('ALL', 'IDENTIFICATION_TYPE', 'NAME', 2, 'String', 40, 0, '0', '0', '0', null, null, null, null, 0, '0', '0', 'Name of identification type', 'name', null, null, null, null);
insert into ENTITY_FIELD (COMPANY_ID, TABLE_ID, FIELD_ID, FIELD_ORDER, DATA_TYPE_ID, DATA_SIZE, DATA_SCALE, PRIMARY_KEY, UNIQUE_KEY, NULLABLE, DEFAULT_VALUE, SEQUENTIAL_ID, MINIMUM_VALUE, MAXIMUM_VALUE, SECURITY_LEVEL, READONLY, HIDDEN, DESCRIPTION, LABEL, TOOLTIP, MASK, VALIDATION, CALCULATION) values ('ALL', 'LANGUAGE', 'LANGUAGE_ID', 1, 'String', 4, 0, '1', '0', '0', null, null, null, null, 0, '0', '0', 'Language Id', 'languageId', null, null, null, null);
insert into ENTITY_FIELD (COMPANY_ID, TABLE_ID, FIELD_ID, FIELD_ORDER, DATA_TYPE_ID, DATA_SIZE, DATA_SCALE, PRIMARY_KEY, UNIQUE_KEY, NULLABLE, DEFAULT_VALUE, SEQUENTIAL_ID, MINIMUM_VALUE, MAXIMUM_VALUE, SECURITY_LEVEL, READONLY, HIDDEN, DESCRIPTION, LABEL, TOOLTIP, MASK, VALIDATION, CALCULATION) values ('ALL', 'LANGUAGE', 'NAME', 2, 'String', 40, 0, '0', '0', '0', null, null, null, null, 0, '0', '0', 'Name of language', 'name', null, null, null, null);
insert into ENTITY_FIELD (COMPANY_ID, TABLE_ID, FIELD_ID, FIELD_ORDER, DATA_TYPE_ID, DATA_SIZE, DATA_SCALE, PRIMARY_KEY, UNIQUE_KEY, NULLABLE, DEFAULT_VALUE, SEQUENTIAL_ID, MINIMUM_VALUE, MAXIMUM_VALUE, SECURITY_LEVEL, READONLY, HIDDEN, DESCRIPTION, LABEL, TOOLTIP, MASK, VALIDATION, CALCULATION) values ('ALL', 'MODULE', 'MODULE_ID', 2, 'String', 2, 0, '1', '0', '0', null, null, null, null, 0, '0', '0', 'Module Id', 'moduleId', null, null, null, null);
insert into ENTITY_FIELD (COMPANY_ID, TABLE_ID, FIELD_ID, FIELD_ORDER, DATA_TYPE_ID, DATA_SIZE, DATA_SCALE, PRIMARY_KEY, UNIQUE_KEY, NULLABLE, DEFAULT_VALUE, SEQUENTIAL_ID, MINIMUM_VALUE, MAXIMUM_VALUE, SECURITY_LEVEL, READONLY, HIDDEN, DESCRIPTION, LABEL, TOOLTIP, MASK, VALIDATION, CALCULATION) values ('ALL', 'MODULE', 'NAME', 3, 'String', 40, 0, '0', '0', '0', null, null, null, null, 0, '0', '0', 'Name of module', 'name', null, null, null, null);
insert into ENTITY_FIELD (COMPANY_ID, TABLE_ID, FIELD_ID, FIELD_ORDER, DATA_TYPE_ID, DATA_SIZE, DATA_SCALE, PRIMARY_KEY, UNIQUE_KEY, NULLABLE, DEFAULT_VALUE, SEQUENTIAL_ID, MINIMUM_VALUE, MAXIMUM_VALUE, SECURITY_LEVEL, READONLY, HIDDEN, DESCRIPTION, LABEL, TOOLTIP, MASK, VALIDATION, CALCULATION) values ('ALL', 'MODULE', 'SUBSYSTEM_ID', 1, 'String', 2, 0, '1', '0', '0', null, null, null, null, 0, '0', '0', 'Subsystem Id', 'subsystemId', null, null, null, null);
insert into ENTITY_FIELD (COMPANY_ID, TABLE_ID, FIELD_ID, FIELD_ORDER, DATA_TYPE_ID, DATA_SIZE, DATA_SCALE, PRIMARY_KEY, UNIQUE_KEY, NULLABLE, DEFAULT_VALUE, SEQUENTIAL_ID, MINIMUM_VALUE, MAXIMUM_VALUE, SECURITY_LEVEL, READONLY, HIDDEN, DESCRIPTION, LABEL, TOOLTIP, MASK, VALIDATION, CALCULATION) values ('ALL', 'PARAMETER', 'DATA_TYPE_ID', 3, 'String', 30, 0, '0', '0', '0', null, null, null, null, 0, '0', '0', 'Data type of parameter', 'dataType', null, null, null, null);
insert into ENTITY_FIELD (COMPANY_ID, TABLE_ID, FIELD_ID, FIELD_ORDER, DATA_TYPE_ID, DATA_SIZE, DATA_SCALE, PRIMARY_KEY, UNIQUE_KEY, NULLABLE, DEFAULT_VALUE, SEQUENTIAL_ID, MINIMUM_VALUE, MAXIMUM_VALUE, SECURITY_LEVEL, READONLY, HIDDEN, DESCRIPTION, LABEL, TOOLTIP, MASK, VALIDATION, CALCULATION) values ('ALL', 'PARAMETER', 'DESCRIPTION', 5, 'String', 100, 0, '0', '0', '0', null, null, null, null, 0, '0', '0', 'Description of parameter', 'description', null, null, null, null);
insert into ENTITY_FIELD (COMPANY_ID, TABLE_ID, FIELD_ID, FIELD_ORDER, DATA_TYPE_ID, DATA_SIZE, DATA_SCALE, PRIMARY_KEY, UNIQUE_KEY, NULLABLE, DEFAULT_VALUE, SEQUENTIAL_ID, MINIMUM_VALUE, MAXIMUM_VALUE, SECURITY_LEVEL, READONLY, HIDDEN, DESCRIPTION, LABEL, TOOLTIP, MASK, VALIDATION, CALCULATION) values ('ALL', 'PARAMETER', 'PARAMETER_ID', 1, 'String', 40, 0, '1', '0', '0', null, null, null, null, 0, '0', '0', 'Parameter Id', 'parameterId', null, null, null, null);
insert into ENTITY_FIELD (COMPANY_ID, TABLE_ID, FIELD_ID, FIELD_ORDER, DATA_TYPE_ID, DATA_SIZE, DATA_SCALE, PRIMARY_KEY, UNIQUE_KEY, NULLABLE, DEFAULT_VALUE, SEQUENTIAL_ID, MINIMUM_VALUE, MAXIMUM_VALUE, SECURITY_LEVEL, READONLY, HIDDEN, DESCRIPTION, LABEL, TOOLTIP, MASK, VALIDATION, CALCULATION) values ('ALL', 'PARAMETER', 'PARAMETER_VALUE', 4, 'String', 100, 0, '0', '0', '0', null, null, null, null, 0, '0', '0', 'Value of parameter', 'value', null, null, null, null);
insert into ENTITY_FIELD (COMPANY_ID, TABLE_ID, FIELD_ID, FIELD_ORDER, DATA_TYPE_ID, DATA_SIZE, DATA_SCALE, PRIMARY_KEY, UNIQUE_KEY, NULLABLE, DEFAULT_VALUE, SEQUENTIAL_ID, MINIMUM_VALUE, MAXIMUM_VALUE, SECURITY_LEVEL, READONLY, HIDDEN, DESCRIPTION, LABEL, TOOLTIP, MASK, VALIDATION, CALCULATION) values ('ALL', 'PARAMETER', 'SUBSYSTEM_ID', 2, 'String', 2, 0, '0', '0', '0', null, null, null, null, 0, '0', '0', 'Subsystem Id', 'subsystemId', null, null, null, null);
insert into ENTITY_FIELD (COMPANY_ID, TABLE_ID, FIELD_ID, FIELD_ORDER, DATA_TYPE_ID, DATA_SIZE, DATA_SCALE, PRIMARY_KEY, UNIQUE_KEY, NULLABLE, DEFAULT_VALUE, SEQUENTIAL_ID, MINIMUM_VALUE, MAXIMUM_VALUE, SECURITY_LEVEL, READONLY, HIDDEN, DESCRIPTION, LABEL, TOOLTIP, MASK, VALIDATION, CALCULATION) values ('ALL', 'PERSON', 'CITY_ID', 12, 'String', 3, 0, '0', '0', '1', null, null, null, null, 0, '0', '0', 'City Id', 'cityId', null, null, null, null);
insert into ENTITY_FIELD (COMPANY_ID, TABLE_ID, FIELD_ID, FIELD_ORDER, DATA_TYPE_ID, DATA_SIZE, DATA_SCALE, PRIMARY_KEY, UNIQUE_KEY, NULLABLE, DEFAULT_VALUE, SEQUENTIAL_ID, MINIMUM_VALUE, MAXIMUM_VALUE, SECURITY_LEVEL, READONLY, HIDDEN, DESCRIPTION, LABEL, TOOLTIP, MASK, VALIDATION, CALCULATION) values ('ALL', 'PERSON', 'CIVIL_STATUS_ID', 9, 'String', 4, 0, '0', '0', '0', null, null, null, null, 0, '0', '0', 'Civil type status Id', 'civilStatusId', null, null, null, null);
insert into ENTITY_FIELD (COMPANY_ID, TABLE_ID, FIELD_ID, FIELD_ORDER, DATA_TYPE_ID, DATA_SIZE, DATA_SCALE, PRIMARY_KEY, UNIQUE_KEY, NULLABLE, DEFAULT_VALUE, SEQUENTIAL_ID, MINIMUM_VALUE, MAXIMUM_VALUE, SECURITY_LEVEL, READONLY, HIDDEN, DESCRIPTION, LABEL, TOOLTIP, MASK, VALIDATION, CALCULATION) values ('ALL', 'PERSON', 'COUNTRY_ID', 10, 'String', 2, 0, '0', '0', '0', null, null, null, null, 0, '0', '0', 'Country Id', 'countryId', null, null, null, null);
insert into ENTITY_FIELD (COMPANY_ID, TABLE_ID, FIELD_ID, FIELD_ORDER, DATA_TYPE_ID, DATA_SIZE, DATA_SCALE, PRIMARY_KEY, UNIQUE_KEY, NULLABLE, DEFAULT_VALUE, SEQUENTIAL_ID, MINIMUM_VALUE, MAXIMUM_VALUE, SECURITY_LEVEL, READONLY, HIDDEN, DESCRIPTION, LABEL, TOOLTIP, MASK, VALIDATION, CALCULATION) values ('ALL', 'PERSON', 'DATE_OF_BIRTH', 7, 'Date', 0, 0, '0', '0', '0', null, null, null, null, 0, '0', '0', 'Date of birth', 'dateOfBirth', null, null, null, null);
insert into ENTITY_FIELD (COMPANY_ID, TABLE_ID, FIELD_ID, FIELD_ORDER, DATA_TYPE_ID, DATA_SIZE, DATA_SCALE, PRIMARY_KEY, UNIQUE_KEY, NULLABLE, DEFAULT_VALUE, SEQUENTIAL_ID, MINIMUM_VALUE, MAXIMUM_VALUE, SECURITY_LEVEL, READONLY, HIDDEN, DESCRIPTION, LABEL, TOOLTIP, MASK, VALIDATION, CALCULATION) values ('ALL', 'PERSON', 'GENDER_TYPE_ID', 8, 'String', 4, 0, '0', '0', '0', null, null, null, null, 0, '0', '0', 'Gender type Id', 'genderTypeId', null, null, null, null);
insert into ENTITY_FIELD (COMPANY_ID, TABLE_ID, FIELD_ID, FIELD_ORDER, DATA_TYPE_ID, DATA_SIZE, DATA_SCALE, PRIMARY_KEY, UNIQUE_KEY, NULLABLE, DEFAULT_VALUE, SEQUENTIAL_ID, MINIMUM_VALUE, MAXIMUM_VALUE, SECURITY_LEVEL, READONLY, HIDDEN, DESCRIPTION, LABEL, TOOLTIP, MASK, VALIDATION, CALCULATION) values ('ALL', 'PERSON', 'IDENTIFICATION_NUMBER', 6, 'String', 40, 0, '0', '0', '0', null, null, null, null, 0, '0', '0', 'Identification number', 'identificationNumber', null, null, null, null);
insert into ENTITY_FIELD (COMPANY_ID, TABLE_ID, FIELD_ID, FIELD_ORDER, DATA_TYPE_ID, DATA_SIZE, DATA_SCALE, PRIMARY_KEY, UNIQUE_KEY, NULLABLE, DEFAULT_VALUE, SEQUENTIAL_ID, MINIMUM_VALUE, MAXIMUM_VALUE, SECURITY_LEVEL, READONLY, HIDDEN, DESCRIPTION, LABEL, TOOLTIP, MASK, VALIDATION, CALCULATION) values ('ALL', 'PERSON', 'IDENTIFICATION_TYPE_ID', 5, 'String', 4, 0, '0', '0', '0', null, null, null, null, 0, '0', '0', 'Identification type Id', 'identificationTypeId', null, null, null, null);
insert into ENTITY_FIELD (COMPANY_ID, TABLE_ID, FIELD_ID, FIELD_ORDER, DATA_TYPE_ID, DATA_SIZE, DATA_SCALE, PRIMARY_KEY, UNIQUE_KEY, NULLABLE, DEFAULT_VALUE, SEQUENTIAL_ID, MINIMUM_VALUE, MAXIMUM_VALUE, SECURITY_LEVEL, READONLY, HIDDEN, DESCRIPTION, LABEL, TOOLTIP, MASK, VALIDATION, CALCULATION) values ('ALL', 'PERSON', 'LAST_NAME', 3, 'String', 40, 0, '0', '0', '0', null, null, null, null, 0, '0', '0', 'Lastname of person', 'lastname', null, null, null, null);
insert into ENTITY_FIELD (COMPANY_ID, TABLE_ID, FIELD_ID, FIELD_ORDER, DATA_TYPE_ID, DATA_SIZE, DATA_SCALE, PRIMARY_KEY, UNIQUE_KEY, NULLABLE, DEFAULT_VALUE, SEQUENTIAL_ID, MINIMUM_VALUE, MAXIMUM_VALUE, SECURITY_LEVEL, READONLY, HIDDEN, DESCRIPTION, LABEL, TOOLTIP, MASK, VALIDATION, CALCULATION) values ('ALL', 'PERSON', 'NAME', 2, 'String', 40, 0, '0', '0', '0', null, null, null, null, 0, '0', '0', 'Name of person', 'name', null, null, null, null);
insert into ENTITY_FIELD (COMPANY_ID, TABLE_ID, FIELD_ID, FIELD_ORDER, DATA_TYPE_ID, DATA_SIZE, DATA_SCALE, PRIMARY_KEY, UNIQUE_KEY, NULLABLE, DEFAULT_VALUE, SEQUENTIAL_ID, MINIMUM_VALUE, MAXIMUM_VALUE, SECURITY_LEVEL, READONLY, HIDDEN, DESCRIPTION, LABEL, TOOLTIP, MASK, VALIDATION, CALCULATION) values ('ALL', 'PERSON', 'PERSON_ID', 1, 'Long', 10, 0, '1', '0', '0', null, null, null, null, 0, '0', '0', 'Person Id', 'personId', null, null, null, null);
insert into ENTITY_FIELD (COMPANY_ID, TABLE_ID, FIELD_ID, FIELD_ORDER, DATA_TYPE_ID, DATA_SIZE, DATA_SCALE, PRIMARY_KEY, UNIQUE_KEY, NULLABLE, DEFAULT_VALUE, SEQUENTIAL_ID, MINIMUM_VALUE, MAXIMUM_VALUE, SECURITY_LEVEL, READONLY, HIDDEN, DESCRIPTION, LABEL, TOOLTIP, MASK, VALIDATION, CALCULATION) values ('ALL', 'PERSON', 'PROFESSION_TYPE_ID', 13, 'String', 4, 0, '0', '0', '1', null, null, null, null, 0, '0', '0', 'Profession type Id', 'professionTypeId', null, null, null, null);
insert into ENTITY_FIELD (COMPANY_ID, TABLE_ID, FIELD_ID, FIELD_ORDER, DATA_TYPE_ID, DATA_SIZE, DATA_SCALE, PRIMARY_KEY, UNIQUE_KEY, NULLABLE, DEFAULT_VALUE, SEQUENTIAL_ID, MINIMUM_VALUE, MAXIMUM_VALUE, SECURITY_LEVEL, READONLY, HIDDEN, DESCRIPTION, LABEL, TOOLTIP, MASK, VALIDATION, CALCULATION) values ('ALL', 'PERSON', 'PROVINCE_ID', 11, 'String', 2, 0, '0', '0', '1', null, null, null, null, 0, '0', '0', 'Province Id', 'provinceId', null, null, null, null);
insert into ENTITY_FIELD (COMPANY_ID, TABLE_ID, FIELD_ID, FIELD_ORDER, DATA_TYPE_ID, DATA_SIZE, DATA_SCALE, PRIMARY_KEY, UNIQUE_KEY, NULLABLE, DEFAULT_VALUE, SEQUENTIAL_ID, MINIMUM_VALUE, MAXIMUM_VALUE, SECURITY_LEVEL, READONLY, HIDDEN, DESCRIPTION, LABEL, TOOLTIP, MASK, VALIDATION, CALCULATION) values ('ALL', 'PERSON', 'SECOND_LAST_NAME', 4, 'String', 40, 0, '0', '0', '1', null, null, null, null, 0, '0', '0', 'Second lastname of person', 'secondLastname', null, null, null, null);
insert into ENTITY_FIELD (COMPANY_ID, TABLE_ID, FIELD_ID, FIELD_ORDER, DATA_TYPE_ID, DATA_SIZE, DATA_SCALE, PRIMARY_KEY, UNIQUE_KEY, NULLABLE, DEFAULT_VALUE, SEQUENTIAL_ID, MINIMUM_VALUE, MAXIMUM_VALUE, SECURITY_LEVEL, READONLY, HIDDEN, DESCRIPTION, LABEL, TOOLTIP, MASK, VALIDATION, CALCULATION) values ('ALL', 'PERSON_ADDRESS', 'ADDRESS_MAP', 12, 'String', 40, 0, '0', '0', '1', null, null, null, null, 0, '0', '0', 'Address map', 'addressMap', null, null, null, null);
insert into ENTITY_FIELD (COMPANY_ID, TABLE_ID, FIELD_ID, FIELD_ORDER, DATA_TYPE_ID, DATA_SIZE, DATA_SCALE, PRIMARY_KEY, UNIQUE_KEY, NULLABLE, DEFAULT_VALUE, SEQUENTIAL_ID, MINIMUM_VALUE, MAXIMUM_VALUE, SECURITY_LEVEL, READONLY, HIDDEN, DESCRIPTION, LABEL, TOOLTIP, MASK, VALIDATION, CALCULATION) values ('ALL', 'PERSON_ADDRESS', 'ADDRESS_NUMBER', 5, 'String', 40, 0, '0', '0', '0', null, null, null, null, 0, '0', '0', 'Address number', 'addressNumber', null, null, null, null);
insert into ENTITY_FIELD (COMPANY_ID, TABLE_ID, FIELD_ID, FIELD_ORDER, DATA_TYPE_ID, DATA_SIZE, DATA_SCALE, PRIMARY_KEY, UNIQUE_KEY, NULLABLE, DEFAULT_VALUE, SEQUENTIAL_ID, MINIMUM_VALUE, MAXIMUM_VALUE, SECURITY_LEVEL, READONLY, HIDDEN, DESCRIPTION, LABEL, TOOLTIP, MASK, VALIDATION, CALCULATION) values ('ALL', 'PERSON_ADDRESS', 'ADDRESS_SEQUENCE', 2, 'Integer', 3, 0, '1', '0', '0', null, null, null, null, 0, '0', '0', 'Sequence of person address', 'sequence', null, null, null, null);
insert into ENTITY_FIELD (COMPANY_ID, TABLE_ID, FIELD_ID, FIELD_ORDER, DATA_TYPE_ID, DATA_SIZE, DATA_SCALE, PRIMARY_KEY, UNIQUE_KEY, NULLABLE, DEFAULT_VALUE, SEQUENTIAL_ID, MINIMUM_VALUE, MAXIMUM_VALUE, SECURITY_LEVEL, READONLY, HIDDEN, DESCRIPTION, LABEL, TOOLTIP, MASK, VALIDATION, CALCULATION) values ('ALL', 'PERSON_ADDRESS', 'ADDRESS_TYPE_ID', 3, 'String', 4, 0, '0', '0', '0', null, null, null, null, 0, '0', '0', 'Address type Id', 'addressTypeId', null, null, null, null);
insert into ENTITY_FIELD (COMPANY_ID, TABLE_ID, FIELD_ID, FIELD_ORDER, DATA_TYPE_ID, DATA_SIZE, DATA_SCALE, PRIMARY_KEY, UNIQUE_KEY, NULLABLE, DEFAULT_VALUE, SEQUENTIAL_ID, MINIMUM_VALUE, MAXIMUM_VALUE, SECURITY_LEVEL, READONLY, HIDDEN, DESCRIPTION, LABEL, TOOLTIP, MASK, VALIDATION, CALCULATION) values ('ALL', 'PERSON_ADDRESS', 'BUILDING_FLOOR', 8, 'String', 40, 0, '0', '0', '1', null, null, null, null, 0, '0', '0', 'Building number', 'buildingNumber', null, null, null, null);
insert into ENTITY_FIELD (COMPANY_ID, TABLE_ID, FIELD_ID, FIELD_ORDER, DATA_TYPE_ID, DATA_SIZE, DATA_SCALE, PRIMARY_KEY, UNIQUE_KEY, NULLABLE, DEFAULT_VALUE, SEQUENTIAL_ID, MINIMUM_VALUE, MAXIMUM_VALUE, SECURITY_LEVEL, READONLY, HIDDEN, DESCRIPTION, LABEL, TOOLTIP, MASK, VALIDATION, CALCULATION) values ('ALL', 'PERSON_ADDRESS', 'BUILDING_NAME', 7, 'String', 40, 0, '0', '0', '1', null, null, null, null, 0, '0', '0', 'Building name', 'buildingName', null, null, null, null);
insert into ENTITY_FIELD (COMPANY_ID, TABLE_ID, FIELD_ID, FIELD_ORDER, DATA_TYPE_ID, DATA_SIZE, DATA_SCALE, PRIMARY_KEY, UNIQUE_KEY, NULLABLE, DEFAULT_VALUE, SEQUENTIAL_ID, MINIMUM_VALUE, MAXIMUM_VALUE, SECURITY_LEVEL, READONLY, HIDDEN, DESCRIPTION, LABEL, TOOLTIP, MASK, VALIDATION, CALCULATION) values ('ALL', 'PERSON_ADDRESS', 'CITY_ID', 11, 'String', 3, 0, '0', '0', '1', null, null, null, null, 0, '0', '0', 'City Id', 'cityId', null, null, null, null);
insert into ENTITY_FIELD (COMPANY_ID, TABLE_ID, FIELD_ID, FIELD_ORDER, DATA_TYPE_ID, DATA_SIZE, DATA_SCALE, PRIMARY_KEY, UNIQUE_KEY, NULLABLE, DEFAULT_VALUE, SEQUENTIAL_ID, MINIMUM_VALUE, MAXIMUM_VALUE, SECURITY_LEVEL, READONLY, HIDDEN, DESCRIPTION, LABEL, TOOLTIP, MASK, VALIDATION, CALCULATION) values ('ALL', 'PERSON_ADDRESS', 'COUNTRY_ID', 9, 'String', 2, 0, '0', '0', '1', null, null, null, null, 0, '0', '0', 'Country Id', 'countryId', null, null, null, null);
insert into ENTITY_FIELD (COMPANY_ID, TABLE_ID, FIELD_ID, FIELD_ORDER, DATA_TYPE_ID, DATA_SIZE, DATA_SCALE, PRIMARY_KEY, UNIQUE_KEY, NULLABLE, DEFAULT_VALUE, SEQUENTIAL_ID, MINIMUM_VALUE, MAXIMUM_VALUE, SECURITY_LEVEL, READONLY, HIDDEN, DESCRIPTION, LABEL, TOOLTIP, MASK, VALIDATION, CALCULATION) values ('ALL', 'PERSON_ADDRESS', 'FIRST_STREET', 4, 'String', 40, 0, '0', '0', '0', null, null, null, null, 0, '0', '0', 'First street', 'firstStreet', null, null, null, null);
insert into ENTITY_FIELD (COMPANY_ID, TABLE_ID, FIELD_ID, FIELD_ORDER, DATA_TYPE_ID, DATA_SIZE, DATA_SCALE, PRIMARY_KEY, UNIQUE_KEY, NULLABLE, DEFAULT_VALUE, SEQUENTIAL_ID, MINIMUM_VALUE, MAXIMUM_VALUE, SECURITY_LEVEL, READONLY, HIDDEN, DESCRIPTION, LABEL, TOOLTIP, MASK, VALIDATION, CALCULATION) values ('ALL', 'PERSON_ADDRESS', 'PERSON_ID', 1, 'Long', 10, 0, '1', '0', '0', null, null, null, null, 0, '0', '0', 'Person Id', 'personId', null, null, null, null);
insert into ENTITY_FIELD (COMPANY_ID, TABLE_ID, FIELD_ID, FIELD_ORDER, DATA_TYPE_ID, DATA_SIZE, DATA_SCALE, PRIMARY_KEY, UNIQUE_KEY, NULLABLE, DEFAULT_VALUE, SEQUENTIAL_ID, MINIMUM_VALUE, MAXIMUM_VALUE, SECURITY_LEVEL, READONLY, HIDDEN, DESCRIPTION, LABEL, TOOLTIP, MASK, VALIDATION, CALCULATION) values ('ALL', 'PERSON_ADDRESS', 'PROVINCE_ID', 10, 'String', 2, 0, '0', '0', '1', null, null, null, null, 0, '0', '0', 'Province Id', 'provinceId', null, null, null, null);
insert into ENTITY_FIELD (COMPANY_ID, TABLE_ID, FIELD_ID, FIELD_ORDER, DATA_TYPE_ID, DATA_SIZE, DATA_SCALE, PRIMARY_KEY, UNIQUE_KEY, NULLABLE, DEFAULT_VALUE, SEQUENTIAL_ID, MINIMUM_VALUE, MAXIMUM_VALUE, SECURITY_LEVEL, READONLY, HIDDEN, DESCRIPTION, LABEL, TOOLTIP, MASK, VALIDATION, CALCULATION) values ('ALL', 'PERSON_ADDRESS', 'SECOND_STREET', 6, 'String', 40, 0, '0', '0', '1', null, null, null, null, 0, '0', '0', 'Second street', 'secondStreet', null, null, null, null);
insert into ENTITY_FIELD (COMPANY_ID, TABLE_ID, FIELD_ID, FIELD_ORDER, DATA_TYPE_ID, DATA_SIZE, DATA_SCALE, PRIMARY_KEY, UNIQUE_KEY, NULLABLE, DEFAULT_VALUE, SEQUENTIAL_ID, MINIMUM_VALUE, MAXIMUM_VALUE, SECURITY_LEVEL, READONLY, HIDDEN, DESCRIPTION, LABEL, TOOLTIP, MASK, VALIDATION, CALCULATION) values ('ALL', 'PERSON_DOCUMENT', 'DATAFILE_ID', 4, 'Long', 10, 0, '0', '0', '0', null, null, null, null, 0, '0', '0', 'Datafile Id', 'datafileId', null, null, null, null);
insert into ENTITY_FIELD (COMPANY_ID, TABLE_ID, FIELD_ID, FIELD_ORDER, DATA_TYPE_ID, DATA_SIZE, DATA_SCALE, PRIMARY_KEY, UNIQUE_KEY, NULLABLE, DEFAULT_VALUE, SEQUENTIAL_ID, MINIMUM_VALUE, MAXIMUM_VALUE, SECURITY_LEVEL, READONLY, HIDDEN, DESCRIPTION, LABEL, TOOLTIP, MASK, VALIDATION, CALCULATION) values ('ALL', 'PERSON_DOCUMENT', 'DOCUMENT_SEQUENCE', 2, 'Integer', 3, 0, '1', '0', '0', null, null, null, null, 0, '0', '0', 'Sequence of person document', 'sequence', null, null, null, null);
insert into ENTITY_FIELD (COMPANY_ID, TABLE_ID, FIELD_ID, FIELD_ORDER, DATA_TYPE_ID, DATA_SIZE, DATA_SCALE, PRIMARY_KEY, UNIQUE_KEY, NULLABLE, DEFAULT_VALUE, SEQUENTIAL_ID, MINIMUM_VALUE, MAXIMUM_VALUE, SECURITY_LEVEL, READONLY, HIDDEN, DESCRIPTION, LABEL, TOOLTIP, MASK, VALIDATION, CALCULATION) values ('ALL', 'PERSON_DOCUMENT', 'DOCUMENT_TYPE_ID', 3, 'String', 4, 0, '0', '0', '0', null, null, null, null, 0, '0', '0', 'Document type Id', 'documentTypeId', null, null, null, null);
insert into ENTITY_FIELD (COMPANY_ID, TABLE_ID, FIELD_ID, FIELD_ORDER, DATA_TYPE_ID, DATA_SIZE, DATA_SCALE, PRIMARY_KEY, UNIQUE_KEY, NULLABLE, DEFAULT_VALUE, SEQUENTIAL_ID, MINIMUM_VALUE, MAXIMUM_VALUE, SECURITY_LEVEL, READONLY, HIDDEN, DESCRIPTION, LABEL, TOOLTIP, MASK, VALIDATION, CALCULATION) values ('ALL', 'PERSON_DOCUMENT', 'PERSON_ID', 1, 'Long', 10, 0, '1', '0', '0', null, null, null, null, 0, '0', '0', 'Person Id', 'personId', null, null, null, null);
insert into ENTITY_FIELD (COMPANY_ID, TABLE_ID, FIELD_ID, FIELD_ORDER, DATA_TYPE_ID, DATA_SIZE, DATA_SCALE, PRIMARY_KEY, UNIQUE_KEY, NULLABLE, DEFAULT_VALUE, SEQUENTIAL_ID, MINIMUM_VALUE, MAXIMUM_VALUE, SECURITY_LEVEL, READONLY, HIDDEN, DESCRIPTION, LABEL, TOOLTIP, MASK, VALIDATION, CALCULATION) values ('ALL', 'PERSON_PHONE', 'AREA_CODE', 4, 'String', 4, 0, '0', '0', '0', null, null, null, null, 0, '0', '0', 'Area code', 'areaCode', null, null, null, null);
insert into ENTITY_FIELD (COMPANY_ID, TABLE_ID, FIELD_ID, FIELD_ORDER, DATA_TYPE_ID, DATA_SIZE, DATA_SCALE, PRIMARY_KEY, UNIQUE_KEY, NULLABLE, DEFAULT_VALUE, SEQUENTIAL_ID, MINIMUM_VALUE, MAXIMUM_VALUE, SECURITY_LEVEL, READONLY, HIDDEN, DESCRIPTION, LABEL, TOOLTIP, MASK, VALIDATION, CALCULATION) values ('ALL', 'PERSON_PHONE', 'PERSON_ID', 1, 'Long', 10, 0, '1', '0', '0', null, null, null, null, 0, '0', '0', 'Person Id', 'personId', null, null, null, null);
insert into ENTITY_FIELD (COMPANY_ID, TABLE_ID, FIELD_ID, FIELD_ORDER, DATA_TYPE_ID, DATA_SIZE, DATA_SCALE, PRIMARY_KEY, UNIQUE_KEY, NULLABLE, DEFAULT_VALUE, SEQUENTIAL_ID, MINIMUM_VALUE, MAXIMUM_VALUE, SECURITY_LEVEL, READONLY, HIDDEN, DESCRIPTION, LABEL, TOOLTIP, MASK, VALIDATION, CALCULATION) values ('ALL', 'PERSON_PHONE', 'PHONE_NUMBER', 5, 'String', 40, 0, '0', '0', '0', null, null, null, null, 0, '0', '0', 'Phone number', 'phoneNumber', null, null, null, null);
insert into ENTITY_FIELD (COMPANY_ID, TABLE_ID, FIELD_ID, FIELD_ORDER, DATA_TYPE_ID, DATA_SIZE, DATA_SCALE, PRIMARY_KEY, UNIQUE_KEY, NULLABLE, DEFAULT_VALUE, SEQUENTIAL_ID, MINIMUM_VALUE, MAXIMUM_VALUE, SECURITY_LEVEL, READONLY, HIDDEN, DESCRIPTION, LABEL, TOOLTIP, MASK, VALIDATION, CALCULATION) values ('ALL', 'PERSON_PHONE', 'PHONE_SEQUENCE', 2, 'Integer', 3, 0, '1', '0', '0', null, null, null, null, 0, '0', '0', 'Sequence of person phone', 'sequence', null, null, null, null);
insert into ENTITY_FIELD (COMPANY_ID, TABLE_ID, FIELD_ID, FIELD_ORDER, DATA_TYPE_ID, DATA_SIZE, DATA_SCALE, PRIMARY_KEY, UNIQUE_KEY, NULLABLE, DEFAULT_VALUE, SEQUENTIAL_ID, MINIMUM_VALUE, MAXIMUM_VALUE, SECURITY_LEVEL, READONLY, HIDDEN, DESCRIPTION, LABEL, TOOLTIP, MASK, VALIDATION, CALCULATION) values ('ALL', 'PERSON_PHONE', 'PHONE_TYPE_ID', 3, 'String', 4, 0, '0', '0', '0', null, null, null, null, 0, '0', '0', 'Phone type Id', 'phoneTypeId', null, null, null, null);
insert into ENTITY_FIELD (COMPANY_ID, TABLE_ID, FIELD_ID, FIELD_ORDER, DATA_TYPE_ID, DATA_SIZE, DATA_SCALE, PRIMARY_KEY, UNIQUE_KEY, NULLABLE, DEFAULT_VALUE, SEQUENTIAL_ID, MINIMUM_VALUE, MAXIMUM_VALUE, SECURITY_LEVEL, READONLY, HIDDEN, DESCRIPTION, LABEL, TOOLTIP, MASK, VALIDATION, CALCULATION) values ('ALL', 'PERSON_TYPE', 'NAME', 2, 'String', 40, 0, '0', '0', '0', null, null, null, null, 0, '0', '0', 'Name of person type', 'name', null, null, null, null);
insert into ENTITY_FIELD (COMPANY_ID, TABLE_ID, FIELD_ID, FIELD_ORDER, DATA_TYPE_ID, DATA_SIZE, DATA_SCALE, PRIMARY_KEY, UNIQUE_KEY, NULLABLE, DEFAULT_VALUE, SEQUENTIAL_ID, MINIMUM_VALUE, MAXIMUM_VALUE, SECURITY_LEVEL, READONLY, HIDDEN, DESCRIPTION, LABEL, TOOLTIP, MASK, VALIDATION, CALCULATION) values ('ALL', 'PERSON_TYPE', 'PERSON_TYPE_ID', 1, 'String', 4, 0, '1', '0', '0', null, null, null, null, 0, '0', '0', 'Person type Id', 'personTypeId', null, null, null, null);
insert into ENTITY_FIELD (COMPANY_ID, TABLE_ID, FIELD_ID, FIELD_ORDER, DATA_TYPE_ID, DATA_SIZE, DATA_SCALE, PRIMARY_KEY, UNIQUE_KEY, NULLABLE, DEFAULT_VALUE, SEQUENTIAL_ID, MINIMUM_VALUE, MAXIMUM_VALUE, SECURITY_LEVEL, READONLY, HIDDEN, DESCRIPTION, LABEL, TOOLTIP, MASK, VALIDATION, CALCULATION) values ('ALL', 'PHONE_TYPE', 'NAME', 2, 'String', 40, 0, '0', '0', '0', null, null, null, null, 0, '0', '0', 'Name of phone', 'name', null, null, null, null);
insert into ENTITY_FIELD (COMPANY_ID, TABLE_ID, FIELD_ID, FIELD_ORDER, DATA_TYPE_ID, DATA_SIZE, DATA_SCALE, PRIMARY_KEY, UNIQUE_KEY, NULLABLE, DEFAULT_VALUE, SEQUENTIAL_ID, MINIMUM_VALUE, MAXIMUM_VALUE, SECURITY_LEVEL, READONLY, HIDDEN, DESCRIPTION, LABEL, TOOLTIP, MASK, VALIDATION, CALCULATION) values ('ALL', 'PHONE_TYPE', 'PHONE_TYPE_ID', 1, 'String', 4, 0, '1', '0', '0', null, null, null, null, 0, '0', '0', 'Phone type Id', 'phoneTypeId', null, null, null, null);
insert into ENTITY_FIELD (COMPANY_ID, TABLE_ID, FIELD_ID, FIELD_ORDER, DATA_TYPE_ID, DATA_SIZE, DATA_SCALE, PRIMARY_KEY, UNIQUE_KEY, NULLABLE, DEFAULT_VALUE, SEQUENTIAL_ID, MINIMUM_VALUE, MAXIMUM_VALUE, SECURITY_LEVEL, READONLY, HIDDEN, DESCRIPTION, LABEL, TOOLTIP, MASK, VALIDATION, CALCULATION) values ('ALL', 'PROCESS', 'DATAFILE_ID', 8, 'Long', 10, 0, '0', '0', '1', null, null, null, null, 0, '0', '0', 'Datafile Id', 'datafileId', null, null, null, null);
insert into ENTITY_FIELD (COMPANY_ID, TABLE_ID, FIELD_ID, FIELD_ORDER, DATA_TYPE_ID, DATA_SIZE, DATA_SCALE, PRIMARY_KEY, UNIQUE_KEY, NULLABLE, DEFAULT_VALUE, SEQUENTIAL_ID, MINIMUM_VALUE, MAXIMUM_VALUE, SECURITY_LEVEL, READONLY, HIDDEN, DESCRIPTION, LABEL, TOOLTIP, MASK, VALIDATION, CALCULATION) values ('ALL', 'PROCESS', 'ENABLE', 5, 'Boolean', 1, 0, '0', '0', '0', '1', null, null, null, 0, '0', '0', 'Enable', 'enable', null, null, null, null);
insert into ENTITY_FIELD (COMPANY_ID, TABLE_ID, FIELD_ID, FIELD_ORDER, DATA_TYPE_ID, DATA_SIZE, DATA_SCALE, PRIMARY_KEY, UNIQUE_KEY, NULLABLE, DEFAULT_VALUE, SEQUENTIAL_ID, MINIMUM_VALUE, MAXIMUM_VALUE, SECURITY_LEVEL, READONLY, HIDDEN, DESCRIPTION, LABEL, TOOLTIP, MASK, VALIDATION, CALCULATION) values ('ALL', 'PROCESS', 'MENU', 6, 'Boolean', 1, 0, '0', '0', '0', '1', null, null, null, 0, '0', '0', 'Show in app  menu', 'Show in menu', null, null, null, null);
insert into ENTITY_FIELD (COMPANY_ID, TABLE_ID, FIELD_ID, FIELD_ORDER, DATA_TYPE_ID, DATA_SIZE, DATA_SCALE, PRIMARY_KEY, UNIQUE_KEY, NULLABLE, DEFAULT_VALUE, SEQUENTIAL_ID, MINIMUM_VALUE, MAXIMUM_VALUE, SECURITY_LEVEL, READONLY, HIDDEN, DESCRIPTION, LABEL, TOOLTIP, MASK, VALIDATION, CALCULATION) values ('ALL', 'PROCESS', 'MODULE_ID', 2, 'String', 2, 0, '1', '0', '0', null, null, null, null, 0, '0', '0', 'Module Id', 'moduleId', null, null, null, null);
insert into ENTITY_FIELD (COMPANY_ID, TABLE_ID, FIELD_ID, FIELD_ORDER, DATA_TYPE_ID, DATA_SIZE, DATA_SCALE, PRIMARY_KEY, UNIQUE_KEY, NULLABLE, DEFAULT_VALUE, SEQUENTIAL_ID, MINIMUM_VALUE, MAXIMUM_VALUE, SECURITY_LEVEL, READONLY, HIDDEN, DESCRIPTION, LABEL, TOOLTIP, MASK, VALIDATION, CALCULATION) values ('ALL', 'PROCESS', 'NAME', 4, 'String', 40, 0, '0', '0', '0', null, null, null, null, 0, '0', '0', 'Name of process', 'name', null, null, null, null);
insert into ENTITY_FIELD (COMPANY_ID, TABLE_ID, FIELD_ID, FIELD_ORDER, DATA_TYPE_ID, DATA_SIZE, DATA_SCALE, PRIMARY_KEY, UNIQUE_KEY, NULLABLE, DEFAULT_VALUE, SEQUENTIAL_ID, MINIMUM_VALUE, MAXIMUM_VALUE, SECURITY_LEVEL, READONLY, HIDDEN, DESCRIPTION, LABEL, TOOLTIP, MASK, VALIDATION, CALCULATION) values ('ALL', 'PROCESS', 'PROCESS_ID', 3, 'String', 2, 0, '1', '0', '0', null, null, null, null, 0, '0', '0', 'Process Id', 'processId', null, null, null, null);
insert into ENTITY_FIELD (COMPANY_ID, TABLE_ID, FIELD_ID, FIELD_ORDER, DATA_TYPE_ID, DATA_SIZE, DATA_SCALE, PRIMARY_KEY, UNIQUE_KEY, NULLABLE, DEFAULT_VALUE, SEQUENTIAL_ID, MINIMUM_VALUE, MAXIMUM_VALUE, SECURITY_LEVEL, READONLY, HIDDEN, DESCRIPTION, LABEL, TOOLTIP, MASK, VALIDATION, CALCULATION) values ('ALL', 'PROCESS', 'SUBSYSTEM_ID', 1, 'String', 2, 0, '1', '0', '0', null, null, null, null, 0, '0', '0', 'Subsystem Id', 'subsystemId', null, null, null, null);
insert into ENTITY_FIELD (COMPANY_ID, TABLE_ID, FIELD_ID, FIELD_ORDER, DATA_TYPE_ID, DATA_SIZE, DATA_SCALE, PRIMARY_KEY, UNIQUE_KEY, NULLABLE, DEFAULT_VALUE, SEQUENTIAL_ID, MINIMUM_VALUE, MAXIMUM_VALUE, SECURITY_LEVEL, READONLY, HIDDEN, DESCRIPTION, LABEL, TOOLTIP, MASK, VALIDATION, CALCULATION) values ('ALL', 'PROCESS', 'URL', 7, 'String', 100, 0, '0', '0', '0', null, null, null, null, 0, '0', '0', 'URL', 'url', null, null, null, null);
insert into ENTITY_FIELD (COMPANY_ID, TABLE_ID, FIELD_ID, FIELD_ORDER, DATA_TYPE_ID, DATA_SIZE, DATA_SCALE, PRIMARY_KEY, UNIQUE_KEY, NULLABLE, DEFAULT_VALUE, SEQUENTIAL_ID, MINIMUM_VALUE, MAXIMUM_VALUE, SECURITY_LEVEL, READONLY, HIDDEN, DESCRIPTION, LABEL, TOOLTIP, MASK, VALIDATION, CALCULATION) values ('ALL', 'PROCESS_COMPONENT', 'AUTHORIZE', 8, 'Boolean', 1, 0, '0', '0', '0', '0', null, null, null, 0, '0', '0', 'Enable', 'enable', null, null, null, null);
insert into ENTITY_FIELD (COMPANY_ID, TABLE_ID, FIELD_ID, FIELD_ORDER, DATA_TYPE_ID, DATA_SIZE, DATA_SCALE, PRIMARY_KEY, UNIQUE_KEY, NULLABLE, DEFAULT_VALUE, SEQUENTIAL_ID, MINIMUM_VALUE, MAXIMUM_VALUE, SECURITY_LEVEL, READONLY, HIDDEN, DESCRIPTION, LABEL, TOOLTIP, MASK, VALIDATION, CALCULATION) values ('ALL', 'PROCESS_COMPONENT', 'COMPONENT_ID', 6, 'String', 150, 0, '0', '0', '0', null, null, null, null, 0, '0', '0', 'Component Id', 'componentId', null, null, null, null);
insert into ENTITY_FIELD (COMPANY_ID, TABLE_ID, FIELD_ID, FIELD_ORDER, DATA_TYPE_ID, DATA_SIZE, DATA_SCALE, PRIMARY_KEY, UNIQUE_KEY, NULLABLE, DEFAULT_VALUE, SEQUENTIAL_ID, MINIMUM_VALUE, MAXIMUM_VALUE, SECURITY_LEVEL, READONLY, HIDDEN, DESCRIPTION, LABEL, TOOLTIP, MASK, VALIDATION, CALCULATION) values ('ALL', 'PROCESS_COMPONENT', 'ENABLE', 7, 'Boolean', 1, 0, '0', '0', '0', '0', null, null, null, 0, '0', '0', 'Enable', 'enable', null, null, null, null);
insert into ENTITY_FIELD (COMPANY_ID, TABLE_ID, FIELD_ID, FIELD_ORDER, DATA_TYPE_ID, DATA_SIZE, DATA_SCALE, PRIMARY_KEY, UNIQUE_KEY, NULLABLE, DEFAULT_VALUE, SEQUENTIAL_ID, MINIMUM_VALUE, MAXIMUM_VALUE, SECURITY_LEVEL, READONLY, HIDDEN, DESCRIPTION, LABEL, TOOLTIP, MASK, VALIDATION, CALCULATION) values ('ALL', 'PROCESS_COMPONENT', 'MODULE_ID', 3, 'String', 2, 0, '1', '0', '0', null, null, null, null, 0, '0', '0', 'Module Id', 'moduleId', null, null, null, null);
insert into ENTITY_FIELD (COMPANY_ID, TABLE_ID, FIELD_ID, FIELD_ORDER, DATA_TYPE_ID, DATA_SIZE, DATA_SCALE, PRIMARY_KEY, UNIQUE_KEY, NULLABLE, DEFAULT_VALUE, SEQUENTIAL_ID, MINIMUM_VALUE, MAXIMUM_VALUE, SECURITY_LEVEL, READONLY, HIDDEN, DESCRIPTION, LABEL, TOOLTIP, MASK, VALIDATION, CALCULATION) values ('ALL', 'PROCESS_COMPONENT', 'PROCESS_ID', 4, 'String', 2, 0, '1', '0', '0', null, null, null, null, 0, '0', '0', 'Process Id', 'processId', null, null, null, null);
insert into ENTITY_FIELD (COMPANY_ID, TABLE_ID, FIELD_ID, FIELD_ORDER, DATA_TYPE_ID, DATA_SIZE, DATA_SCALE, PRIMARY_KEY, UNIQUE_KEY, NULLABLE, DEFAULT_VALUE, SEQUENTIAL_ID, MINIMUM_VALUE, MAXIMUM_VALUE, SECURITY_LEVEL, READONLY, HIDDEN, DESCRIPTION, LABEL, TOOLTIP, MASK, VALIDATION, CALCULATION) values ('ALL', 'PROCESS_COMPONENT', 'PROCESS_SEQUENCE', 5, 'Integer', 3, 0, '1', '0', '0', null, null, null, null, 0, '0', '0', 'Process sequence', 'sequence', null, null, null, null);
insert into ENTITY_FIELD (COMPANY_ID, TABLE_ID, FIELD_ID, FIELD_ORDER, DATA_TYPE_ID, DATA_SIZE, DATA_SCALE, PRIMARY_KEY, UNIQUE_KEY, NULLABLE, DEFAULT_VALUE, SEQUENTIAL_ID, MINIMUM_VALUE, MAXIMUM_VALUE, SECURITY_LEVEL, READONLY, HIDDEN, DESCRIPTION, LABEL, TOOLTIP, MASK, VALIDATION, CALCULATION) values ('ALL', 'PROCESS_COMPONENT', 'SUBSYSTEM_ID', 2, 'String', 2, 0, '1', '0', '0', null, null, null, null, 0, '0', '0', 'Subsystem Id', 'subsystemId', null, null, null, null);
insert into ENTITY_FIELD (COMPANY_ID, TABLE_ID, FIELD_ID, FIELD_ORDER, DATA_TYPE_ID, DATA_SIZE, DATA_SCALE, PRIMARY_KEY, UNIQUE_KEY, NULLABLE, DEFAULT_VALUE, SEQUENTIAL_ID, MINIMUM_VALUE, MAXIMUM_VALUE, SECURITY_LEVEL, READONLY, HIDDEN, DESCRIPTION, LABEL, TOOLTIP, MASK, VALIDATION, CALCULATION) values ('ALL', 'PROFESSION_TYPE', 'NAME', 2, 'String', 40, 0, '0', '0', '0', null, null, null, null, 0, '0', '0', 'Name of profession type', 'name', null, null, null, null);
insert into ENTITY_FIELD (COMPANY_ID, TABLE_ID, FIELD_ID, FIELD_ORDER, DATA_TYPE_ID, DATA_SIZE, DATA_SCALE, PRIMARY_KEY, UNIQUE_KEY, NULLABLE, DEFAULT_VALUE, SEQUENTIAL_ID, MINIMUM_VALUE, MAXIMUM_VALUE, SECURITY_LEVEL, READONLY, HIDDEN, DESCRIPTION, LABEL, TOOLTIP, MASK, VALIDATION, CALCULATION) values ('ALL', 'PROFESSION_TYPE', 'PROFESSION_TYPE_ID', 1, 'String', 4, 0, '1', '0', '0', null, null, null, null, 0, '0', '0', 'Profession type Id', 'professionTypeId', null, null, null, null);
insert into ENTITY_FIELD (COMPANY_ID, TABLE_ID, FIELD_ID, FIELD_ORDER, DATA_TYPE_ID, DATA_SIZE, DATA_SCALE, PRIMARY_KEY, UNIQUE_KEY, NULLABLE, DEFAULT_VALUE, SEQUENTIAL_ID, MINIMUM_VALUE, MAXIMUM_VALUE, SECURITY_LEVEL, READONLY, HIDDEN, DESCRIPTION, LABEL, TOOLTIP, MASK, VALIDATION, CALCULATION) values ('ALL', 'PROFILE', 'DESCRIPTION', 3, 'String', 150, 0, '0', '0', '1', null, null, null, null, 0, '0', '0', 'Description of profile', 'description', null, null, null, null);
insert into ENTITY_FIELD (COMPANY_ID, TABLE_ID, FIELD_ID, FIELD_ORDER, DATA_TYPE_ID, DATA_SIZE, DATA_SCALE, PRIMARY_KEY, UNIQUE_KEY, NULLABLE, DEFAULT_VALUE, SEQUENTIAL_ID, MINIMUM_VALUE, MAXIMUM_VALUE, SECURITY_LEVEL, READONLY, HIDDEN, DESCRIPTION, LABEL, TOOLTIP, MASK, VALIDATION, CALCULATION) values ('ALL', 'PROFILE', 'NAME', 2, 'String', 40, 0, '0', '0', '0', null, null, null, null, 0, '0', '0', 'Name of profile', 'name', null, null, null, null);
insert into ENTITY_FIELD (COMPANY_ID, TABLE_ID, FIELD_ID, FIELD_ORDER, DATA_TYPE_ID, DATA_SIZE, DATA_SCALE, PRIMARY_KEY, UNIQUE_KEY, NULLABLE, DEFAULT_VALUE, SEQUENTIAL_ID, MINIMUM_VALUE, MAXIMUM_VALUE, SECURITY_LEVEL, READONLY, HIDDEN, DESCRIPTION, LABEL, TOOLTIP, MASK, VALIDATION, CALCULATION) values ('ALL', 'PROFILE', 'PROFILE_ID', 1, 'String', 4, 0, '1', '0', '0', null, null, null, null, 0, '0', '0', 'Profile Id', 'profileId', null, null, null, null);
insert into ENTITY_FIELD (COMPANY_ID, TABLE_ID, FIELD_ID, FIELD_ORDER, DATA_TYPE_ID, DATA_SIZE, DATA_SCALE, PRIMARY_KEY, UNIQUE_KEY, NULLABLE, DEFAULT_VALUE, SEQUENTIAL_ID, MINIMUM_VALUE, MAXIMUM_VALUE, SECURITY_LEVEL, READONLY, HIDDEN, DESCRIPTION, LABEL, TOOLTIP, MASK, VALIDATION, CALCULATION) values ('ALL', 'PROVINCE', 'COUNTRY_ID', 1, 'String', 2, 0, '1', '0', '0', null, null, null, null, 0, '0', '0', 'Country Id', 'countryId', null, null, null, null);
insert into ENTITY_FIELD (COMPANY_ID, TABLE_ID, FIELD_ID, FIELD_ORDER, DATA_TYPE_ID, DATA_SIZE, DATA_SCALE, PRIMARY_KEY, UNIQUE_KEY, NULLABLE, DEFAULT_VALUE, SEQUENTIAL_ID, MINIMUM_VALUE, MAXIMUM_VALUE, SECURITY_LEVEL, READONLY, HIDDEN, DESCRIPTION, LABEL, TOOLTIP, MASK, VALIDATION, CALCULATION) values ('ALL', 'PROVINCE', 'NAME', 3, 'String', 40, 0, '0', '0', '0', null, null, null, null, 0, '0', '0', 'Name of province', 'name', null, null, null, null);
insert into ENTITY_FIELD (COMPANY_ID, TABLE_ID, FIELD_ID, FIELD_ORDER, DATA_TYPE_ID, DATA_SIZE, DATA_SCALE, PRIMARY_KEY, UNIQUE_KEY, NULLABLE, DEFAULT_VALUE, SEQUENTIAL_ID, MINIMUM_VALUE, MAXIMUM_VALUE, SECURITY_LEVEL, READONLY, HIDDEN, DESCRIPTION, LABEL, TOOLTIP, MASK, VALIDATION, CALCULATION) values ('ALL', 'PROVINCE', 'PROVINCE_ID', 2, 'String', 2, 0, '1', '0', '0', null, null, null, null, 0, '0', '0', 'Province Id', 'provinceId', null, null, null, null);
insert into ENTITY_FIELD (COMPANY_ID, TABLE_ID, FIELD_ID, FIELD_ORDER, DATA_TYPE_ID, DATA_SIZE, DATA_SCALE, PRIMARY_KEY, UNIQUE_KEY, NULLABLE, DEFAULT_VALUE, SEQUENTIAL_ID, MINIMUM_VALUE, MAXIMUM_VALUE, SECURITY_LEVEL, READONLY, HIDDEN, DESCRIPTION, LABEL, TOOLTIP, MASK, VALIDATION, CALCULATION) values ('ALL', 'RESPONSE', 'DESCRIPTION', 3, 'String', 100, 0, '0', '0', '0', null, null, null, null, 0, '0', '0', 'Description of response', 'description', null, null, null, null);
insert into ENTITY_FIELD (COMPANY_ID, TABLE_ID, FIELD_ID, FIELD_ORDER, DATA_TYPE_ID, DATA_SIZE, DATA_SCALE, PRIMARY_KEY, UNIQUE_KEY, NULLABLE, DEFAULT_VALUE, SEQUENTIAL_ID, MINIMUM_VALUE, MAXIMUM_VALUE, SECURITY_LEVEL, READONLY, HIDDEN, DESCRIPTION, LABEL, TOOLTIP, MASK, VALIDATION, CALCULATION) values ('ALL', 'RESPONSE', 'RESPONSE_ID', 1, 'String', 8, 0, '1', '0', '0', null, null, null, null, 0, '0', '0', 'Response Id', 'responseId', null, null, null, null);
insert into ENTITY_FIELD (COMPANY_ID, TABLE_ID, FIELD_ID, FIELD_ORDER, DATA_TYPE_ID, DATA_SIZE, DATA_SCALE, PRIMARY_KEY, UNIQUE_KEY, NULLABLE, DEFAULT_VALUE, SEQUENTIAL_ID, MINIMUM_VALUE, MAXIMUM_VALUE, SECURITY_LEVEL, READONLY, HIDDEN, DESCRIPTION, LABEL, TOOLTIP, MASK, VALIDATION, CALCULATION) values ('ALL', 'RESPONSE', 'SUBSYSTEM_ID', 2, 'String', 2, 0, '0', '0', '0', null, null, null, null, 0, '0', '0', 'Subsystem Id', 'subsystemId', null, null, null, null);
insert into ENTITY_FIELD (COMPANY_ID, TABLE_ID, FIELD_ID, FIELD_ORDER, DATA_TYPE_ID, DATA_SIZE, DATA_SCALE, PRIMARY_KEY, UNIQUE_KEY, NULLABLE, DEFAULT_VALUE, SEQUENTIAL_ID, MINIMUM_VALUE, MAXIMUM_VALUE, SECURITY_LEVEL, READONLY, HIDDEN, DESCRIPTION, LABEL, TOOLTIP, MASK, VALIDATION, CALCULATION) values ('ALL', 'ROLE', 'DAY_ID', 5, 'String', 3, 0, '1', '0', '0', null, null, null, null, 0, '0', '0', 'Day Id', 'dayId', null, null, null, null);
insert into ENTITY_FIELD (COMPANY_ID, TABLE_ID, FIELD_ID, FIELD_ORDER, DATA_TYPE_ID, DATA_SIZE, DATA_SCALE, PRIMARY_KEY, UNIQUE_KEY, NULLABLE, DEFAULT_VALUE, SEQUENTIAL_ID, MINIMUM_VALUE, MAXIMUM_VALUE, SECURITY_LEVEL, READONLY, HIDDEN, DESCRIPTION, LABEL, TOOLTIP, MASK, VALIDATION, CALCULATION) values ('ALL', 'ROLE', 'EDITABLE', 8, 'Boolean', 1, 0, '0', '0', '0', '0', null, null, null, 0, '0', '0', 'Editable', 'editable', null, null, null, null);
insert into ENTITY_FIELD (COMPANY_ID, TABLE_ID, FIELD_ID, FIELD_ORDER, DATA_TYPE_ID, DATA_SIZE, DATA_SCALE, PRIMARY_KEY, UNIQUE_KEY, NULLABLE, DEFAULT_VALUE, SEQUENTIAL_ID, MINIMUM_VALUE, MAXIMUM_VALUE, SECURITY_LEVEL, READONLY, HIDDEN, DESCRIPTION, LABEL, TOOLTIP, MASK, VALIDATION, CALCULATION) values ('ALL', 'ROLE', 'HOUR_FROM', 6, 'String', 4, 0, '0', '0', '1', null, null, null, null, 0, '0', '0', 'Hour From', 'hourFrom', null, null, null, null);
insert into ENTITY_FIELD (COMPANY_ID, TABLE_ID, FIELD_ID, FIELD_ORDER, DATA_TYPE_ID, DATA_SIZE, DATA_SCALE, PRIMARY_KEY, UNIQUE_KEY, NULLABLE, DEFAULT_VALUE, SEQUENTIAL_ID, MINIMUM_VALUE, MAXIMUM_VALUE, SECURITY_LEVEL, READONLY, HIDDEN, DESCRIPTION, LABEL, TOOLTIP, MASK, VALIDATION, CALCULATION) values ('ALL', 'ROLE', 'HOUR_TO', 7, 'String', 4, 0, '0', '0', '1', null, null, null, null, 0, '0', '0', 'Hour To', 'hourTo', null, null, null, null);
insert into ENTITY_FIELD (COMPANY_ID, TABLE_ID, FIELD_ID, FIELD_ORDER, DATA_TYPE_ID, DATA_SIZE, DATA_SCALE, PRIMARY_KEY, UNIQUE_KEY, NULLABLE, DEFAULT_VALUE, SEQUENTIAL_ID, MINIMUM_VALUE, MAXIMUM_VALUE, SECURITY_LEVEL, READONLY, HIDDEN, DESCRIPTION, LABEL, TOOLTIP, MASK, VALIDATION, CALCULATION) values ('ALL', 'ROLE', 'MODULE_ID', 3, 'String', 2, 0, '1', '0', '0', null, null, null, null, 0, '0', '0', 'Module Id', 'moduleId', null, null, null, null);
insert into ENTITY_FIELD (COMPANY_ID, TABLE_ID, FIELD_ID, FIELD_ORDER, DATA_TYPE_ID, DATA_SIZE, DATA_SCALE, PRIMARY_KEY, UNIQUE_KEY, NULLABLE, DEFAULT_VALUE, SEQUENTIAL_ID, MINIMUM_VALUE, MAXIMUM_VALUE, SECURITY_LEVEL, READONLY, HIDDEN, DESCRIPTION, LABEL, TOOLTIP, MASK, VALIDATION, CALCULATION) values ('ALL', 'ROLE', 'PROCESS_ID', 4, 'String', 2, 0, '1', '0', '0', null, null, null, null, 0, '0', '0', 'Process Id', 'processId', null, null, null, null);
insert into ENTITY_FIELD (COMPANY_ID, TABLE_ID, FIELD_ID, FIELD_ORDER, DATA_TYPE_ID, DATA_SIZE, DATA_SCALE, PRIMARY_KEY, UNIQUE_KEY, NULLABLE, DEFAULT_VALUE, SEQUENTIAL_ID, MINIMUM_VALUE, MAXIMUM_VALUE, SECURITY_LEVEL, READONLY, HIDDEN, DESCRIPTION, LABEL, TOOLTIP, MASK, VALIDATION, CALCULATION) values ('ALL', 'ROLE', 'PROFILE_ID', 1, 'String', 4, 0, '1', '0', '0', null, null, null, null, 0, '0', '0', 'Profile Id', 'profileId', null, null, null, null);
insert into ENTITY_FIELD (COMPANY_ID, TABLE_ID, FIELD_ID, FIELD_ORDER, DATA_TYPE_ID, DATA_SIZE, DATA_SCALE, PRIMARY_KEY, UNIQUE_KEY, NULLABLE, DEFAULT_VALUE, SEQUENTIAL_ID, MINIMUM_VALUE, MAXIMUM_VALUE, SECURITY_LEVEL, READONLY, HIDDEN, DESCRIPTION, LABEL, TOOLTIP, MASK, VALIDATION, CALCULATION) values ('ALL', 'ROLE', 'SUBSYSTEM_ID', 2, 'String', 2, 0, '1', '0', '0', null, null, null, null, 0, '0', '0', 'Subsystem Id', 'subsystemId', null, null, null, null);
insert into ENTITY_FIELD (COMPANY_ID, TABLE_ID, FIELD_ID, FIELD_ORDER, DATA_TYPE_ID, DATA_SIZE, DATA_SCALE, PRIMARY_KEY, UNIQUE_KEY, NULLABLE, DEFAULT_VALUE, SEQUENTIAL_ID, MINIMUM_VALUE, MAXIMUM_VALUE, SECURITY_LEVEL, READONLY, HIDDEN, DESCRIPTION, LABEL, TOOLTIP, MASK, VALIDATION, CALCULATION) values ('ALL', 'SEQUENTIAL', 'SEQUENTIAL_ID', 1, 'String', 40, 0, '1', '0', '0', null, null, null, null, 0, '0', '0', 'Sequential Id', 'sequentialId', null, null, null, null);
insert into ENTITY_FIELD (COMPANY_ID, TABLE_ID, FIELD_ID, FIELD_ORDER, DATA_TYPE_ID, DATA_SIZE, DATA_SCALE, PRIMARY_KEY, UNIQUE_KEY, NULLABLE, DEFAULT_VALUE, SEQUENTIAL_ID, MINIMUM_VALUE, MAXIMUM_VALUE, SECURITY_LEVEL, READONLY, HIDDEN, DESCRIPTION, LABEL, TOOLTIP, MASK, VALIDATION, CALCULATION) values ('ALL', 'SEQUENTIAL', 'SEQUENTIAL_VALUE', 2, 'Long', 10, 0, '0', '0', '0', '0', null, null, null, 0, '0', '0', 'Value of sequential', 'sequentialValue', null, null, null, null);
insert into ENTITY_FIELD (COMPANY_ID, TABLE_ID, FIELD_ID, FIELD_ORDER, DATA_TYPE_ID, DATA_SIZE, DATA_SCALE, PRIMARY_KEY, UNIQUE_KEY, NULLABLE, DEFAULT_VALUE, SEQUENTIAL_ID, MINIMUM_VALUE, MAXIMUM_VALUE, SECURITY_LEVEL, READONLY, HIDDEN, DESCRIPTION, LABEL, TOOLTIP, MASK, VALIDATION, CALCULATION) values ('ALL', 'SUBSYSTEM', 'NAME', 2, 'String', 40, 0, '0', '0', '0', null, null, null, null, 0, '0', '0', 'Name of subsystem', 'name', null, null, null, null);
insert into ENTITY_FIELD (COMPANY_ID, TABLE_ID, FIELD_ID, FIELD_ORDER, DATA_TYPE_ID, DATA_SIZE, DATA_SCALE, PRIMARY_KEY, UNIQUE_KEY, NULLABLE, DEFAULT_VALUE, SEQUENTIAL_ID, MINIMUM_VALUE, MAXIMUM_VALUE, SECURITY_LEVEL, READONLY, HIDDEN, DESCRIPTION, LABEL, TOOLTIP, MASK, VALIDATION, CALCULATION) values ('ALL', 'SUBSYSTEM', 'SUBSYSTEM_ID', 1, 'String', 2, 0, '1', '0', '0', null, null, null, null, 0, '0', '0', 'Subsystem Id', 'subsystemId', null, null, null, null);
insert into ENTITY_FIELD (COMPANY_ID, TABLE_ID, FIELD_ID, FIELD_ORDER, DATA_TYPE_ID, DATA_SIZE, DATA_SCALE, PRIMARY_KEY, UNIQUE_KEY, NULLABLE, DEFAULT_VALUE, SEQUENTIAL_ID, MINIMUM_VALUE, MAXIMUM_VALUE, SECURITY_LEVEL, READONLY, HIDDEN, DESCRIPTION, LABEL, TOOLTIP, MASK, VALIDATION, CALCULATION) values ('ALL', 'USER_ACCESS', 'ANSWER', 5, 'String', 100, 0, '0', '0', '1', null, null, null, null, 0, '0', '0', 'Answer', 'answer', null, null, null, null);
insert into ENTITY_FIELD (COMPANY_ID, TABLE_ID, FIELD_ID, FIELD_ORDER, DATA_TYPE_ID, DATA_SIZE, DATA_SCALE, PRIMARY_KEY, UNIQUE_KEY, NULLABLE, DEFAULT_VALUE, SEQUENTIAL_ID, MINIMUM_VALUE, MAXIMUM_VALUE, SECURITY_LEVEL, READONLY, HIDDEN, DESCRIPTION, LABEL, TOOLTIP, MASK, VALIDATION, CALCULATION) values ('ALL', 'USER_ACCESS', 'LAST_CHANGE', 3, 'Date', 0, 0, '0', '0', '0', null, null, null, null, 0, '0', '0', 'Last change', 'lastChange', null, null, null, null);
insert into ENTITY_FIELD (COMPANY_ID, TABLE_ID, FIELD_ID, FIELD_ORDER, DATA_TYPE_ID, DATA_SIZE, DATA_SCALE, PRIMARY_KEY, UNIQUE_KEY, NULLABLE, DEFAULT_VALUE, SEQUENTIAL_ID, MINIMUM_VALUE, MAXIMUM_VALUE, SECURITY_LEVEL, READONLY, HIDDEN, DESCRIPTION, LABEL, TOOLTIP, MASK, VALIDATION, CALCULATION) values ('ALL', 'USER_ACCESS', 'QUESTION', 4, 'String', 100, 0, '0', '0', '1', null, null, null, null, 0, '0', '0', 'Question', 'question', null, null, null, null);
insert into ENTITY_FIELD (COMPANY_ID, TABLE_ID, FIELD_ID, FIELD_ORDER, DATA_TYPE_ID, DATA_SIZE, DATA_SCALE, PRIMARY_KEY, UNIQUE_KEY, NULLABLE, DEFAULT_VALUE, SEQUENTIAL_ID, MINIMUM_VALUE, MAXIMUM_VALUE, SECURITY_LEVEL, READONLY, HIDDEN, DESCRIPTION, LABEL, TOOLTIP, MASK, VALIDATION, CALCULATION) values ('ALL', 'USER_ACCESS', 'USER_ID', 1, 'String', 20, 0, '1', '0', '0', null, null, null, null, 0, '0', '0', 'User Id', 'userId', null, null, null, null);
insert into ENTITY_FIELD (COMPANY_ID, TABLE_ID, FIELD_ID, FIELD_ORDER, DATA_TYPE_ID, DATA_SIZE, DATA_SCALE, PRIMARY_KEY, UNIQUE_KEY, NULLABLE, DEFAULT_VALUE, SEQUENTIAL_ID, MINIMUM_VALUE, MAXIMUM_VALUE, SECURITY_LEVEL, READONLY, HIDDEN, DESCRIPTION, LABEL, TOOLTIP, MASK, VALIDATION, CALCULATION) values ('ALL', 'USER_ACCESS', 'USER_KEY', 2, 'String', 20, 0, '0', '0', '0', null, null, null, null, 0, '0', '0', 'User Key', 'userKey', null, null, null, null);
insert into ENTITY_FIELD (COMPANY_ID, TABLE_ID, FIELD_ID, FIELD_ORDER, DATA_TYPE_ID, DATA_SIZE, DATA_SCALE, PRIMARY_KEY, UNIQUE_KEY, NULLABLE, DEFAULT_VALUE, SEQUENTIAL_ID, MINIMUM_VALUE, MAXIMUM_VALUE, SECURITY_LEVEL, READONLY, HIDDEN, DESCRIPTION, LABEL, TOOLTIP, MASK, VALIDATION, CALCULATION) values ('ALL', 'USER_ACCOUNT', 'EMAIL', 6, 'String', 100, 0, '0', '0', '0', null, null, null, null, 0, '0', '0', 'Email', 'email', null, null, null, null);
insert into ENTITY_FIELD (COMPANY_ID, TABLE_ID, FIELD_ID, FIELD_ORDER, DATA_TYPE_ID, DATA_SIZE, DATA_SCALE, PRIMARY_KEY, UNIQUE_KEY, NULLABLE, DEFAULT_VALUE, SEQUENTIAL_ID, MINIMUM_VALUE, MAXIMUM_VALUE, SECURITY_LEVEL, READONLY, HIDDEN, DESCRIPTION, LABEL, TOOLTIP, MASK, VALIDATION, CALCULATION) values ('ALL', 'USER_ACCOUNT', 'LANGUAGE_ID', 5, 'String', 4, 0, '0', '0', '0', null, null, null, null, 0, '0', '0', 'Language Id', 'languageId', null, null, null, null);
insert into ENTITY_FIELD (COMPANY_ID, TABLE_ID, FIELD_ID, FIELD_ORDER, DATA_TYPE_ID, DATA_SIZE, DATA_SCALE, PRIMARY_KEY, UNIQUE_KEY, NULLABLE, DEFAULT_VALUE, SEQUENTIAL_ID, MINIMUM_VALUE, MAXIMUM_VALUE, SECURITY_LEVEL, READONLY, HIDDEN, DESCRIPTION, LABEL, TOOLTIP, MASK, VALIDATION, CALCULATION) values ('ALL', 'USER_ACCOUNT', 'NAME', 2, 'String', 40, 0, '0', '0', '0', null, null, null, null, 0, '0', '0', 'Name of user', 'name', null, null, null, null);
insert into ENTITY_FIELD (COMPANY_ID, TABLE_ID, FIELD_ID, FIELD_ORDER, DATA_TYPE_ID, DATA_SIZE, DATA_SCALE, PRIMARY_KEY, UNIQUE_KEY, NULLABLE, DEFAULT_VALUE, SEQUENTIAL_ID, MINIMUM_VALUE, MAXIMUM_VALUE, SECURITY_LEVEL, READONLY, HIDDEN, DESCRIPTION, LABEL, TOOLTIP, MASK, VALIDATION, CALCULATION) values ('ALL', 'USER_ACCOUNT', 'PERSON_ID', 7, 'Long', 10, 0, '0', '0', '1', null, null, null, null, 0, '0', '0', 'Person Id', 'personId', null, null, null, null);
insert into ENTITY_FIELD (COMPANY_ID, TABLE_ID, FIELD_ID, FIELD_ORDER, DATA_TYPE_ID, DATA_SIZE, DATA_SCALE, PRIMARY_KEY, UNIQUE_KEY, NULLABLE, DEFAULT_VALUE, SEQUENTIAL_ID, MINIMUM_VALUE, MAXIMUM_VALUE, SECURITY_LEVEL, READONLY, HIDDEN, DESCRIPTION, LABEL, TOOLTIP, MASK, VALIDATION, CALCULATION) values ('ALL', 'USER_ACCOUNT', 'USER_ID', 1, 'String', 20, 0, '1', '0', '0', null, null, null, null, 0, '0', '0', 'User Id', 'userId', null, null, null, null);
insert into ENTITY_FIELD (COMPANY_ID, TABLE_ID, FIELD_ID, FIELD_ORDER, DATA_TYPE_ID, DATA_SIZE, DATA_SCALE, PRIMARY_KEY, UNIQUE_KEY, NULLABLE, DEFAULT_VALUE, SEQUENTIAL_ID, MINIMUM_VALUE, MAXIMUM_VALUE, SECURITY_LEVEL, READONLY, HIDDEN, DESCRIPTION, LABEL, TOOLTIP, MASK, VALIDATION, CALCULATION) values ('ALL', 'USER_ACCOUNT', 'USER_STATUS_ID', 4, 'String', 4, 0, '0', '0', '0', null, null, null, null, 0, '0', '0', 'User status Id', 'userStatusId', null, null, null, null);
insert into ENTITY_FIELD (COMPANY_ID, TABLE_ID, FIELD_ID, FIELD_ORDER, DATA_TYPE_ID, DATA_SIZE, DATA_SCALE, PRIMARY_KEY, UNIQUE_KEY, NULLABLE, DEFAULT_VALUE, SEQUENTIAL_ID, MINIMUM_VALUE, MAXIMUM_VALUE, SECURITY_LEVEL, READONLY, HIDDEN, DESCRIPTION, LABEL, TOOLTIP, MASK, VALIDATION, CALCULATION) values ('ALL', 'USER_ACCOUNT', 'USER_TYPE_ID', 3, 'String', 4, 0, '0', '0', '0', null, null, null, null, 0, '0', '0', 'User type Id', 'userTypeId', null, null, null, null);
insert into ENTITY_FIELD (COMPANY_ID, TABLE_ID, FIELD_ID, FIELD_ORDER, DATA_TYPE_ID, DATA_SIZE, DATA_SCALE, PRIMARY_KEY, UNIQUE_KEY, NULLABLE, DEFAULT_VALUE, SEQUENTIAL_ID, MINIMUM_VALUE, MAXIMUM_VALUE, SECURITY_LEVEL, READONLY, HIDDEN, DESCRIPTION, LABEL, TOOLTIP, MASK, VALIDATION, CALCULATION) values ('ALL', 'USER_AUTHORIZATION', 'AUTHORIZER_ID', 2, 'String', 20, 0, '1', '0', '0', null, null, null, null, 0, '0', '0', 'Authorizer Id', 'authorizerId', null, null, null, null);
insert into ENTITY_FIELD (COMPANY_ID, TABLE_ID, FIELD_ID, FIELD_ORDER, DATA_TYPE_ID, DATA_SIZE, DATA_SCALE, PRIMARY_KEY, UNIQUE_KEY, NULLABLE, DEFAULT_VALUE, SEQUENTIAL_ID, MINIMUM_VALUE, MAXIMUM_VALUE, SECURITY_LEVEL, READONLY, HIDDEN, DESCRIPTION, LABEL, TOOLTIP, MASK, VALIDATION, CALCULATION) values ('ALL', 'USER_AUTHORIZATION', 'MODULE_ID', 4, 'String', 2, 0, '1', '0', '0', null, null, null, null, 0, '0', '0', 'Module Id', 'moduleId', null, null, null, null);
insert into ENTITY_FIELD (COMPANY_ID, TABLE_ID, FIELD_ID, FIELD_ORDER, DATA_TYPE_ID, DATA_SIZE, DATA_SCALE, PRIMARY_KEY, UNIQUE_KEY, NULLABLE, DEFAULT_VALUE, SEQUENTIAL_ID, MINIMUM_VALUE, MAXIMUM_VALUE, SECURITY_LEVEL, READONLY, HIDDEN, DESCRIPTION, LABEL, TOOLTIP, MASK, VALIDATION, CALCULATION) values ('ALL', 'USER_AUTHORIZATION', 'PROCESS_ID', 5, 'String', 2, 0, '1', '0', '0', null, null, null, null, 0, '0', '0', 'Process Id', 'processId', null, null, null, null);
insert into ENTITY_FIELD (COMPANY_ID, TABLE_ID, FIELD_ID, FIELD_ORDER, DATA_TYPE_ID, DATA_SIZE, DATA_SCALE, PRIMARY_KEY, UNIQUE_KEY, NULLABLE, DEFAULT_VALUE, SEQUENTIAL_ID, MINIMUM_VALUE, MAXIMUM_VALUE, SECURITY_LEVEL, READONLY, HIDDEN, DESCRIPTION, LABEL, TOOLTIP, MASK, VALIDATION, CALCULATION) values ('ALL', 'USER_AUTHORIZATION', 'SUBSYSTEM_ID', 3, 'String', 2, 0, '1', '0', '0', null, null, null, null, 0, '0', '0', 'Subsystem Id', 'subsystemId', null, null, null, null);
insert into ENTITY_FIELD (COMPANY_ID, TABLE_ID, FIELD_ID, FIELD_ORDER, DATA_TYPE_ID, DATA_SIZE, DATA_SCALE, PRIMARY_KEY, UNIQUE_KEY, NULLABLE, DEFAULT_VALUE, SEQUENTIAL_ID, MINIMUM_VALUE, MAXIMUM_VALUE, SECURITY_LEVEL, READONLY, HIDDEN, DESCRIPTION, LABEL, TOOLTIP, MASK, VALIDATION, CALCULATION) values ('ALL', 'USER_AUTHORIZATION', 'USER_ID', 1, 'String', 20, 0, '1', '0', '0', null, null, null, null, 0, '0', '0', 'User Id', 'userId', null, null, null, null);
insert into ENTITY_FIELD (COMPANY_ID, TABLE_ID, FIELD_ID, FIELD_ORDER, DATA_TYPE_ID, DATA_SIZE, DATA_SCALE, PRIMARY_KEY, UNIQUE_KEY, NULLABLE, DEFAULT_VALUE, SEQUENTIAL_ID, MINIMUM_VALUE, MAXIMUM_VALUE, SECURITY_LEVEL, READONLY, HIDDEN, DESCRIPTION, LABEL, TOOLTIP, MASK, VALIDATION, CALCULATION) values ('ALL', 'USER_NOTIFICATION', 'MESSAGE', 4, 'String', 4000, 0, '0', '0', '0', null, null, null, null, 0, '0', '0', 'Message', 'message', null, null, null, null);
insert into ENTITY_FIELD (COMPANY_ID, TABLE_ID, FIELD_ID, FIELD_ORDER, DATA_TYPE_ID, DATA_SIZE, DATA_SCALE, PRIMARY_KEY, UNIQUE_KEY, NULLABLE, DEFAULT_VALUE, SEQUENTIAL_ID, MINIMUM_VALUE, MAXIMUM_VALUE, SECURITY_LEVEL, READONLY, HIDDEN, DESCRIPTION, LABEL, TOOLTIP, MASK, VALIDATION, CALCULATION) values ('ALL', 'USER_NOTIFICATION', 'READ_', 5, 'Boolean', 1, 0, '0', '0', '0', '0', null, null, null, 0, '0', '0', 'Read', 'read', null, null, null, null);
insert into ENTITY_FIELD (COMPANY_ID, TABLE_ID, FIELD_ID, FIELD_ORDER, DATA_TYPE_ID, DATA_SIZE, DATA_SCALE, PRIMARY_KEY, UNIQUE_KEY, NULLABLE, DEFAULT_VALUE, SEQUENTIAL_ID, MINIMUM_VALUE, MAXIMUM_VALUE, SECURITY_LEVEL, READONLY, HIDDEN, DESCRIPTION, LABEL, TOOLTIP, MASK, VALIDATION, CALCULATION) values ('ALL', 'USER_NOTIFICATION', 'SUBJECT', 3, 'String', 100, 0, '0', '0', '0', null, null, null, null, 0, '0', '0', 'Subject', 'subject', null, null, null, null);
insert into ENTITY_FIELD (COMPANY_ID, TABLE_ID, FIELD_ID, FIELD_ORDER, DATA_TYPE_ID, DATA_SIZE, DATA_SCALE, PRIMARY_KEY, UNIQUE_KEY, NULLABLE, DEFAULT_VALUE, SEQUENTIAL_ID, MINIMUM_VALUE, MAXIMUM_VALUE, SECURITY_LEVEL, READONLY, HIDDEN, DESCRIPTION, LABEL, TOOLTIP, MASK, VALIDATION, CALCULATION) values ('ALL', 'USER_NOTIFICATION', 'USER_ID', 1, 'String', 20, 0, '1', '0', '0', null, null, null, null, 0, '0', '0', 'User Id', 'userId', null, null, null, null);
insert into ENTITY_FIELD (COMPANY_ID, TABLE_ID, FIELD_ID, FIELD_ORDER, DATA_TYPE_ID, DATA_SIZE, DATA_SCALE, PRIMARY_KEY, UNIQUE_KEY, NULLABLE, DEFAULT_VALUE, SEQUENTIAL_ID, MINIMUM_VALUE, MAXIMUM_VALUE, SECURITY_LEVEL, READONLY, HIDDEN, DESCRIPTION, LABEL, TOOLTIP, MASK, VALIDATION, CALCULATION) values ('ALL', 'USER_NOTIFICATION', 'USER_NOTIFICATION_TYPE_ID', 2, 'String', 4, 0, '0', '0', '0', null, null, null, null, 0, '0', '0', 'User notification type Id', 'userNotificationTypeId', null, null, null, null);
insert into ENTITY_FIELD (COMPANY_ID, TABLE_ID, FIELD_ID, FIELD_ORDER, DATA_TYPE_ID, DATA_SIZE, DATA_SCALE, PRIMARY_KEY, UNIQUE_KEY, NULLABLE, DEFAULT_VALUE, SEQUENTIAL_ID, MINIMUM_VALUE, MAXIMUM_VALUE, SECURITY_LEVEL, READONLY, HIDDEN, DESCRIPTION, LABEL, TOOLTIP, MASK, VALIDATION, CALCULATION) values ('ALL', 'USER_NOTIFICATION_TYPE', 'NAME', 2, 'String', 40, 0, '0', '0', '0', null, null, null, null, 0, '0', '0', 'Name of user notification type', 'name', null, null, null, null);
insert into ENTITY_FIELD (COMPANY_ID, TABLE_ID, FIELD_ID, FIELD_ORDER, DATA_TYPE_ID, DATA_SIZE, DATA_SCALE, PRIMARY_KEY, UNIQUE_KEY, NULLABLE, DEFAULT_VALUE, SEQUENTIAL_ID, MINIMUM_VALUE, MAXIMUM_VALUE, SECURITY_LEVEL, READONLY, HIDDEN, DESCRIPTION, LABEL, TOOLTIP, MASK, VALIDATION, CALCULATION) values ('ALL', 'USER_NOTIFICATION_TYPE', 'USER_NOTIFICATION_TYPE_ID', 1, 'String', 4, 0, '1', '0', '0', null, null, null, null, 0, '0', '0', 'User notification type Id', 'userNotificationTypeId', null, null, null, null);
insert into ENTITY_FIELD (COMPANY_ID, TABLE_ID, FIELD_ID, FIELD_ORDER, DATA_TYPE_ID, DATA_SIZE, DATA_SCALE, PRIMARY_KEY, UNIQUE_KEY, NULLABLE, DEFAULT_VALUE, SEQUENTIAL_ID, MINIMUM_VALUE, MAXIMUM_VALUE, SECURITY_LEVEL, READONLY, HIDDEN, DESCRIPTION, LABEL, TOOLTIP, MASK, VALIDATION, CALCULATION) values ('ALL', 'USER_PROFILE', 'PROFILE_ID', 2, 'String', 4, 0, '1', '0', '0', null, null, null, null, 0, '0', '0', 'Profile Id', 'profileId', null, null, null, null);
insert into ENTITY_FIELD (COMPANY_ID, TABLE_ID, FIELD_ID, FIELD_ORDER, DATA_TYPE_ID, DATA_SIZE, DATA_SCALE, PRIMARY_KEY, UNIQUE_KEY, NULLABLE, DEFAULT_VALUE, SEQUENTIAL_ID, MINIMUM_VALUE, MAXIMUM_VALUE, SECURITY_LEVEL, READONLY, HIDDEN, DESCRIPTION, LABEL, TOOLTIP, MASK, VALIDATION, CALCULATION) values ('ALL', 'USER_PROFILE', 'USER_ID', 1, 'String', 20, 0, '1', '0', '0', null, null, null, null, 0, '0', '0', 'User Id', 'userId', null, null, null, null);
insert into ENTITY_FIELD (COMPANY_ID, TABLE_ID, FIELD_ID, FIELD_ORDER, DATA_TYPE_ID, DATA_SIZE, DATA_SCALE, PRIMARY_KEY, UNIQUE_KEY, NULLABLE, DEFAULT_VALUE, SEQUENTIAL_ID, MINIMUM_VALUE, MAXIMUM_VALUE, SECURITY_LEVEL, READONLY, HIDDEN, DESCRIPTION, LABEL, TOOLTIP, MASK, VALIDATION, CALCULATION) values ('ALL', 'USER_SESSION', 'HOST_ID', 2, 'String', 40, 0, '1', '0', '0', null, null, null, null, 0, '0', '0', 'Host Id', 'hostId', null, null, null, null);
insert into ENTITY_FIELD (COMPANY_ID, TABLE_ID, FIELD_ID, FIELD_ORDER, DATA_TYPE_ID, DATA_SIZE, DATA_SCALE, PRIMARY_KEY, UNIQUE_KEY, NULLABLE, DEFAULT_VALUE, SEQUENTIAL_ID, MINIMUM_VALUE, MAXIMUM_VALUE, SECURITY_LEVEL, READONLY, HIDDEN, DESCRIPTION, LABEL, TOOLTIP, MASK, VALIDATION, CALCULATION) values ('ALL', 'USER_SESSION', 'TOKEN', 3, 'String', 100, 0, '0', '0', '0', null, null, null, null, 0, '0', '0', 'Token', 'token', null, null, null, null);
insert into ENTITY_FIELD (COMPANY_ID, TABLE_ID, FIELD_ID, FIELD_ORDER, DATA_TYPE_ID, DATA_SIZE, DATA_SCALE, PRIMARY_KEY, UNIQUE_KEY, NULLABLE, DEFAULT_VALUE, SEQUENTIAL_ID, MINIMUM_VALUE, MAXIMUM_VALUE, SECURITY_LEVEL, READONLY, HIDDEN, DESCRIPTION, LABEL, TOOLTIP, MASK, VALIDATION, CALCULATION) values ('ALL', 'USER_SESSION', 'USER_ID', 1, 'String', 20, 0, '1', '0', '0', null, null, null, null, 0, '0', '0', 'User Id', 'userId', null, null, null, null);
insert into ENTITY_FIELD (COMPANY_ID, TABLE_ID, FIELD_ID, FIELD_ORDER, DATA_TYPE_ID, DATA_SIZE, DATA_SCALE, PRIMARY_KEY, UNIQUE_KEY, NULLABLE, DEFAULT_VALUE, SEQUENTIAL_ID, MINIMUM_VALUE, MAXIMUM_VALUE, SECURITY_LEVEL, READONLY, HIDDEN, DESCRIPTION, LABEL, TOOLTIP, MASK, VALIDATION, CALCULATION) values ('ALL', 'USER_STATUS', 'NAME', 2, 'String', 40, 0, '0', '0', '0', null, null, null, null, 0, '0', '0', 'Name of user status', 'name', null, null, null, null);
insert into ENTITY_FIELD (COMPANY_ID, TABLE_ID, FIELD_ID, FIELD_ORDER, DATA_TYPE_ID, DATA_SIZE, DATA_SCALE, PRIMARY_KEY, UNIQUE_KEY, NULLABLE, DEFAULT_VALUE, SEQUENTIAL_ID, MINIMUM_VALUE, MAXIMUM_VALUE, SECURITY_LEVEL, READONLY, HIDDEN, DESCRIPTION, LABEL, TOOLTIP, MASK, VALIDATION, CALCULATION) values ('ALL', 'USER_STATUS', 'USER_STATUS_ID', 1, 'String', 4, 0, '1', '0', '0', null, null, null, null, 0, '0', '0', 'User status Id', 'userStatusId', null, null, null, null);
insert into ENTITY_FIELD (COMPANY_ID, TABLE_ID, FIELD_ID, FIELD_ORDER, DATA_TYPE_ID, DATA_SIZE, DATA_SCALE, PRIMARY_KEY, UNIQUE_KEY, NULLABLE, DEFAULT_VALUE, SEQUENTIAL_ID, MINIMUM_VALUE, MAXIMUM_VALUE, SECURITY_LEVEL, READONLY, HIDDEN, DESCRIPTION, LABEL, TOOLTIP, MASK, VALIDATION, CALCULATION) values ('ALL', 'USER_TYPE', 'NAME', 2, 'String', 40, 0, '0', '0', '0', null, null, null, null, 0, '0', '0', 'Name of user type', 'name', null, null, null, null);
insert into ENTITY_FIELD (COMPANY_ID, TABLE_ID, FIELD_ID, FIELD_ORDER, DATA_TYPE_ID, DATA_SIZE, DATA_SCALE, PRIMARY_KEY, UNIQUE_KEY, NULLABLE, DEFAULT_VALUE, SEQUENTIAL_ID, MINIMUM_VALUE, MAXIMUM_VALUE, SECURITY_LEVEL, READONLY, HIDDEN, DESCRIPTION, LABEL, TOOLTIP, MASK, VALIDATION, CALCULATION) values ('ALL', 'USER_TYPE', 'USER_TYPE_ID', 1, 'String', 4, 0, '1', '0', '0', null, null, null, null, 0, '0', '0', 'User type Id', 'userTypeId', null, null, null, null);


