insert into CIVIL_STATUS_ID (CIVIL_STATUS_ID) values ('CAS');
insert into CIVIL_STATUS_ID (CIVIL_STATUS_ID) values ('DIV');
insert into CIVIL_STATUS_ID (CIVIL_STATUS_ID) values ('SEP');
insert into CIVIL_STATUS_ID (CIVIL_STATUS_ID) values ('SOL');
insert into CIVIL_STATUS_ID (CIVIL_STATUS_ID) values ('UNI');
insert into CIVIL_STATUS_ID (CIVIL_STATUS_ID) values ('VIU');

insert into CIVIL_STATUS (COMPANY_ID, LANGUAGE_ID, CIVIL_STATUS_ID, NAME) values ('MXT', 'ES', 'CAS', 'CASADO(A)');
insert into CIVIL_STATUS (COMPANY_ID, LANGUAGE_ID, CIVIL_STATUS_ID, NAME) values ('MXT', 'ES', 'DIV', 'DIVORCIADO(A)');
insert into CIVIL_STATUS (COMPANY_ID, LANGUAGE_ID, CIVIL_STATUS_ID, NAME) values ('MXT', 'ES', 'SEP', 'SEPARADO(A)');
insert into CIVIL_STATUS (COMPANY_ID, LANGUAGE_ID, CIVIL_STATUS_ID, NAME) values ('MXT', 'ES', 'SOL', 'SOLTERO(A)');
insert into CIVIL_STATUS (COMPANY_ID, LANGUAGE_ID, CIVIL_STATUS_ID, NAME) values ('MXT', 'ES', 'UNI', 'UNION LIBRE');
insert into CIVIL_STATUS (COMPANY_ID, LANGUAGE_ID, CIVIL_STATUS_ID, NAME) values ('MXT', 'ES', 'VIU', 'VIUDO(A)');

insert into GENDER_TYPE_ID (GENDER_TYPE_ID) values ('F');
insert into GENDER_TYPE_ID (GENDER_TYPE_ID) values ('M');

insert into GENDER_TYPE (LANGUAGE_ID, GENDER_TYPE_ID, NAME) values ('ES', 'F', 'FEMENINO');
insert into GENDER_TYPE (LANGUAGE_ID, GENDER_TYPE_ID, NAME) values ('ES', 'M', 'MASCULINO');

insert into IDENTIFICATION_TYPE_ID (IDENTIFICATION_TYPE_ID) values ('CED');
insert into IDENTIFICATION_TYPE_ID (IDENTIFICATION_TYPE_ID) values ('RUC');
insert into IDENTIFICATION_TYPE_ID (IDENTIFICATION_TYPE_ID) values ('PER');
insert into IDENTIFICATION_TYPE_ID (IDENTIFICATION_TYPE_ID) values ('PSE');

insert into IDENTIFICATION_TYPE (COMPANY_ID, LANGUAGE_ID, IDENTIFICATION_TYPE_ID, NAME) values ('MXT', 'ES', 'CED', 'CEDULA DE IDENTIDAD');
insert into IDENTIFICATION_TYPE (COMPANY_ID, LANGUAGE_ID, IDENTIFICATION_TYPE_ID, NAME) values ('MXT', 'ES', 'PER', 'PERSONA SIN IDENTIFICACION');
insert into IDENTIFICATION_TYPE (COMPANY_ID, LANGUAGE_ID, IDENTIFICATION_TYPE_ID, NAME) values ('MXT', 'ES', 'PSE', 'PASAPORTE EXTRANJERO');
insert into IDENTIFICATION_TYPE (COMPANY_ID, LANGUAGE_ID, IDENTIFICATION_TYPE_ID, NAME) values ('MXT', 'ES', 'RUC', 'RUC');

INSERT INTO PERSON_TYPE_ID (PERSON_TYPE_ID) VALUES ('JUR'), ('NAT');
INSERT INTO PERSON_TYPE (COMPANY_ID, LANGUAGE_ID, PERSON_TYPE_ID, NAME) VALUES ('MXT', 'ES', 'JUR', 'JURIDICA'), ('MXT', 'ES', 'NAT', 'NATURAL');


INSERT INTO PHONE_TYPE_ID (PHONE_TYPE_ID) VALUES ('CEL');
INSERT INTO PHONE_TYPE_ID (PHONE_TYPE_ID) VALUES ('FAX');
INSERT INTO PHONE_TYPE_ID (PHONE_TYPE_ID) VALUES ('TEL');
INSERT INTO PHONE_TYPE_ID (PHONE_TYPE_ID) VALUES ('C/W');
INSERT INTO PHONE_TYPE_ID (PHONE_TYPE_ID) VALUES ('ALE');
INSERT INTO PHONE_TYPE_ID (PHONE_TYPE_ID) VALUES ('MOV');
INSERT INTO PHONE_TYPE_ID (PHONE_TYPE_ID) VALUES ('POR');
INSERT INTO PHONE_TYPE_ID (PHONE_TYPE_ID) VALUES ('TFX');

INSERT INTO PHONE_TYPE (COMPANY_ID, LANGUAGE_ID,PHONE_TYPE_ID,NAME) VALUES ('MXT','ES','CEL','CELULAR');
INSERT INTO PHONE_TYPE (COMPANY_ID, LANGUAGE_ID,PHONE_TYPE_ID,NAME) VALUES ('MXT','ES','FAX','FAX');
INSERT INTO PHONE_TYPE (COMPANY_ID, LANGUAGE_ID,PHONE_TYPE_ID,NAME) VALUES ('MXT','ES','TEL','TELEFONO NOR');
INSERT INTO PHONE_TYPE (COMPANY_ID, LANGUAGE_ID,PHONE_TYPE_ID,NAME) VALUES ('MXT','ES','C/W','CABLE / WIRL');
INSERT INTO PHONE_TYPE (COMPANY_ID, LANGUAGE_ID,PHONE_TYPE_ID,NAME) VALUES ('MXT','ES','ALE','ALEGRO');
INSERT INTO PHONE_TYPE (COMPANY_ID, LANGUAGE_ID,PHONE_TYPE_ID,NAME) VALUES ('MXT','ES','MOV','MOVISTAR');
INSERT INTO PHONE_TYPE (COMPANY_ID, LANGUAGE_ID,PHONE_TYPE_ID,NAME) VALUES ('MXT','ES','POR','CLARO');
INSERT INTO PHONE_TYPE (COMPANY_ID, LANGUAGE_ID,PHONE_TYPE_ID,NAME) VALUES ('MXT','ES','TFX','TELEFONO Y FAX');


insert into PROFESSION_TYPE_ID (PROFESSION_TYPE_ID) values ('0');
insert into PROFESSION_TYPE_ID (PROFESSION_TYPE_ID) values ('1');
insert into PROFESSION_TYPE_ID (PROFESSION_TYPE_ID) values ('2');
insert into PROFESSION_TYPE_ID (PROFESSION_TYPE_ID) values ('3');
insert into PROFESSION_TYPE_ID (PROFESSION_TYPE_ID) values ('4');
insert into PROFESSION_TYPE_ID (PROFESSION_TYPE_ID) values ('5');
insert into PROFESSION_TYPE_ID (PROFESSION_TYPE_ID) values ('6');
insert into PROFESSION_TYPE_ID (PROFESSION_TYPE_ID) values ('7');
insert into PROFESSION_TYPE_ID (PROFESSION_TYPE_ID) values ('8');
insert into PROFESSION_TYPE_ID (PROFESSION_TYPE_ID) values ('9');
insert into PROFESSION_TYPE_ID (PROFESSION_TYPE_ID) values ('10');
insert into PROFESSION_TYPE_ID (PROFESSION_TYPE_ID) values ('11');
insert into PROFESSION_TYPE_ID (PROFESSION_TYPE_ID) values ('12');
insert into PROFESSION_TYPE_ID (PROFESSION_TYPE_ID) values ('13');
insert into PROFESSION_TYPE_ID (PROFESSION_TYPE_ID) values ('14');
insert into PROFESSION_TYPE_ID (PROFESSION_TYPE_ID) values ('15');
insert into PROFESSION_TYPE_ID (PROFESSION_TYPE_ID) values ('16');
insert into PROFESSION_TYPE_ID (PROFESSION_TYPE_ID) values ('17');
insert into PROFESSION_TYPE_ID (PROFESSION_TYPE_ID) values ('18');
insert into PROFESSION_TYPE_ID (PROFESSION_TYPE_ID) values ('19');
insert into PROFESSION_TYPE_ID (PROFESSION_TYPE_ID) values ('20');
insert into PROFESSION_TYPE_ID (PROFESSION_TYPE_ID) values ('21');
insert into PROFESSION_TYPE_ID (PROFESSION_TYPE_ID) values ('22');
insert into PROFESSION_TYPE_ID (PROFESSION_TYPE_ID) values ('23');
insert into PROFESSION_TYPE_ID (PROFESSION_TYPE_ID) values ('24');
insert into PROFESSION_TYPE_ID (PROFESSION_TYPE_ID) values ('25');
insert into PROFESSION_TYPE_ID (PROFESSION_TYPE_ID) values ('26');
insert into PROFESSION_TYPE_ID (PROFESSION_TYPE_ID) values ('27');
insert into PROFESSION_TYPE_ID (PROFESSION_TYPE_ID) values ('28');
insert into PROFESSION_TYPE_ID (PROFESSION_TYPE_ID) values ('29');
insert into PROFESSION_TYPE_ID (PROFESSION_TYPE_ID) values ('30');
insert into PROFESSION_TYPE_ID (PROFESSION_TYPE_ID) values ('31');
insert into PROFESSION_TYPE_ID (PROFESSION_TYPE_ID) values ('32');
insert into PROFESSION_TYPE_ID (PROFESSION_TYPE_ID) values ('33');
insert into PROFESSION_TYPE_ID (PROFESSION_TYPE_ID) values ('34');
insert into PROFESSION_TYPE_ID (PROFESSION_TYPE_ID) values ('35');
insert into PROFESSION_TYPE_ID (PROFESSION_TYPE_ID) values ('36');
insert into PROFESSION_TYPE_ID (PROFESSION_TYPE_ID) values ('37');
insert into PROFESSION_TYPE_ID (PROFESSION_TYPE_ID) values ('38');
insert into PROFESSION_TYPE_ID (PROFESSION_TYPE_ID) values ('39');
insert into PROFESSION_TYPE_ID (PROFESSION_TYPE_ID) values ('40');
insert into PROFESSION_TYPE_ID (PROFESSION_TYPE_ID) values ('41');
insert into PROFESSION_TYPE_ID (PROFESSION_TYPE_ID) values ('42');
insert into PROFESSION_TYPE_ID (PROFESSION_TYPE_ID) values ('43');
insert into PROFESSION_TYPE_ID (PROFESSION_TYPE_ID) values ('44');
insert into PROFESSION_TYPE_ID (PROFESSION_TYPE_ID) values ('45');
insert into PROFESSION_TYPE_ID (PROFESSION_TYPE_ID) values ('46');
insert into PROFESSION_TYPE_ID (PROFESSION_TYPE_ID) values ('47');
insert into PROFESSION_TYPE_ID (PROFESSION_TYPE_ID) values ('48');
insert into PROFESSION_TYPE_ID (PROFESSION_TYPE_ID) values ('49');
insert into PROFESSION_TYPE_ID (PROFESSION_TYPE_ID) values ('50');
insert into PROFESSION_TYPE_ID (PROFESSION_TYPE_ID) values ('51');
insert into PROFESSION_TYPE_ID (PROFESSION_TYPE_ID) values ('52');
insert into PROFESSION_TYPE_ID (PROFESSION_TYPE_ID) values ('53');
insert into PROFESSION_TYPE_ID (PROFESSION_TYPE_ID) values ('54');
insert into PROFESSION_TYPE_ID (PROFESSION_TYPE_ID) values ('55');
insert into PROFESSION_TYPE_ID (PROFESSION_TYPE_ID) values ('56');
insert into PROFESSION_TYPE_ID (PROFESSION_TYPE_ID) values ('57');
insert into PROFESSION_TYPE_ID (PROFESSION_TYPE_ID) values ('58');
insert into PROFESSION_TYPE_ID (PROFESSION_TYPE_ID) values ('59');
insert into PROFESSION_TYPE_ID (PROFESSION_TYPE_ID) values ('60');
insert into PROFESSION_TYPE_ID (PROFESSION_TYPE_ID) values ('61');
insert into PROFESSION_TYPE_ID (PROFESSION_TYPE_ID) values ('62');
insert into PROFESSION_TYPE_ID (PROFESSION_TYPE_ID) values ('63');
insert into PROFESSION_TYPE_ID (PROFESSION_TYPE_ID) values ('64');
insert into PROFESSION_TYPE_ID (PROFESSION_TYPE_ID) values ('65');
insert into PROFESSION_TYPE_ID (PROFESSION_TYPE_ID) values ('66');
insert into PROFESSION_TYPE_ID (PROFESSION_TYPE_ID) values ('67');
insert into PROFESSION_TYPE_ID (PROFESSION_TYPE_ID) values ('68');
insert into PROFESSION_TYPE_ID (PROFESSION_TYPE_ID) values ('69');
insert into PROFESSION_TYPE_ID (PROFESSION_TYPE_ID) values ('70');
insert into PROFESSION_TYPE_ID (PROFESSION_TYPE_ID) values ('71');
insert into PROFESSION_TYPE_ID (PROFESSION_TYPE_ID) values ('72');
insert into PROFESSION_TYPE_ID (PROFESSION_TYPE_ID) values ('73');
insert into PROFESSION_TYPE_ID (PROFESSION_TYPE_ID) values ('74');
insert into PROFESSION_TYPE_ID (PROFESSION_TYPE_ID) values ('75');
insert into PROFESSION_TYPE_ID (PROFESSION_TYPE_ID) values ('76');
insert into PROFESSION_TYPE_ID (PROFESSION_TYPE_ID) values ('77');
insert into PROFESSION_TYPE_ID (PROFESSION_TYPE_ID) values ('78');
insert into PROFESSION_TYPE_ID (PROFESSION_TYPE_ID) values ('79');
insert into PROFESSION_TYPE_ID (PROFESSION_TYPE_ID) values ('80');
insert into PROFESSION_TYPE_ID (PROFESSION_TYPE_ID) values ('81');
insert into PROFESSION_TYPE_ID (PROFESSION_TYPE_ID) values ('82');
insert into PROFESSION_TYPE_ID (PROFESSION_TYPE_ID) values ('83');
insert into PROFESSION_TYPE_ID (PROFESSION_TYPE_ID) values ('84');
insert into PROFESSION_TYPE_ID (PROFESSION_TYPE_ID) values ('85');
insert into PROFESSION_TYPE_ID (PROFESSION_TYPE_ID) values ('86');
insert into PROFESSION_TYPE_ID (PROFESSION_TYPE_ID) values ('87');
insert into PROFESSION_TYPE_ID (PROFESSION_TYPE_ID) values ('88');
insert into PROFESSION_TYPE_ID (PROFESSION_TYPE_ID) values ('89');
insert into PROFESSION_TYPE_ID (PROFESSION_TYPE_ID) values ('90');
insert into PROFESSION_TYPE_ID (PROFESSION_TYPE_ID) values ('91');
insert into PROFESSION_TYPE_ID (PROFESSION_TYPE_ID) values ('92');
insert into PROFESSION_TYPE_ID (PROFESSION_TYPE_ID) values ('93');
insert into PROFESSION_TYPE_ID (PROFESSION_TYPE_ID) values ('94');
insert into PROFESSION_TYPE_ID (PROFESSION_TYPE_ID) values ('95');
insert into PROFESSION_TYPE_ID (PROFESSION_TYPE_ID) values ('96');
insert into PROFESSION_TYPE_ID (PROFESSION_TYPE_ID) values ('97');
insert into PROFESSION_TYPE_ID (PROFESSION_TYPE_ID) values ('98');
insert into PROFESSION_TYPE_ID (PROFESSION_TYPE_ID) values ('99');
insert into PROFESSION_TYPE_ID (PROFESSION_TYPE_ID) values ('100');
insert into PROFESSION_TYPE_ID (PROFESSION_TYPE_ID) values ('101');
insert into PROFESSION_TYPE_ID (PROFESSION_TYPE_ID) values ('102');
insert into PROFESSION_TYPE_ID (PROFESSION_TYPE_ID) values ('103');
insert into PROFESSION_TYPE_ID (PROFESSION_TYPE_ID) values ('104');
insert into PROFESSION_TYPE_ID (PROFESSION_TYPE_ID) values ('105');
insert into PROFESSION_TYPE_ID (PROFESSION_TYPE_ID) values ('106');
insert into PROFESSION_TYPE_ID (PROFESSION_TYPE_ID) values ('107');
insert into PROFESSION_TYPE_ID (PROFESSION_TYPE_ID) values ('108');
insert into PROFESSION_TYPE_ID (PROFESSION_TYPE_ID) values ('109');
insert into PROFESSION_TYPE_ID (PROFESSION_TYPE_ID) values ('110');
insert into PROFESSION_TYPE_ID (PROFESSION_TYPE_ID) values ('111');
insert into PROFESSION_TYPE_ID (PROFESSION_TYPE_ID) values ('112');
insert into PROFESSION_TYPE_ID (PROFESSION_TYPE_ID) values ('113');
insert into PROFESSION_TYPE_ID (PROFESSION_TYPE_ID) values ('114');
insert into PROFESSION_TYPE_ID (PROFESSION_TYPE_ID) values ('115');
insert into PROFESSION_TYPE_ID (PROFESSION_TYPE_ID) values ('116');
insert into PROFESSION_TYPE_ID (PROFESSION_TYPE_ID) values ('117');
insert into PROFESSION_TYPE_ID (PROFESSION_TYPE_ID) values ('118');
insert into PROFESSION_TYPE_ID (PROFESSION_TYPE_ID) values ('119');
insert into PROFESSION_TYPE_ID (PROFESSION_TYPE_ID) values ('120');
insert into PROFESSION_TYPE_ID (PROFESSION_TYPE_ID) values ('121');
insert into PROFESSION_TYPE_ID (PROFESSION_TYPE_ID) values ('122');
insert into PROFESSION_TYPE_ID (PROFESSION_TYPE_ID) values ('123');
insert into PROFESSION_TYPE_ID (PROFESSION_TYPE_ID) values ('124');
insert into PROFESSION_TYPE_ID (PROFESSION_TYPE_ID) values ('125');
insert into PROFESSION_TYPE_ID (PROFESSION_TYPE_ID) values ('126');
insert into PROFESSION_TYPE_ID (PROFESSION_TYPE_ID) values ('127');
insert into PROFESSION_TYPE_ID (PROFESSION_TYPE_ID) values ('128');
insert into PROFESSION_TYPE_ID (PROFESSION_TYPE_ID) values ('129');
insert into PROFESSION_TYPE_ID (PROFESSION_TYPE_ID) values ('130');
insert into PROFESSION_TYPE_ID (PROFESSION_TYPE_ID) values ('131');
insert into PROFESSION_TYPE_ID (PROFESSION_TYPE_ID) values ('132');
insert into PROFESSION_TYPE_ID (PROFESSION_TYPE_ID) values ('133');
insert into PROFESSION_TYPE_ID (PROFESSION_TYPE_ID) values ('134');
insert into PROFESSION_TYPE_ID (PROFESSION_TYPE_ID) values ('135');
insert into PROFESSION_TYPE_ID (PROFESSION_TYPE_ID) values ('136');
insert into PROFESSION_TYPE_ID (PROFESSION_TYPE_ID) values ('137');
insert into PROFESSION_TYPE_ID (PROFESSION_TYPE_ID) values ('138');
insert into PROFESSION_TYPE_ID (PROFESSION_TYPE_ID) values ('139');
insert into PROFESSION_TYPE_ID (PROFESSION_TYPE_ID) values ('140');
insert into PROFESSION_TYPE_ID (PROFESSION_TYPE_ID) values ('141');
insert into PROFESSION_TYPE_ID (PROFESSION_TYPE_ID) values ('142');
insert into PROFESSION_TYPE_ID (PROFESSION_TYPE_ID) values ('143');
insert into PROFESSION_TYPE_ID (PROFESSION_TYPE_ID) values ('144');
insert into PROFESSION_TYPE_ID (PROFESSION_TYPE_ID) values ('145');
insert into PROFESSION_TYPE_ID (PROFESSION_TYPE_ID) values ('146');
insert into PROFESSION_TYPE_ID (PROFESSION_TYPE_ID) values ('147');
insert into PROFESSION_TYPE_ID (PROFESSION_TYPE_ID) values ('148');
insert into PROFESSION_TYPE_ID (PROFESSION_TYPE_ID) values ('149');
insert into PROFESSION_TYPE_ID (PROFESSION_TYPE_ID) values ('150');
insert into PROFESSION_TYPE_ID (PROFESSION_TYPE_ID) values ('151');
insert into PROFESSION_TYPE_ID (PROFESSION_TYPE_ID) values ('152');
insert into PROFESSION_TYPE_ID (PROFESSION_TYPE_ID) values ('153');
insert into PROFESSION_TYPE_ID (PROFESSION_TYPE_ID) values ('154');
insert into PROFESSION_TYPE_ID (PROFESSION_TYPE_ID) values ('155');
insert into PROFESSION_TYPE_ID (PROFESSION_TYPE_ID) values ('156');
insert into PROFESSION_TYPE_ID (PROFESSION_TYPE_ID) values ('157');
insert into PROFESSION_TYPE_ID (PROFESSION_TYPE_ID) values ('158');
insert into PROFESSION_TYPE_ID (PROFESSION_TYPE_ID) values ('159');
insert into PROFESSION_TYPE_ID (PROFESSION_TYPE_ID) values ('160');
insert into PROFESSION_TYPE_ID (PROFESSION_TYPE_ID) values ('161');
insert into PROFESSION_TYPE_ID (PROFESSION_TYPE_ID) values ('162');
insert into PROFESSION_TYPE_ID (PROFESSION_TYPE_ID) values ('163');
insert into PROFESSION_TYPE_ID (PROFESSION_TYPE_ID) values ('164');
insert into PROFESSION_TYPE_ID (PROFESSION_TYPE_ID) values ('165');
insert into PROFESSION_TYPE_ID (PROFESSION_TYPE_ID) values ('166');
insert into PROFESSION_TYPE_ID (PROFESSION_TYPE_ID) values ('167');
insert into PROFESSION_TYPE_ID (PROFESSION_TYPE_ID) values ('168');
insert into PROFESSION_TYPE_ID (PROFESSION_TYPE_ID) values ('169');
insert into PROFESSION_TYPE_ID (PROFESSION_TYPE_ID) values ('170');
insert into PROFESSION_TYPE_ID (PROFESSION_TYPE_ID) values ('171');
insert into PROFESSION_TYPE_ID (PROFESSION_TYPE_ID) values ('172');
insert into PROFESSION_TYPE_ID (PROFESSION_TYPE_ID) values ('173');
insert into PROFESSION_TYPE_ID (PROFESSION_TYPE_ID) values ('174');
insert into PROFESSION_TYPE_ID (PROFESSION_TYPE_ID) values ('175');
insert into PROFESSION_TYPE_ID (PROFESSION_TYPE_ID) values ('176');
insert into PROFESSION_TYPE_ID (PROFESSION_TYPE_ID) values ('177');
insert into PROFESSION_TYPE_ID (PROFESSION_TYPE_ID) values ('178');
insert into PROFESSION_TYPE_ID (PROFESSION_TYPE_ID) values ('179');
insert into PROFESSION_TYPE_ID (PROFESSION_TYPE_ID) values ('180');
insert into PROFESSION_TYPE_ID (PROFESSION_TYPE_ID) values ('181');
insert into PROFESSION_TYPE_ID (PROFESSION_TYPE_ID) values ('182');
insert into PROFESSION_TYPE_ID (PROFESSION_TYPE_ID) values ('183');
insert into PROFESSION_TYPE_ID (PROFESSION_TYPE_ID) values ('184');
insert into PROFESSION_TYPE_ID (PROFESSION_TYPE_ID) values ('185');
insert into PROFESSION_TYPE_ID (PROFESSION_TYPE_ID) values ('186');
insert into PROFESSION_TYPE_ID (PROFESSION_TYPE_ID) values ('187');
insert into PROFESSION_TYPE_ID (PROFESSION_TYPE_ID) values ('188');
insert into PROFESSION_TYPE_ID (PROFESSION_TYPE_ID) values ('189');
insert into PROFESSION_TYPE_ID (PROFESSION_TYPE_ID) values ('190');
insert into PROFESSION_TYPE_ID (PROFESSION_TYPE_ID) values ('191');
insert into PROFESSION_TYPE_ID (PROFESSION_TYPE_ID) values ('192');
insert into PROFESSION_TYPE_ID (PROFESSION_TYPE_ID) values ('193');
insert into PROFESSION_TYPE_ID (PROFESSION_TYPE_ID) values ('194');
insert into PROFESSION_TYPE_ID (PROFESSION_TYPE_ID) values ('195');
insert into PROFESSION_TYPE_ID (PROFESSION_TYPE_ID) values ('196');
insert into PROFESSION_TYPE_ID (PROFESSION_TYPE_ID) values ('197');
insert into PROFESSION_TYPE_ID (PROFESSION_TYPE_ID) values ('198');
insert into PROFESSION_TYPE_ID (PROFESSION_TYPE_ID) values ('199');
insert into PROFESSION_TYPE_ID (PROFESSION_TYPE_ID) values ('200');
insert into PROFESSION_TYPE_ID (PROFESSION_TYPE_ID) values ('201');
insert into PROFESSION_TYPE_ID (PROFESSION_TYPE_ID) values ('202');
insert into PROFESSION_TYPE_ID (PROFESSION_TYPE_ID) values ('203');
insert into PROFESSION_TYPE_ID (PROFESSION_TYPE_ID) values ('204');
insert into PROFESSION_TYPE_ID (PROFESSION_TYPE_ID) values ('205');
insert into PROFESSION_TYPE_ID (PROFESSION_TYPE_ID) values ('206');
insert into PROFESSION_TYPE_ID (PROFESSION_TYPE_ID) values ('207');
insert into PROFESSION_TYPE_ID (PROFESSION_TYPE_ID) values ('208');
insert into PROFESSION_TYPE_ID (PROFESSION_TYPE_ID) values ('209');
insert into PROFESSION_TYPE_ID (PROFESSION_TYPE_ID) values ('210');
insert into PROFESSION_TYPE_ID (PROFESSION_TYPE_ID) values ('211');
insert into PROFESSION_TYPE_ID (PROFESSION_TYPE_ID) values ('212');
insert into PROFESSION_TYPE_ID (PROFESSION_TYPE_ID) values ('213');
insert into PROFESSION_TYPE_ID (PROFESSION_TYPE_ID) values ('214');
insert into PROFESSION_TYPE_ID (PROFESSION_TYPE_ID) values ('215');
insert into PROFESSION_TYPE_ID (PROFESSION_TYPE_ID) values ('216');
insert into PROFESSION_TYPE_ID (PROFESSION_TYPE_ID) values ('217');
insert into PROFESSION_TYPE_ID (PROFESSION_TYPE_ID) values ('218');
insert into PROFESSION_TYPE_ID (PROFESSION_TYPE_ID) values ('219');
insert into PROFESSION_TYPE_ID (PROFESSION_TYPE_ID) values ('220');
insert into PROFESSION_TYPE_ID (PROFESSION_TYPE_ID) values ('221');
insert into PROFESSION_TYPE_ID (PROFESSION_TYPE_ID) values ('222');
insert into PROFESSION_TYPE_ID (PROFESSION_TYPE_ID) values ('223');
insert into PROFESSION_TYPE_ID (PROFESSION_TYPE_ID) values ('224');
insert into PROFESSION_TYPE_ID (PROFESSION_TYPE_ID) values ('225');
insert into PROFESSION_TYPE_ID (PROFESSION_TYPE_ID) values ('226');
insert into PROFESSION_TYPE_ID (PROFESSION_TYPE_ID) values ('227');
insert into PROFESSION_TYPE_ID (PROFESSION_TYPE_ID) values ('228');
insert into PROFESSION_TYPE_ID (PROFESSION_TYPE_ID) values ('229');
insert into PROFESSION_TYPE_ID (PROFESSION_TYPE_ID) values ('230');
insert into PROFESSION_TYPE_ID (PROFESSION_TYPE_ID) values ('231');
insert into PROFESSION_TYPE_ID (PROFESSION_TYPE_ID) values ('232');
insert into PROFESSION_TYPE_ID (PROFESSION_TYPE_ID) values ('233');
insert into PROFESSION_TYPE_ID (PROFESSION_TYPE_ID) values ('234');
insert into PROFESSION_TYPE_ID (PROFESSION_TYPE_ID) values ('235');
insert into PROFESSION_TYPE_ID (PROFESSION_TYPE_ID) values ('236');
insert into PROFESSION_TYPE_ID (PROFESSION_TYPE_ID) values ('237');
insert into PROFESSION_TYPE_ID (PROFESSION_TYPE_ID) values ('238');
insert into PROFESSION_TYPE_ID (PROFESSION_TYPE_ID) values ('239');
insert into PROFESSION_TYPE_ID (PROFESSION_TYPE_ID) values ('240');
insert into PROFESSION_TYPE_ID (PROFESSION_TYPE_ID) values ('241');
insert into PROFESSION_TYPE_ID (PROFESSION_TYPE_ID) values ('242');
insert into PROFESSION_TYPE_ID (PROFESSION_TYPE_ID) values ('243');
insert into PROFESSION_TYPE_ID (PROFESSION_TYPE_ID) values ('244');
insert into PROFESSION_TYPE_ID (PROFESSION_TYPE_ID) values ('245');
insert into PROFESSION_TYPE_ID (PROFESSION_TYPE_ID) values ('246');
insert into PROFESSION_TYPE_ID (PROFESSION_TYPE_ID) values ('247');
insert into PROFESSION_TYPE_ID (PROFESSION_TYPE_ID) values ('248');
insert into PROFESSION_TYPE_ID (PROFESSION_TYPE_ID) values ('249');
insert into PROFESSION_TYPE_ID (PROFESSION_TYPE_ID) values ('250');
insert into PROFESSION_TYPE_ID (PROFESSION_TYPE_ID) values ('251');
insert into PROFESSION_TYPE_ID (PROFESSION_TYPE_ID) values ('252');
insert into PROFESSION_TYPE_ID (PROFESSION_TYPE_ID) values ('253');
insert into PROFESSION_TYPE_ID (PROFESSION_TYPE_ID) values ('254');
insert into PROFESSION_TYPE_ID (PROFESSION_TYPE_ID) values ('255');
insert into PROFESSION_TYPE_ID (PROFESSION_TYPE_ID) values ('256');
insert into PROFESSION_TYPE_ID (PROFESSION_TYPE_ID) values ('257');
insert into PROFESSION_TYPE_ID (PROFESSION_TYPE_ID) values ('258');
insert into PROFESSION_TYPE_ID (PROFESSION_TYPE_ID) values ('259');
insert into PROFESSION_TYPE_ID (PROFESSION_TYPE_ID) values ('260');
insert into PROFESSION_TYPE_ID (PROFESSION_TYPE_ID) values ('261');
insert into PROFESSION_TYPE_ID (PROFESSION_TYPE_ID) values ('262');
insert into PROFESSION_TYPE_ID (PROFESSION_TYPE_ID) values ('263');
insert into PROFESSION_TYPE_ID (PROFESSION_TYPE_ID) values ('264');
insert into PROFESSION_TYPE_ID (PROFESSION_TYPE_ID) values ('265');
insert into PROFESSION_TYPE_ID (PROFESSION_TYPE_ID) values ('266');
insert into PROFESSION_TYPE_ID (PROFESSION_TYPE_ID) values ('267');
insert into PROFESSION_TYPE_ID (PROFESSION_TYPE_ID) values ('268');
insert into PROFESSION_TYPE_ID (PROFESSION_TYPE_ID) values ('269');
insert into PROFESSION_TYPE_ID (PROFESSION_TYPE_ID) values ('270');
insert into PROFESSION_TYPE_ID (PROFESSION_TYPE_ID) values ('271');
insert into PROFESSION_TYPE_ID (PROFESSION_TYPE_ID) values ('272');
insert into PROFESSION_TYPE_ID (PROFESSION_TYPE_ID) values ('273');
insert into PROFESSION_TYPE_ID (PROFESSION_TYPE_ID) values ('274');
insert into PROFESSION_TYPE_ID (PROFESSION_TYPE_ID) values ('275');
insert into PROFESSION_TYPE_ID (PROFESSION_TYPE_ID) values ('276');
insert into PROFESSION_TYPE_ID (PROFESSION_TYPE_ID) values ('277');
insert into PROFESSION_TYPE_ID (PROFESSION_TYPE_ID) values ('278');
insert into PROFESSION_TYPE_ID (PROFESSION_TYPE_ID) values ('279');
insert into PROFESSION_TYPE_ID (PROFESSION_TYPE_ID) values ('280');
insert into PROFESSION_TYPE_ID (PROFESSION_TYPE_ID) values ('281');
insert into PROFESSION_TYPE_ID (PROFESSION_TYPE_ID) values ('282');
insert into PROFESSION_TYPE_ID (PROFESSION_TYPE_ID) values ('283');
insert into PROFESSION_TYPE_ID (PROFESSION_TYPE_ID) values ('284');
insert into PROFESSION_TYPE_ID (PROFESSION_TYPE_ID) values ('285');
insert into PROFESSION_TYPE_ID (PROFESSION_TYPE_ID) values ('286');
insert into PROFESSION_TYPE_ID (PROFESSION_TYPE_ID) values ('287');
insert into PROFESSION_TYPE_ID (PROFESSION_TYPE_ID) values ('288');
insert into PROFESSION_TYPE_ID (PROFESSION_TYPE_ID) values ('289');
insert into PROFESSION_TYPE_ID (PROFESSION_TYPE_ID) values ('290');
insert into PROFESSION_TYPE_ID (PROFESSION_TYPE_ID) values ('291');
insert into PROFESSION_TYPE_ID (PROFESSION_TYPE_ID) values ('292');
insert into PROFESSION_TYPE_ID (PROFESSION_TYPE_ID) values ('293');
insert into PROFESSION_TYPE_ID (PROFESSION_TYPE_ID) values ('294');
insert into PROFESSION_TYPE_ID (PROFESSION_TYPE_ID) values ('295');
insert into PROFESSION_TYPE_ID (PROFESSION_TYPE_ID) values ('296');
insert into PROFESSION_TYPE_ID (PROFESSION_TYPE_ID) values ('297');
insert into PROFESSION_TYPE_ID (PROFESSION_TYPE_ID) values ('298');
insert into PROFESSION_TYPE_ID (PROFESSION_TYPE_ID) values ('299');
insert into PROFESSION_TYPE_ID (PROFESSION_TYPE_ID) values ('300');
insert into PROFESSION_TYPE_ID (PROFESSION_TYPE_ID) values ('301');
insert into PROFESSION_TYPE_ID (PROFESSION_TYPE_ID) values ('302');
insert into PROFESSION_TYPE_ID (PROFESSION_TYPE_ID) values ('303');
insert into PROFESSION_TYPE_ID (PROFESSION_TYPE_ID) values ('304');
insert into PROFESSION_TYPE_ID (PROFESSION_TYPE_ID) values ('305');
insert into PROFESSION_TYPE_ID (PROFESSION_TYPE_ID) values ('306');
insert into PROFESSION_TYPE_ID (PROFESSION_TYPE_ID) values ('307');
insert into PROFESSION_TYPE_ID (PROFESSION_TYPE_ID) values ('308');
insert into PROFESSION_TYPE_ID (PROFESSION_TYPE_ID) values ('309');
insert into PROFESSION_TYPE_ID (PROFESSION_TYPE_ID) values ('310');
insert into PROFESSION_TYPE_ID (PROFESSION_TYPE_ID) values ('311');
insert into PROFESSION_TYPE_ID (PROFESSION_TYPE_ID) values ('312');
insert into PROFESSION_TYPE_ID (PROFESSION_TYPE_ID) values ('313');
insert into PROFESSION_TYPE_ID (PROFESSION_TYPE_ID) values ('314');
insert into PROFESSION_TYPE_ID (PROFESSION_TYPE_ID) values ('315');
insert into PROFESSION_TYPE_ID (PROFESSION_TYPE_ID) values ('316');
insert into PROFESSION_TYPE_ID (PROFESSION_TYPE_ID) values ('317');
insert into PROFESSION_TYPE_ID (PROFESSION_TYPE_ID) values ('318');
insert into PROFESSION_TYPE_ID (PROFESSION_TYPE_ID) values ('319');
insert into PROFESSION_TYPE_ID (PROFESSION_TYPE_ID) values ('320');
insert into PROFESSION_TYPE_ID (PROFESSION_TYPE_ID) values ('321');
insert into PROFESSION_TYPE_ID (PROFESSION_TYPE_ID) values ('322');
insert into PROFESSION_TYPE_ID (PROFESSION_TYPE_ID) values ('323');
insert into PROFESSION_TYPE_ID (PROFESSION_TYPE_ID) values ('324');
insert into PROFESSION_TYPE_ID (PROFESSION_TYPE_ID) values ('325');
insert into PROFESSION_TYPE_ID (PROFESSION_TYPE_ID) values ('326');
insert into PROFESSION_TYPE_ID (PROFESSION_TYPE_ID) values ('327');
insert into PROFESSION_TYPE_ID (PROFESSION_TYPE_ID) values ('328');
insert into PROFESSION_TYPE_ID (PROFESSION_TYPE_ID) values ('329');
insert into PROFESSION_TYPE_ID (PROFESSION_TYPE_ID) values ('330');
insert into PROFESSION_TYPE_ID (PROFESSION_TYPE_ID) values ('331');
insert into PROFESSION_TYPE_ID (PROFESSION_TYPE_ID) values ('332');
insert into PROFESSION_TYPE_ID (PROFESSION_TYPE_ID) values ('333');
insert into PROFESSION_TYPE_ID (PROFESSION_TYPE_ID) values ('334');
insert into PROFESSION_TYPE_ID (PROFESSION_TYPE_ID) values ('335');
insert into PROFESSION_TYPE_ID (PROFESSION_TYPE_ID) values ('336');
insert into PROFESSION_TYPE_ID (PROFESSION_TYPE_ID) values ('337');
insert into PROFESSION_TYPE_ID (PROFESSION_TYPE_ID) values ('338');
insert into PROFESSION_TYPE_ID (PROFESSION_TYPE_ID) values ('339');
insert into PROFESSION_TYPE_ID (PROFESSION_TYPE_ID) values ('340');
insert into PROFESSION_TYPE_ID (PROFESSION_TYPE_ID) values ('341');
insert into PROFESSION_TYPE_ID (PROFESSION_TYPE_ID) values ('342');
insert into PROFESSION_TYPE_ID (PROFESSION_TYPE_ID) values ('343');
insert into PROFESSION_TYPE_ID (PROFESSION_TYPE_ID) values ('344');
insert into PROFESSION_TYPE_ID (PROFESSION_TYPE_ID) values ('345');
insert into PROFESSION_TYPE_ID (PROFESSION_TYPE_ID) values ('346');
insert into PROFESSION_TYPE_ID (PROFESSION_TYPE_ID) values ('347');
insert into PROFESSION_TYPE_ID (PROFESSION_TYPE_ID) values ('348');
insert into PROFESSION_TYPE_ID (PROFESSION_TYPE_ID) values ('349');
insert into PROFESSION_TYPE_ID (PROFESSION_TYPE_ID) values ('350');
insert into PROFESSION_TYPE_ID (PROFESSION_TYPE_ID) values ('351');
insert into PROFESSION_TYPE_ID (PROFESSION_TYPE_ID) values ('352');
insert into PROFESSION_TYPE_ID (PROFESSION_TYPE_ID) values ('353');
insert into PROFESSION_TYPE_ID (PROFESSION_TYPE_ID) values ('354');
insert into PROFESSION_TYPE_ID (PROFESSION_TYPE_ID) values ('355');
insert into PROFESSION_TYPE_ID (PROFESSION_TYPE_ID) values ('356');
insert into PROFESSION_TYPE_ID (PROFESSION_TYPE_ID) values ('357');
insert into PROFESSION_TYPE_ID (PROFESSION_TYPE_ID) values ('358');
insert into PROFESSION_TYPE_ID (PROFESSION_TYPE_ID) values ('359');


insert into PROFESSION_TYPE (COMPANY_ID, LANGUAGE_ID, PROFESSION_TYPE_ID, NAME) values ('MXT','ES','0','NO CODIFICADO');
insert into PROFESSION_TYPE (COMPANY_ID, LANGUAGE_ID, PROFESSION_TYPE_ID, NAME) values ('MXT','ES','1','NO USAR');
insert into PROFESSION_TYPE (COMPANY_ID, LANGUAGE_ID, PROFESSION_TYPE_ID, NAME) values ('MXT','ES','2','ABOGADO');
insert into PROFESSION_TYPE (COMPANY_ID, LANGUAGE_ID, PROFESSION_TYPE_ID, NAME) values ('MXT','ES','3','ACTOR/ACTRIZ DRAMATICO');
insert into PROFESSION_TYPE (COMPANY_ID, LANGUAGE_ID, PROFESSION_TYPE_ID, NAME) values ('MXT','ES','4','ADMINISTRADOR');
insert into PROFESSION_TYPE (COMPANY_ID, LANGUAGE_ID, PROFESSION_TYPE_ID, NAME) values ('MXT','ES','5','ADMINISTRADOR DE CEMENTERIOS');
insert into PROFESSION_TYPE (COMPANY_ID, LANGUAGE_ID, PROFESSION_TYPE_ID, NAME) values ('MXT','ES','6','ADMINISTRADOR DE EDIFICIOS');
insert into PROFESSION_TYPE (COMPANY_ID, LANGUAGE_ID, PROFESSION_TYPE_ID, NAME) values ('MXT','ES','7','ADMINISTRADOR DE INST. CORRECC');
insert into PROFESSION_TYPE (COMPANY_ID, LANGUAGE_ID, PROFESSION_TYPE_ID, NAME) values ('MXT','ES','8','ADMINISTRADOR DE PERSONAL');
insert into PROFESSION_TYPE (COMPANY_ID, LANGUAGE_ID, PROFESSION_TYPE_ID, NAME) values ('MXT','ES','9','ADMINISTRADOR DE RECORD MEDICO');
insert into PROFESSION_TYPE (COMPANY_ID, LANGUAGE_ID, PROFESSION_TYPE_ID, NAME) values ('MXT','ES','10','ADMINISTRADOR DE SEGURIDAD');
insert into PROFESSION_TYPE (COMPANY_ID, LANGUAGE_ID, PROFESSION_TYPE_ID, NAME) values ('MXT','ES','11','ADMINISTRADOR SEGUROS DE SALUD');
insert into PROFESSION_TYPE (COMPANY_ID, LANGUAGE_ID, PROFESSION_TYPE_ID, NAME) values ('MXT','ES','12','AGENTE DE RENTAS INTERNAS');
insert into PROFESSION_TYPE (COMPANY_ID, LANGUAGE_ID, PROFESSION_TYPE_ID, NAME) values ('MXT','ES','13','AGENTE DE SEGUROS');
insert into PROFESSION_TYPE (COMPANY_ID, LANGUAGE_ID, PROFESSION_TYPE_ID, NAME) values ('MXT','ES','14','AGENTE DE VIAJES');
insert into PROFESSION_TYPE (COMPANY_ID, LANGUAGE_ID, PROFESSION_TYPE_ID, NAME) values ('MXT','ES','15','AGENTE FEDERAL');
insert into PROFESSION_TYPE (COMPANY_ID, LANGUAGE_ID, PROFESSION_TYPE_ID, NAME) values ('MXT','ES','16','AGRICULTOR');
insert into PROFESSION_TYPE (COMPANY_ID, LANGUAGE_ID, PROFESSION_TYPE_ID, NAME) values ('MXT','ES','17','AGRIMENSOR');
insert into PROFESSION_TYPE (COMPANY_ID, LANGUAGE_ID, PROFESSION_TYPE_ID, NAME) values ('MXT','ES','18','AGRONOMO');
insert into PROFESSION_TYPE (COMPANY_ID, LANGUAGE_ID, PROFESSION_TYPE_ID, NAME) values ('MXT','ES','19','AJUSTADOR EXTERNO');
insert into PROFESSION_TYPE (COMPANY_ID, LANGUAGE_ID, PROFESSION_TYPE_ID, NAME) values ('MXT','ES','20','ALBAÑIL');
insert into PROFESSION_TYPE (COMPANY_ID, LANGUAGE_ID, PROFESSION_TYPE_ID, NAME) values ('MXT','ES','21','AMA DE CASA');
insert into PROFESSION_TYPE (COMPANY_ID, LANGUAGE_ID, PROFESSION_TYPE_ID, NAME) values ('MXT','ES','22','AMA DE LLAVES');
insert into PROFESSION_TYPE (COMPANY_ID, LANGUAGE_ID, PROFESSION_TYPE_ID, NAME) values ('MXT','ES','23','ANALISTA DE DERECHOS CIVILES');
insert into PROFESSION_TYPE (COMPANY_ID, LANGUAGE_ID, PROFESSION_TYPE_ID, NAME) values ('MXT','ES','24','ANALISTA DE PRESUPUESTO');
insert into PROFESSION_TYPE (COMPANY_ID, LANGUAGE_ID, PROFESSION_TYPE_ID, NAME) values ('MXT','ES','25','ANALISTA DE SISTEMAS');
insert into PROFESSION_TYPE (COMPANY_ID, LANGUAGE_ID, PROFESSION_TYPE_ID, NAME) values ('MXT','ES','26','ANALISTA DE TRANSP. INDUSTRIAL');
insert into PROFESSION_TYPE (COMPANY_ID, LANGUAGE_ID, PROFESSION_TYPE_ID, NAME) values ('MXT','ES','27','ANALISTA FINANCIERO');
insert into PROFESSION_TYPE (COMPANY_ID, LANGUAGE_ID, PROFESSION_TYPE_ID, NAME) values ('MXT','ES','28','ANALISTA QUIMICO');
insert into PROFESSION_TYPE (COMPANY_ID, LANGUAGE_ID, PROFESSION_TYPE_ID, NAME) values ('MXT','ES','29','ANESTESIOLOGO');
insert into PROFESSION_TYPE (COMPANY_ID, LANGUAGE_ID, PROFESSION_TYPE_ID, NAME) values ('MXT','ES','30','ANTROPOLOGO');
insert into PROFESSION_TYPE (COMPANY_ID, LANGUAGE_ID, PROFESSION_TYPE_ID, NAME) values ('MXT','ES','31','ARQUEOLOGO');
insert into PROFESSION_TYPE (COMPANY_ID, LANGUAGE_ID, PROFESSION_TYPE_ID, NAME) values ('MXT','ES','32','ARQUITECTO');
insert into PROFESSION_TYPE (COMPANY_ID, LANGUAGE_ID, PROFESSION_TYPE_ID, NAME) values ('MXT','ES','33','ARQUITECTO NAVAL');
insert into PROFESSION_TYPE (COMPANY_ID, LANGUAGE_ID, PROFESSION_TYPE_ID, NAME) values ('MXT','ES','34','ARTESANO');
insert into PROFESSION_TYPE (COMPANY_ID, LANGUAGE_ID, PROFESSION_TYPE_ID, NAME) values ('MXT','ES','35','ARTISTA COMERCIAL');
insert into PROFESSION_TYPE (COMPANY_ID, LANGUAGE_ID, PROFESSION_TYPE_ID, NAME) values ('MXT','ES','36','ARTISTA GRAFICO');
insert into PROFESSION_TYPE (COMPANY_ID, LANGUAGE_ID, PROFESSION_TYPE_ID, NAME) values ('MXT','ES','37','ARTISTA GRAFICO');
insert into PROFESSION_TYPE (COMPANY_ID, LANGUAGE_ID, PROFESSION_TYPE_ID, NAME) values ('MXT','ES','38','ASIST. PROTECCION DE AMBIENTE');
insert into PROFESSION_TYPE (COMPANY_ID, LANGUAGE_ID, PROFESSION_TYPE_ID, NAME) values ('MXT','ES','39','ASISTENTE ADMINISTRATIVO');
insert into PROFESSION_TYPE (COMPANY_ID, LANGUAGE_ID, PROFESSION_TYPE_ID, NAME) values ('MXT','ES','40','ASISTENTE DE GERENTE');
insert into PROFESSION_TYPE (COMPANY_ID, LANGUAGE_ID, PROFESSION_TYPE_ID, NAME) values ('MXT','ES','41','ASISTENTE DE MAESTRO');
insert into PROFESSION_TYPE (COMPANY_ID, LANGUAGE_ID, PROFESSION_TYPE_ID, NAME) values ('MXT','ES','42','ASISTENTE DE PRESUPUESTO');
insert into PROFESSION_TYPE (COMPANY_ID, LANGUAGE_ID, PROFESSION_TYPE_ID, NAME) values ('MXT','ES','43','ASISTENTE DE PROTECCION AMBIEN');
insert into PROFESSION_TYPE (COMPANY_ID, LANGUAGE_ID, PROFESSION_TYPE_ID, NAME) values ('MXT','ES','44','ASISTENTE DE SEGURIDAD');
insert into PROFESSION_TYPE (COMPANY_ID, LANGUAGE_ID, PROFESSION_TYPE_ID, NAME) values ('MXT','ES','45','ASISTENTE DE TRAFICO AEREO');
insert into PROFESSION_TYPE (COMPANY_ID, LANGUAGE_ID, PROFESSION_TYPE_ID, NAME) values ('MXT','ES','46','ASISTENTE DE VUELO');
insert into PROFESSION_TYPE (COMPANY_ID, LANGUAGE_ID, PROFESSION_TYPE_ID, NAME) values ('MXT','ES','47','ASISTENTE DENTAL');
insert into PROFESSION_TYPE (COMPANY_ID, LANGUAGE_ID, PROFESSION_TYPE_ID, NAME) values ('MXT','ES','48','ASISTENTE INVESTIGATIVO');
insert into PROFESSION_TYPE (COMPANY_ID, LANGUAGE_ID, PROFESSION_TYPE_ID, NAME) values ('MXT','ES','49','ASISTENTE TERAPEUTICA');
insert into PROFESSION_TYPE (COMPANY_ID, LANGUAGE_ID, PROFESSION_TYPE_ID, NAME) values ('MXT','ES','50','ASTRONOMO');
insert into PROFESSION_TYPE (COMPANY_ID, LANGUAGE_ID, PROFESSION_TYPE_ID, NAME) values ('MXT','ES','51','ATLETA');
insert into PROFESSION_TYPE (COMPANY_ID, LANGUAGE_ID, PROFESSION_TYPE_ID, NAME) values ('MXT','ES','52','AUDITOR');
insert into PROFESSION_TYPE (COMPANY_ID, LANGUAGE_ID, PROFESSION_TYPE_ID, NAME) values ('MXT','ES','53','AUDITOR DE IMPUESTOS');
insert into PROFESSION_TYPE (COMPANY_ID, LANGUAGE_ID, PROFESSION_TYPE_ID, NAME) values ('MXT','ES','54','AUDITOR DE INSTITUCIONES FINAN');
insert into PROFESSION_TYPE (COMPANY_ID, LANGUAGE_ID, PROFESSION_TYPE_ID, NAME) values ('MXT','ES','55','AUDITOR DE RECLAMOS');
insert into PROFESSION_TYPE (COMPANY_ID, LANGUAGE_ID, PROFESSION_TYPE_ID, NAME) values ('MXT','ES','56','AYUDANTE GENERAL');
insert into PROFESSION_TYPE (COMPANY_ID, LANGUAGE_ID, PROFESSION_TYPE_ID, NAME) values ('MXT','ES','57','BAILARIN');
insert into PROFESSION_TYPE (COMPANY_ID, LANGUAGE_ID, PROFESSION_TYPE_ID, NAME) values ('MXT','ES','58','BARBERO');
insert into PROFESSION_TYPE (COMPANY_ID, LANGUAGE_ID, PROFESSION_TYPE_ID, NAME) values ('MXT','ES','59','BENEFICIARIO DE SEGURO SOCIAL');
insert into PROFESSION_TYPE (COMPANY_ID, LANGUAGE_ID, PROFESSION_TYPE_ID, NAME) values ('MXT','ES','60','BIBLIOTECARIO');
insert into PROFESSION_TYPE (COMPANY_ID, LANGUAGE_ID, PROFESSION_TYPE_ID, NAME) values ('MXT','ES','61','BIENES RAICES');
insert into PROFESSION_TYPE (COMPANY_ID, LANGUAGE_ID, PROFESSION_TYPE_ID, NAME) values ('MXT','ES','62','BIOLOGO');
insert into PROFESSION_TYPE (COMPANY_ID, LANGUAGE_ID, PROFESSION_TYPE_ID, NAME) values ('MXT','ES','63','BIOLOGO MARINO');
insert into PROFESSION_TYPE (COMPANY_ID, LANGUAGE_ID, PROFESSION_TYPE_ID, NAME) values ('MXT','ES','64','BOMBERO');
insert into PROFESSION_TYPE (COMPANY_ID, LANGUAGE_ID, PROFESSION_TYPE_ID, NAME) values ('MXT','ES','65','CAJERO');
insert into PROFESSION_TYPE (COMPANY_ID, LANGUAGE_ID, PROFESSION_TYPE_ID, NAME) values ('MXT','ES','66','CANTINERO');
insert into PROFESSION_TYPE (COMPANY_ID, LANGUAGE_ID, PROFESSION_TYPE_ID, NAME) values ('MXT','ES','67','CAPATAZ');
insert into PROFESSION_TYPE (COMPANY_ID, LANGUAGE_ID, PROFESSION_TYPE_ID, NAME) values ('MXT','ES','68','CAPITAN DE BARCOS');
insert into PROFESSION_TYPE (COMPANY_ID, LANGUAGE_ID, PROFESSION_TYPE_ID, NAME) values ('MXT','ES','69','CARNICERO');
insert into PROFESSION_TYPE (COMPANY_ID, LANGUAGE_ID, PROFESSION_TYPE_ID, NAME) values ('MXT','ES','70','CARPINTERO');
insert into PROFESSION_TYPE (COMPANY_ID, LANGUAGE_ID, PROFESSION_TYPE_ID, NAME) values ('MXT','ES','71','CARTERO');
insert into PROFESSION_TYPE (COMPANY_ID, LANGUAGE_ID, PROFESSION_TYPE_ID, NAME) values ('MXT','ES','72','CARTOGRAFO');
insert into PROFESSION_TYPE (COMPANY_ID, LANGUAGE_ID, PROFESSION_TYPE_ID, NAME) values ('MXT','ES','73','CENTRO DE ENVEJECIENTES');
insert into PROFESSION_TYPE (COMPANY_ID, LANGUAGE_ID, PROFESSION_TYPE_ID, NAME) values ('MXT','ES','74','CHOFER');
insert into PROFESSION_TYPE (COMPANY_ID, LANGUAGE_ID, PROFESSION_TYPE_ID, NAME) values ('MXT','ES','75','CHOFER DE CAMIONES');
insert into PROFESSION_TYPE (COMPANY_ID, LANGUAGE_ID, PROFESSION_TYPE_ID, NAME) values ('MXT','ES','76','CHOFER DE TRENES');
insert into PROFESSION_TYPE (COMPANY_ID, LANGUAGE_ID, PROFESSION_TYPE_ID, NAME) values ('MXT','ES','77','CIRUJANO');
insert into PROFESSION_TYPE (COMPANY_ID, LANGUAGE_ID, PROFESSION_TYPE_ID, NAME) values ('MXT','ES','78','COBRADOR');
insert into PROFESSION_TYPE (COMPANY_ID, LANGUAGE_ID, PROFESSION_TYPE_ID, NAME) values ('MXT','ES','79','COCINERO');
insert into PROFESSION_TYPE (COMPANY_ID, LANGUAGE_ID, PROFESSION_TYPE_ID, NAME) values ('MXT','ES','80','COMERCIANTE');
insert into PROFESSION_TYPE (COMPANY_ID, LANGUAGE_ID, PROFESSION_TYPE_ID, NAME) values ('MXT','ES','81','COMITE CLASE GRADUADA');
insert into PROFESSION_TYPE (COMPANY_ID, LANGUAGE_ID, PROFESSION_TYPE_ID, NAME) values ('MXT','ES','82','CONSERJE');
insert into PROFESSION_TYPE (COMPANY_ID, LANGUAGE_ID, PROFESSION_TYPE_ID, NAME) values ('MXT','ES','83','CONTADOR');
insert into PROFESSION_TYPE (COMPANY_ID, LANGUAGE_ID, PROFESSION_TYPE_ID, NAME) values ('MXT','ES','84','CONTROL DE CALIDAD');
insert into PROFESSION_TYPE (COMPANY_ID, LANGUAGE_ID, PROFESSION_TYPE_ID, NAME) values ('MXT','ES','85','CONTROLADOR DE TRAFICO AEREO');
insert into PROFESSION_TYPE (COMPANY_ID, LANGUAGE_ID, PROFESSION_TYPE_ID, NAME) values ('MXT','ES','86','COORDINADOR DE ACTIVIDADES');
insert into PROFESSION_TYPE (COMPANY_ID, LANGUAGE_ID, PROFESSION_TYPE_ID, NAME) values ('MXT','ES','87','COORDINADOR SERV. A FAMILIA');
insert into PROFESSION_TYPE (COMPANY_ID, LANGUAGE_ID, PROFESSION_TYPE_ID, NAME) values ('MXT','ES','88','COSMETOLOGA');
insert into PROFESSION_TYPE (COMPANY_ID, LANGUAGE_ID, PROFESSION_TYPE_ID, NAME) values ('MXT','ES','89','COSTURERA');
insert into PROFESSION_TYPE (COMPANY_ID, LANGUAGE_ID, PROFESSION_TYPE_ID, NAME) values ('MXT','ES','90','DEALER DE AUTOS');
insert into PROFESSION_TYPE (COMPANY_ID, LANGUAGE_ID, PROFESSION_TYPE_ID, NAME) values ('MXT','ES','91','DEALER DE BOTES');
insert into PROFESSION_TYPE (COMPANY_ID, LANGUAGE_ID, PROFESSION_TYPE_ID, NAME) values ('MXT','ES','92','DECORADOR');
insert into PROFESSION_TYPE (COMPANY_ID, LANGUAGE_ID, PROFESSION_TYPE_ID, NAME) values ('MXT','ES','93','DELINEANTE');
insert into PROFESSION_TYPE (COMPANY_ID, LANGUAGE_ID, PROFESSION_TYPE_ID, NAME) values ('MXT','ES','94','DENTISTA');
insert into PROFESSION_TYPE (COMPANY_ID, LANGUAGE_ID, PROFESSION_TYPE_ID, NAME) values ('MXT','ES','95','DESEMPLEADO');
insert into PROFESSION_TYPE (COMPANY_ID, LANGUAGE_ID, PROFESSION_TYPE_ID, NAME) values ('MXT','ES','96','DIETISTA');
insert into PROFESSION_TYPE (COMPANY_ID, LANGUAGE_ID, PROFESSION_TYPE_ID, NAME) values ('MXT','ES','97','DINAMITERO');
insert into PROFESSION_TYPE (COMPANY_ID, LANGUAGE_ID, PROFESSION_TYPE_ID, NAME) values ('MXT','ES','98','DIRECTOR ESCOLAR');
insert into PROFESSION_TYPE (COMPANY_ID, LANGUAGE_ID, PROFESSION_TYPE_ID, NAME) values ('MXT','ES','99','DISENADOR');
insert into PROFESSION_TYPE (COMPANY_ID, LANGUAGE_ID, PROFESSION_TYPE_ID, NAME) values ('MXT','ES','100','DISENADOR DE INTERIORES');
insert into PROFESSION_TYPE (COMPANY_ID, LANGUAGE_ID, PROFESSION_TYPE_ID, NAME) values ('MXT','ES','101','DUENO TALLER');
insert into PROFESSION_TYPE (COMPANY_ID, LANGUAGE_ID, PROFESSION_TYPE_ID, NAME) values ('MXT','ES','102','DUENO TALLER REJAS');
insert into PROFESSION_TYPE (COMPANY_ID, LANGUAGE_ID, PROFESSION_TYPE_ID, NAME) values ('MXT','ES','103','DUENO TIENDA EFECTOS AGRICULTU');
insert into PROFESSION_TYPE (COMPANY_ID, LANGUAGE_ID, PROFESSION_TYPE_ID, NAME) values ('MXT','ES','104','DUENO TIENDA VENTA ANIMALES');
insert into PROFESSION_TYPE (COMPANY_ID, LANGUAGE_ID, PROFESSION_TYPE_ID, NAME) values ('MXT','ES','105','DUEÑO CO. LIMPIEZA ALFOMBRAS');
insert into PROFESSION_TYPE (COMPANY_ID, LANGUAGE_ID, PROFESSION_TYPE_ID, NAME) values ('MXT','ES','106','DUEÑO COLMADO O TIENDA');
insert into PROFESSION_TYPE (COMPANY_ID, LANGUAGE_ID, PROFESSION_TYPE_ID, NAME) values ('MXT','ES','107','DUEÑO COMPANIA CONSTRUCCION');
insert into PROFESSION_TYPE (COMPANY_ID, LANGUAGE_ID, PROFESSION_TYPE_ID, NAME) values ('MXT','ES','108','DUEÑO COMPANIA SELLADO TECHOS');
insert into PROFESSION_TYPE (COMPANY_ID, LANGUAGE_ID, PROFESSION_TYPE_ID, NAME) values ('MXT','ES','109','DUEÑO CUADRA CABALLOS');
insert into PROFESSION_TYPE (COMPANY_ID, LANGUAGE_ID, PROFESSION_TYPE_ID, NAME) values ('MXT','ES','110','DUEÑO DE LICORERIA');
insert into PROFESSION_TYPE (COMPANY_ID, LANGUAGE_ID, PROFESSION_TYPE_ID, NAME) values ('MXT','ES','111','DUEÑO DE RESTAURANTE');
insert into PROFESSION_TYPE (COMPANY_ID, LANGUAGE_ID, PROFESSION_TYPE_ID, NAME) values ('MXT','ES','112','DUEÑO FUNERARIA');
insert into PROFESSION_TYPE (COMPANY_ID, LANGUAGE_ID, PROFESSION_TYPE_ID, NAME) values ('MXT','ES','113','DUEÑO RESTAURANTE MOBIL');
insert into PROFESSION_TYPE (COMPANY_ID, LANGUAGE_ID, PROFESSION_TYPE_ID, NAME) values ('MXT','ES','114','DUEÑO SUPERMERCADO');
insert into PROFESSION_TYPE (COMPANY_ID, LANGUAGE_ID, PROFESSION_TYPE_ID, NAME) values ('MXT','ES','115','EBANISTA');
insert into PROFESSION_TYPE (COMPANY_ID, LANGUAGE_ID, PROFESSION_TYPE_ID, NAME) values ('MXT','ES','116','ECONOMISTA');
insert into PROFESSION_TYPE (COMPANY_ID, LANGUAGE_ID, PROFESSION_TYPE_ID, NAME) values ('MXT','ES','117','ELECTRICISTA');
insert into PROFESSION_TYPE (COMPANY_ID, LANGUAGE_ID, PROFESSION_TYPE_ID, NAME) values ('MXT','ES','118','EMPACADOR');
insert into PROFESSION_TYPE (COMPANY_ID, LANGUAGE_ID, PROFESSION_TYPE_ID, NAME) values ('MXT','ES','119','EMPLEADO CASINO');
insert into PROFESSION_TYPE (COMPANY_ID, LANGUAGE_ID, PROFESSION_TYPE_ID, NAME) values ('MXT','ES','120','EMPLEADO CENTRO CUIDADO NIÑOS');
insert into PROFESSION_TYPE (COMPANY_ID, LANGUAGE_ID, PROFESSION_TYPE_ID, NAME) values ('MXT','ES','121','EMPLEADO DE ALMACEN');
insert into PROFESSION_TYPE (COMPANY_ID, LANGUAGE_ID, PROFESSION_TYPE_ID, NAME) values ('MXT','ES','122','EMPLEADO DE CONSTRUCCION');
insert into PROFESSION_TYPE (COMPANY_ID, LANGUAGE_ID, PROFESSION_TYPE_ID, NAME) values ('MXT','ES','123','EMPLEADO DE FARMACIA');
insert into PROFESSION_TYPE (COMPANY_ID, LANGUAGE_ID, PROFESSION_TYPE_ID, NAME) values ('MXT','ES','124','EMPLEADO DE MANTENIMIENTO');
insert into PROFESSION_TYPE (COMPANY_ID, LANGUAGE_ID, PROFESSION_TYPE_ID, NAME) values ('MXT','ES','125','EMPLEADO DE MUEBLERIA');
insert into PROFESSION_TYPE (COMPANY_ID, LANGUAGE_ID, PROFESSION_TYPE_ID, NAME) values ('MXT','ES','126','EMPLEADO DE MUSEO');
insert into PROFESSION_TYPE (COMPANY_ID, LANGUAGE_ID, PROFESSION_TYPE_ID, NAME) values ('MXT','ES','127','EMPLEADO DE OBRAS PUBLICAS');
insert into PROFESSION_TYPE (COMPANY_ID, LANGUAGE_ID, PROFESSION_TYPE_ID, NAME) values ('MXT','ES','128','EMPLEADO DE PUERTOS');
insert into PROFESSION_TYPE (COMPANY_ID, LANGUAGE_ID, PROFESSION_TYPE_ID, NAME) values ('MXT','ES','129','EMPLEADO DE RECREACION Y DEP.');
insert into PROFESSION_TYPE (COMPANY_ID, LANGUAGE_ID, PROFESSION_TYPE_ID, NAME) values ('MXT','ES','130','EMPLEADO DE RESTAURANTE');
insert into PROFESSION_TYPE (COMPANY_ID, LANGUAGE_ID, PROFESSION_TYPE_ID, NAME) values ('MXT','ES','131','EMPLEADO DE SUPERMERCADO');
insert into PROFESSION_TYPE (COMPANY_ID, LANGUAGE_ID, PROFESSION_TYPE_ID, NAME) values ('MXT','ES','132','EMPLEADO DEPT SALUD');
insert into PROFESSION_TYPE (COMPANY_ID, LANGUAGE_ID, PROFESSION_TYPE_ID, NAME) values ('MXT','ES','133','EMPLEADO DEPT. FAMILIA');
insert into PROFESSION_TYPE (COMPANY_ID, LANGUAGE_ID, PROFESSION_TYPE_ID, NAME) values ('MXT','ES','134','EMPLEADO DOMESTICO');
insert into PROFESSION_TYPE (COMPANY_ID, LANGUAGE_ID, PROFESSION_TYPE_ID, NAME) values ('MXT','ES','135','EMPLEADO ESTACION DE GASOLINA');
insert into PROFESSION_TYPE (COMPANY_ID, LANGUAGE_ID, PROFESSION_TYPE_ID, NAME) values ('MXT','ES','136','EMPLEADO LAVANDERIA');
insert into PROFESSION_TYPE (COMPANY_ID, LANGUAGE_ID, PROFESSION_TYPE_ID, NAME) values ('MXT','ES','137','EMPLEADO PANADERIA');
insert into PROFESSION_TYPE (COMPANY_ID, LANGUAGE_ID, PROFESSION_TYPE_ID, NAME) values ('MXT','ES','138','EMPLEADO PERIODICO');
insert into PROFESSION_TYPE (COMPANY_ID, LANGUAGE_ID, PROFESSION_TYPE_ID, NAME) values ('MXT','ES','139','EMPLEADO POSTAL');
insert into PROFESSION_TYPE (COMPANY_ID, LANGUAGE_ID, PROFESSION_TYPE_ID, NAME) values ('MXT','ES','140','EMPLEADO TIENDA PIEZAS DE AUTO');
insert into PROFESSION_TYPE (COMPANY_ID, LANGUAGE_ID, PROFESSION_TYPE_ID, NAME) values ('MXT','ES','141','ENCARGADA DE COMEDOR ESCOLAR');
insert into PROFESSION_TYPE (COMPANY_ID, LANGUAGE_ID, PROFESSION_TYPE_ID, NAME) values ('MXT','ES','142','ENFERMERA');
insert into PROFESSION_TYPE (COMPANY_ID, LANGUAGE_ID, PROFESSION_TYPE_ID, NAME) values ('MXT','ES','143','ENTRENADOR DE ANIMALES');
insert into PROFESSION_TYPE (COMPANY_ID, LANGUAGE_ID, PROFESSION_TYPE_ID, NAME) values ('MXT','ES','144','ENTRENADOR PERSONAL');
insert into PROFESSION_TYPE (COMPANY_ID, LANGUAGE_ID, PROFESSION_TYPE_ID, NAME) values ('MXT','ES','145','ESCRITOR');
insert into PROFESSION_TYPE (COMPANY_ID, LANGUAGE_ID, PROFESSION_TYPE_ID, NAME) values ('MXT','ES','146','ESCULTOR');
insert into PROFESSION_TYPE (COMPANY_ID, LANGUAGE_ID, PROFESSION_TYPE_ID, NAME) values ('MXT','ES','147','ESPECIALISTA DE PROT. AMBIENTE');
insert into PROFESSION_TYPE (COMPANY_ID, LANGUAGE_ID, PROFESSION_TYPE_ID, NAME) values ('MXT','ES','148','ESPECIALISTA EN TELECOMUNICACI');
insert into PROFESSION_TYPE (COMPANY_ID, LANGUAGE_ID, PROFESSION_TYPE_ID, NAME) values ('MXT','ES','149','ESTACION DE GASOLINA');
insert into PROFESSION_TYPE (COMPANY_ID, LANGUAGE_ID, PROFESSION_TYPE_ID, NAME) values ('MXT','ES','150','ESTIVADOR');
insert into PROFESSION_TYPE (COMPANY_ID, LANGUAGE_ID, PROFESSION_TYPE_ID, NAME) values ('MXT','ES','151','ESTUDIANTE');
insert into PROFESSION_TYPE (COMPANY_ID, LANGUAGE_ID, PROFESSION_TYPE_ID, NAME) values ('MXT','ES','152','EXCAVADOR');
insert into PROFESSION_TYPE (COMPANY_ID, LANGUAGE_ID, PROFESSION_TYPE_ID, NAME) values ('MXT','ES','153','FARMACEUTICO');
insert into PROFESSION_TYPE (COMPANY_ID, LANGUAGE_ID, PROFESSION_TYPE_ID, NAME) values ('MXT','ES','154','FARMACIA');
insert into PROFESSION_TYPE (COMPANY_ID, LANGUAGE_ID, PROFESSION_TYPE_ID, NAME) values ('MXT','ES','155','FERRETERIA');
insert into PROFESSION_TYPE (COMPANY_ID, LANGUAGE_ID, PROFESSION_TYPE_ID, NAME) values ('MXT','ES','156','FISCAL');
insert into PROFESSION_TYPE (COMPANY_ID, LANGUAGE_ID, PROFESSION_TYPE_ID, NAME) values ('MXT','ES','157','FISICO');
insert into PROFESSION_TYPE (COMPANY_ID, LANGUAGE_ID, PROFESSION_TYPE_ID, NAME) values ('MXT','ES','158','FOTOGRAFO');
insert into PROFESSION_TYPE (COMPANY_ID, LANGUAGE_ID, PROFESSION_TYPE_ID, NAME) values ('MXT','ES','159','FUERZAS ARMADAS');
insert into PROFESSION_TYPE (COMPANY_ID, LANGUAGE_ID, PROFESSION_TYPE_ID, NAME) values ('MXT','ES','160','FUMIGADOR');
insert into PROFESSION_TYPE (COMPANY_ID, LANGUAGE_ID, PROFESSION_TYPE_ID, NAME) values ('MXT','ES','161','GEOLOGO');
insert into PROFESSION_TYPE (COMPANY_ID, LANGUAGE_ID, PROFESSION_TYPE_ID, NAME) values ('MXT','ES','162','GERENTE');
insert into PROFESSION_TYPE (COMPANY_ID, LANGUAGE_ID, PROFESSION_TYPE_ID, NAME) values ('MXT','ES','163','GERENTE ADMINISTRACION PUBLICA');
insert into PROFESSION_TYPE (COMPANY_ID, LANGUAGE_ID, PROFESSION_TYPE_ID, NAME) values ('MXT','ES','164','GERENTE DE IMPRENTA');
insert into PROFESSION_TYPE (COMPANY_ID, LANGUAGE_ID, PROFESSION_TYPE_ID, NAME) values ('MXT','ES','165','GERENTE DE INVENTARIO');
insert into PROFESSION_TYPE (COMPANY_ID, LANGUAGE_ID, PROFESSION_TYPE_ID, NAME) values ('MXT','ES','166','GERENTE DE MANUFACTURA');
insert into PROFESSION_TYPE (COMPANY_ID, LANGUAGE_ID, PROFESSION_TYPE_ID, NAME) values ('MXT','ES','167','GERENTE DE RECURSOS HUMANOS');
insert into PROFESSION_TYPE (COMPANY_ID, LANGUAGE_ID, PROFESSION_TYPE_ID, NAME) values ('MXT','ES','168','GERENTE FINANCIERO');
insert into PROFESSION_TYPE (COMPANY_ID, LANGUAGE_ID, PROFESSION_TYPE_ID, NAME) values ('MXT','ES','169','GERENTE SUCURSAL COOPERATIVA');
insert into PROFESSION_TYPE (COMPANY_ID, LANGUAGE_ID, PROFESSION_TYPE_ID, NAME) values ('MXT','ES','170','GERENTE SUPERMERCADO');
insert into PROFESSION_TYPE (COMPANY_ID, LANGUAGE_ID, PROFESSION_TYPE_ID, NAME) values ('MXT','ES','171','GERENTE VENTAS Y MERCADEO');
insert into PROFESSION_TYPE (COMPANY_ID, LANGUAGE_ID, PROFESSION_TYPE_ID, NAME) values ('MXT','ES','172','GUARDA BOSQUES');
insert into PROFESSION_TYPE (COMPANY_ID, LANGUAGE_ID, PROFESSION_TYPE_ID, NAME) values ('MXT','ES','173','GUARDIA DE SEGURIDAD');
insert into PROFESSION_TYPE (COMPANY_ID, LANGUAGE_ID, PROFESSION_TYPE_ID, NAME) values ('MXT','ES','174','GUARDIA ESCOLAR');
insert into PROFESSION_TYPE (COMPANY_ID, LANGUAGE_ID, PROFESSION_TYPE_ID, NAME) values ('MXT','ES','175','GUIA TURISTICO');
insert into PROFESSION_TYPE (COMPANY_ID, LANGUAGE_ID, PROFESSION_TYPE_ID, NAME) values ('MXT','ES','176','HIDROLOGO');
insert into PROFESSION_TYPE (COMPANY_ID, LANGUAGE_ID, PROFESSION_TYPE_ID, NAME) values ('MXT','ES','177','HOJALATERO');
insert into PROFESSION_TYPE (COMPANY_ID, LANGUAGE_ID, PROFESSION_TYPE_ID, NAME) values ('MXT','ES','178','IGLESIA CATOLICA');
insert into PROFESSION_TYPE (COMPANY_ID, LANGUAGE_ID, PROFESSION_TYPE_ID, NAME) values ('MXT','ES','179','IGLESIA LUTERANO');
insert into PROFESSION_TYPE (COMPANY_ID, LANGUAGE_ID, PROFESSION_TYPE_ID, NAME) values ('MXT','ES','180','IGLESIA PROTESTANTE');
insert into PROFESSION_TYPE (COMPANY_ID, LANGUAGE_ID, PROFESSION_TYPE_ID, NAME) values ('MXT','ES','181','INCAPACITADO');
insert into PROFESSION_TYPE (COMPANY_ID, LANGUAGE_ID, PROFESSION_TYPE_ID, NAME) values ('MXT','ES','182','INGENIERO');
insert into PROFESSION_TYPE (COMPANY_ID, LANGUAGE_ID, PROFESSION_TYPE_ID, NAME) values ('MXT','ES','183','INGENIERO AEROESPACIAL');
insert into PROFESSION_TYPE (COMPANY_ID, LANGUAGE_ID, PROFESSION_TYPE_ID, NAME) values ('MXT','ES','184','INGENIERO AERONAUTICO');
insert into PROFESSION_TYPE (COMPANY_ID, LANGUAGE_ID, PROFESSION_TYPE_ID, NAME) values ('MXT','ES','185','INGENIERO AGRICULTOR');
insert into PROFESSION_TYPE (COMPANY_ID, LANGUAGE_ID, PROFESSION_TYPE_ID, NAME) values ('MXT','ES','186','INGENIERO AMBIENTAL');
insert into PROFESSION_TYPE (COMPANY_ID, LANGUAGE_ID, PROFESSION_TYPE_ID, NAME) values ('MXT','ES','187','INGENIERO BIOMEDICO');
insert into PROFESSION_TYPE (COMPANY_ID, LANGUAGE_ID, PROFESSION_TYPE_ID, NAME) values ('MXT','ES','188','INGENIERO CIVIL');
insert into PROFESSION_TYPE (COMPANY_ID, LANGUAGE_ID, PROFESSION_TYPE_ID, NAME) values ('MXT','ES','189','INGENIERO COMERCIAL');
insert into PROFESSION_TYPE (COMPANY_ID, LANGUAGE_ID, PROFESSION_TYPE_ID, NAME) values ('MXT','ES','190','INGENIERO DE PETROLEO');
insert into PROFESSION_TYPE (COMPANY_ID, LANGUAGE_ID, PROFESSION_TYPE_ID, NAME) values ('MXT','ES','191','INGENIERO DEL AMBIENTE');
insert into PROFESSION_TYPE (COMPANY_ID, LANGUAGE_ID, PROFESSION_TYPE_ID, NAME) values ('MXT','ES','192','INGENIERO ELECTRICO');
insert into PROFESSION_TYPE (COMPANY_ID, LANGUAGE_ID, PROFESSION_TYPE_ID, NAME) values ('MXT','ES','193','INGENIERO ELECTRONICO');
insert into PROFESSION_TYPE (COMPANY_ID, LANGUAGE_ID, PROFESSION_TYPE_ID, NAME) values ('MXT','ES','194','INGENIERO EN COMPUTADORAS');
insert into PROFESSION_TYPE (COMPANY_ID, LANGUAGE_ID, PROFESSION_TYPE_ID, NAME) values ('MXT','ES','195','INGENIERO INDUSTRIAL');
insert into PROFESSION_TYPE (COMPANY_ID, LANGUAGE_ID, PROFESSION_TYPE_ID, NAME) values ('MXT','ES','196','INGENIERO MARINO');
insert into PROFESSION_TYPE (COMPANY_ID, LANGUAGE_ID, PROFESSION_TYPE_ID, NAME) values ('MXT','ES','197','INGENIERO MECANICO');
insert into PROFESSION_TYPE (COMPANY_ID, LANGUAGE_ID, PROFESSION_TYPE_ID, NAME) values ('MXT','ES','198','INGENIERO NUCLEAR');
insert into PROFESSION_TYPE (COMPANY_ID, LANGUAGE_ID, PROFESSION_TYPE_ID, NAME) values ('MXT','ES','199','INGENIERO QUIMICO');
insert into PROFESSION_TYPE (COMPANY_ID, LANGUAGE_ID, PROFESSION_TYPE_ID, NAME) values ('MXT','ES','200','INSPECTOR DE ALIMENTOS');
insert into PROFESSION_TYPE (COMPANY_ID, LANGUAGE_ID, PROFESSION_TYPE_ID, NAME) values ('MXT','ES','201','INSPECTOR DE DROGAS Y ALCOHOL');
insert into PROFESSION_TYPE (COMPANY_ID, LANGUAGE_ID, PROFESSION_TYPE_ID, NAME) values ('MXT','ES','202','INSPECTOR DE INMIGRACION');
insert into PROFESSION_TYPE (COMPANY_ID, LANGUAGE_ID, PROFESSION_TYPE_ID, NAME) values ('MXT','ES','203','INSPECTOR DE MANUFACTURA');
insert into PROFESSION_TYPE (COMPANY_ID, LANGUAGE_ID, PROFESSION_TYPE_ID, NAME) values ('MXT','ES','204','INSPECTOR DE SALUD PUBLICA');
insert into PROFESSION_TYPE (COMPANY_ID, LANGUAGE_ID, PROFESSION_TYPE_ID, NAME) values ('MXT','ES','205','INSPECTOR DE SERVICIO PUBLICO');
insert into PROFESSION_TYPE (COMPANY_ID, LANGUAGE_ID, PROFESSION_TYPE_ID, NAME) values ('MXT','ES','206','INSTALADOR');
insert into PROFESSION_TYPE (COMPANY_ID, LANGUAGE_ID, PROFESSION_TYPE_ID, NAME) values ('MXT','ES','207','INSTITUCION FINANCIERA');
insert into PROFESSION_TYPE (COMPANY_ID, LANGUAGE_ID, PROFESSION_TYPE_ID, NAME) values ('MXT','ES','208','INSTRUCTOR DEPORTES');
insert into PROFESSION_TYPE (COMPANY_ID, LANGUAGE_ID, PROFESSION_TYPE_ID, NAME) values ('MXT','ES','209','INTERPRETE');
insert into PROFESSION_TYPE (COMPANY_ID, LANGUAGE_ID, PROFESSION_TYPE_ID, NAME) values ('MXT','ES','210','INVESTIGADOR CRIMINAL');
insert into PROFESSION_TYPE (COMPANY_ID, LANGUAGE_ID, PROFESSION_TYPE_ID, NAME) values ('MXT','ES','211','INVESTIGADOR DE SEG. AEREA');
insert into PROFESSION_TYPE (COMPANY_ID, LANGUAGE_ID, PROFESSION_TYPE_ID, NAME) values ('MXT','ES','212','INVESTIGADOR GENERAL');
insert into PROFESSION_TYPE (COMPANY_ID, LANGUAGE_ID, PROFESSION_TYPE_ID, NAME) values ('MXT','ES','213','INVESTIGADOR PRIVADO');
insert into PROFESSION_TYPE (COMPANY_ID, LANGUAGE_ID, PROFESSION_TYPE_ID, NAME) values ('MXT','ES','214','INVESTIGADOR SEG. AEREA');
insert into PROFESSION_TYPE (COMPANY_ID, LANGUAGE_ID, PROFESSION_TYPE_ID, NAME) values ('MXT','ES','215','JARDINERO');
insert into PROFESSION_TYPE (COMPANY_ID, LANGUAGE_ID, PROFESSION_TYPE_ID, NAME) values ('MXT','ES','216','JEFE DE CORREO');
insert into PROFESSION_TYPE (COMPANY_ID, LANGUAGE_ID, PROFESSION_TYPE_ID, NAME) values ('MXT','ES','217','JOYERO');
insert into PROFESSION_TYPE (COMPANY_ID, LANGUAGE_ID, PROFESSION_TYPE_ID, NAME) values ('MXT','ES','218','JUEZ');
insert into PROFESSION_TYPE (COMPANY_ID, LANGUAGE_ID, PROFESSION_TYPE_ID, NAME) values ('MXT','ES','219','LAVAPLATOS');
insert into PROFESSION_TYPE (COMPANY_ID, LANGUAGE_ID, PROFESSION_TYPE_ID, NAME) values ('MXT','ES','220','LIDER RECREATIVO');
insert into PROFESSION_TYPE (COMPANY_ID, LANGUAGE_ID, PROFESSION_TYPE_ID, NAME) values ('MXT','ES','221','LOCUTOR');
insert into PROFESSION_TYPE (COMPANY_ID, LANGUAGE_ID, PROFESSION_TYPE_ID, NAME) values ('MXT','ES','222','MAESTRO DE ESCUELA');
insert into PROFESSION_TYPE (COMPANY_ID, LANGUAGE_ID, PROFESSION_TYPE_ID, NAME) values ('MXT','ES','223','MANICURISTA');
insert into PROFESSION_TYPE (COMPANY_ID, LANGUAGE_ID, PROFESSION_TYPE_ID, NAME) values ('MXT','ES','224','MAQUILLISTA');
insert into PROFESSION_TYPE (COMPANY_ID, LANGUAGE_ID, PROFESSION_TYPE_ID, NAME) values ('MXT','ES','225','MARINO');
insert into PROFESSION_TYPE (COMPANY_ID, LANGUAGE_ID, PROFESSION_TYPE_ID, NAME) values ('MXT','ES','226','MATEMATICO');
insert into PROFESSION_TYPE (COMPANY_ID, LANGUAGE_ID, PROFESSION_TYPE_ID, NAME) values ('MXT','ES','227','MECANICO DE AUTOS');
insert into PROFESSION_TYPE (COMPANY_ID, LANGUAGE_ID, PROFESSION_TYPE_ID, NAME) values ('MXT','ES','228','MECANICO DE AVIONES');
insert into PROFESSION_TYPE (COMPANY_ID, LANGUAGE_ID, PROFESSION_TYPE_ID, NAME) values ('MXT','ES','229','MECANICO DE EQUIPO INDUSTRIAL');
insert into PROFESSION_TYPE (COMPANY_ID, LANGUAGE_ID, PROFESSION_TYPE_ID, NAME) values ('MXT','ES','230','MECANICO DE TRENES');
insert into PROFESSION_TYPE (COMPANY_ID, LANGUAGE_ID, PROFESSION_TYPE_ID, NAME) values ('MXT','ES','231','MECANICO INDUSTRIAL');
insert into PROFESSION_TYPE (COMPANY_ID, LANGUAGE_ID, PROFESSION_TYPE_ID, NAME) values ('MXT','ES','232','MEDICO');
insert into PROFESSION_TYPE (COMPANY_ID, LANGUAGE_ID, PROFESSION_TYPE_ID, NAME) values ('MXT','ES','233','MENOR DE EDAD');
insert into PROFESSION_TYPE (COMPANY_ID, LANGUAGE_ID, PROFESSION_TYPE_ID, NAME) values ('MXT','ES','234','MENSAJERO');
insert into PROFESSION_TYPE (COMPANY_ID, LANGUAGE_ID, PROFESSION_TYPE_ID, NAME) values ('MXT','ES','235','METEOROLOGO');
insert into PROFESSION_TYPE (COMPANY_ID, LANGUAGE_ID, PROFESSION_TYPE_ID, NAME) values ('MXT','ES','236','METEOROLOGO');
insert into PROFESSION_TYPE (COMPANY_ID, LANGUAGE_ID, PROFESSION_TYPE_ID, NAME) values ('MXT','ES','237','MICROBIOLOGO');
insert into PROFESSION_TYPE (COMPANY_ID, LANGUAGE_ID, PROFESSION_TYPE_ID, NAME) values ('MXT','ES','238','MINISTRO DE IGLESIA');
insert into PROFESSION_TYPE (COMPANY_ID, LANGUAGE_ID, PROFESSION_TYPE_ID, NAME) values ('MXT','ES','239','MODELO');
insert into PROFESSION_TYPE (COMPANY_ID, LANGUAGE_ID, PROFESSION_TYPE_ID, NAME) values ('MXT','ES','240','MODISTA');
insert into PROFESSION_TYPE (COMPANY_ID, LANGUAGE_ID, PROFESSION_TYPE_ID, NAME) values ('MXT','ES','241','MOZO');
insert into PROFESSION_TYPE (COMPANY_ID, LANGUAGE_ID, PROFESSION_TYPE_ID, NAME) values ('MXT','ES','242','MUSICO');
insert into PROFESSION_TYPE (COMPANY_ID, LANGUAGE_ID, PROFESSION_TYPE_ID, NAME) values ('MXT','ES','243','OFICIAL DE COMPRAS');
insert into PROFESSION_TYPE (COMPANY_ID, LANGUAGE_ID, PROFESSION_TYPE_ID, NAME) values ('MXT','ES','244','OFICIAL DE CORRECCION');
insert into PROFESSION_TYPE (COMPANY_ID, LANGUAGE_ID, PROFESSION_TYPE_ID, NAME) values ('MXT','ES','245','OFICIAL DE CUMPLIMIENTO');
insert into PROFESSION_TYPE (COMPANY_ID, LANGUAGE_ID, PROFESSION_TYPE_ID, NAME) values ('MXT','ES','246','OFICIAL DE CUSTODIA');
insert into PROFESSION_TYPE (COMPANY_ID, LANGUAGE_ID, PROFESSION_TYPE_ID, NAME) values ('MXT','ES','247','OFICIAL DE OPERACIONES');
insert into PROFESSION_TYPE (COMPANY_ID, LANGUAGE_ID, PROFESSION_TYPE_ID, NAME) values ('MXT','ES','248','OFICIAL DE PRESTAMOS');
insert into PROFESSION_TYPE (COMPANY_ID, LANGUAGE_ID, PROFESSION_TYPE_ID, NAME) values ('MXT','ES','249','OFICIAL DE RENTAS INTERNAS');
insert into PROFESSION_TYPE (COMPANY_ID, LANGUAGE_ID, PROFESSION_TYPE_ID, NAME) values ('MXT','ES','250','OFICIAL DE TRAFICO');
insert into PROFESSION_TYPE (COMPANY_ID, LANGUAGE_ID, PROFESSION_TYPE_ID, NAME) values ('MXT','ES','251','OFICIAL RECURSOS NATURALES');
insert into PROFESSION_TYPE (COMPANY_ID, LANGUAGE_ID, PROFESSION_TYPE_ID, NAME) values ('MXT','ES','252','OFICIAL SERVICIO JUVENIL');
insert into PROFESSION_TYPE (COMPANY_ID, LANGUAGE_ID, PROFESSION_TYPE_ID, NAME) values ('MXT','ES','253','OFICINISTA');
insert into PROFESSION_TYPE (COMPANY_ID, LANGUAGE_ID, PROFESSION_TYPE_ID, NAME) values ('MXT','ES','254','OPERADOR CAMIONES BLINDADOS');
insert into PROFESSION_TYPE (COMPANY_ID, LANGUAGE_ID, PROFESSION_TYPE_ID, NAME) values ('MXT','ES','255','OPERADOR DE ASCENSORES');
insert into PROFESSION_TYPE (COMPANY_ID, LANGUAGE_ID, PROFESSION_TYPE_ID, NAME) values ('MXT','ES','256','OPERADOR DE COMPUTADORAS');
insert into PROFESSION_TYPE (COMPANY_ID, LANGUAGE_ID, PROFESSION_TYPE_ID, NAME) values ('MXT','ES','257','OPERADOR DE EQUIPO DE T.V.');
insert into PROFESSION_TYPE (COMPANY_ID, LANGUAGE_ID, PROFESSION_TYPE_ID, NAME) values ('MXT','ES','258','OPERADOR DE FABRICAS');
insert into PROFESSION_TYPE (COMPANY_ID, LANGUAGE_ID, PROFESSION_TYPE_ID, NAME) values ('MXT','ES','259','OPERADOR DE MANUFACTURA');
insert into PROFESSION_TYPE (COMPANY_ID, LANGUAGE_ID, PROFESSION_TYPE_ID, NAME) values ('MXT','ES','260','OPERADOR DE MAQUINARIA');
insert into PROFESSION_TYPE (COMPANY_ID, LANGUAGE_ID, PROFESSION_TYPE_ID, NAME) values ('MXT','ES','261','OPERADOR DE RADIO');
insert into PROFESSION_TYPE (COMPANY_ID, LANGUAGE_ID, PROFESSION_TYPE_ID, NAME) values ('MXT','ES','262','OPERADOR DE TELEFONOS');
insert into PROFESSION_TYPE (COMPANY_ID, LANGUAGE_ID, PROFESSION_TYPE_ID, NAME) values ('MXT','ES','263','OPERADOR DE TELEGRAFO');
insert into PROFESSION_TYPE (COMPANY_ID, LANGUAGE_ID, PROFESSION_TYPE_ID, NAME) values ('MXT','ES','264','OPERADOR EN LA A.A.A.');
insert into PROFESSION_TYPE (COMPANY_ID, LANGUAGE_ID, PROFESSION_TYPE_ID, NAME) values ('MXT','ES','265','OPERADOR EN LA A.E.E.');
insert into PROFESSION_TYPE (COMPANY_ID, LANGUAGE_ID, PROFESSION_TYPE_ID, NAME) values ('MXT','ES','266','OPERADOR EQUIPO PESADO');
insert into PROFESSION_TYPE (COMPANY_ID, LANGUAGE_ID, PROFESSION_TYPE_ID, NAME) values ('MXT','ES','267','OPTICO');
insert into PROFESSION_TYPE (COMPANY_ID, LANGUAGE_ID, PROFESSION_TYPE_ID, NAME) values ('MXT','ES','268','OPTOMETRA');
insert into PROFESSION_TYPE (COMPANY_ID, LANGUAGE_ID, PROFESSION_TYPE_ID, NAME) values ('MXT','ES','269','PARALEGAL');
insert into PROFESSION_TYPE (COMPANY_ID, LANGUAGE_ID, PROFESSION_TYPE_ID, NAME) values ('MXT','ES','270','PATOLOGO');
insert into PROFESSION_TYPE (COMPANY_ID, LANGUAGE_ID, PROFESSION_TYPE_ID, NAME) values ('MXT','ES','271','PATOLOGO DEL HABLA');
insert into PROFESSION_TYPE (COMPANY_ID, LANGUAGE_ID, PROFESSION_TYPE_ID, NAME) values ('MXT','ES','272','PELOTERO PROFESIONAL');
insert into PROFESSION_TYPE (COMPANY_ID, LANGUAGE_ID, PROFESSION_TYPE_ID, NAME) values ('MXT','ES','273','PENSIONADO');
insert into PROFESSION_TYPE (COMPANY_ID, LANGUAGE_ID, PROFESSION_TYPE_ID, NAME) values ('MXT','ES','274','PESCADOR');
insert into PROFESSION_TYPE (COMPANY_ID, LANGUAGE_ID, PROFESSION_TYPE_ID, NAME) values ('MXT','ES','275','PILOTO DE AVIACION');
insert into PROFESSION_TYPE (COMPANY_ID, LANGUAGE_ID, PROFESSION_TYPE_ID, NAME) values ('MXT','ES','276','PINTOR');
insert into PROFESSION_TYPE (COMPANY_ID, LANGUAGE_ID, PROFESSION_TYPE_ID, NAME) values ('MXT','ES','277','PLOMERO');
insert into PROFESSION_TYPE (COMPANY_ID, LANGUAGE_ID, PROFESSION_TYPE_ID, NAME) values ('MXT','ES','278','POETA');
insert into PROFESSION_TYPE (COMPANY_ID, LANGUAGE_ID, PROFESSION_TYPE_ID, NAME) values ('MXT','ES','279','POLICIA');
insert into PROFESSION_TYPE (COMPANY_ID, LANGUAGE_ID, PROFESSION_TYPE_ID, NAME) values ('MXT','ES','280','PORTEADOR PUBLICO');
insert into PROFESSION_TYPE (COMPANY_ID, LANGUAGE_ID, PROFESSION_TYPE_ID, NAME) values ('MXT','ES','281','PRESIDENTE EJECUTIVO COOP');
insert into PROFESSION_TYPE (COMPANY_ID, LANGUAGE_ID, PROFESSION_TYPE_ID, NAME) values ('MXT','ES','282','PROCESADOR DE DATA');
insert into PROFESSION_TYPE (COMPANY_ID, LANGUAGE_ID, PROFESSION_TYPE_ID, NAME) values ('MXT','ES','283','PROCESADOR DE PRESTAMOS');
insert into PROFESSION_TYPE (COMPANY_ID, LANGUAGE_ID, PROFESSION_TYPE_ID, NAME) values ('MXT','ES','284','PRODUCTOR DE TELEVISION');
insert into PROFESSION_TYPE (COMPANY_ID, LANGUAGE_ID, PROFESSION_TYPE_ID, NAME) values ('MXT','ES','285','PROFESOR UNIVERSITARIO');
insert into PROFESSION_TYPE (COMPANY_ID, LANGUAGE_ID, PROFESSION_TYPE_ID, NAME) values ('MXT','ES','286','PROGRAMADOR DE COMPUTADORAS');
insert into PROFESSION_TYPE (COMPANY_ID, LANGUAGE_ID, PROFESSION_TYPE_ID, NAME) values ('MXT','ES','287','PSICOLOGO');
insert into PROFESSION_TYPE (COMPANY_ID, LANGUAGE_ID, PROFESSION_TYPE_ID, NAME) values ('MXT','ES','288','PUBLICISTA');
insert into PROFESSION_TYPE (COMPANY_ID, LANGUAGE_ID, PROFESSION_TYPE_ID, NAME) values ('MXT','ES','289','PULIDOR BANERAS');
insert into PROFESSION_TYPE (COMPANY_ID, LANGUAGE_ID, PROFESSION_TYPE_ID, NAME) values ('MXT','ES','290','PULIDOR DE PISOS');
insert into PROFESSION_TYPE (COMPANY_ID, LANGUAGE_ID, PROFESSION_TYPE_ID, NAME) values ('MXT','ES','291','QUIMICO');
insert into PROFESSION_TYPE (COMPANY_ID, LANGUAGE_ID, PROFESSION_TYPE_ID, NAME) values ('MXT','ES','292','RECEPCIONISTA');
insert into PROFESSION_TYPE (COMPANY_ID, LANGUAGE_ID, PROFESSION_TYPE_ID, NAME) values ('MXT','ES','293','RELACIONISTA PUBLICO');
insert into PROFESSION_TYPE (COMPANY_ID, LANGUAGE_ID, PROFESSION_TYPE_ID, NAME) values ('MXT','ES','294','RELOJERO');
insert into PROFESSION_TYPE (COMPANY_ID, LANGUAGE_ID, PROFESSION_TYPE_ID, NAME) values ('MXT','ES','295','REPORTERO');
insert into PROFESSION_TYPE (COMPANY_ID, LANGUAGE_ID, PROFESSION_TYPE_ID, NAME) values ('MXT','ES','296','REPOSTERO');
insert into PROFESSION_TYPE (COMPANY_ID, LANGUAGE_ID, PROFESSION_TYPE_ID, NAME) values ('MXT','ES','297','REPRESENTANTE DE SERVICIOS');
insert into PROFESSION_TYPE (COMPANY_ID, LANGUAGE_ID, PROFESSION_TYPE_ID, NAME) values ('MXT','ES','298','REPRESENTANTE DE VENTAS');
insert into PROFESSION_TYPE (COMPANY_ID, LANGUAGE_ID, PROFESSION_TYPE_ID, NAME) values ('MXT','ES','299','RETIRADO');
insert into PROFESSION_TYPE (COMPANY_ID, LANGUAGE_ID, PROFESSION_TYPE_ID, NAME) values ('MXT','ES','300','SACERDOTE');
insert into PROFESSION_TYPE (COMPANY_ID, LANGUAGE_ID, PROFESSION_TYPE_ID, NAME) values ('MXT','ES','301','SALVAVIDAS');
insert into PROFESSION_TYPE (COMPANY_ID, LANGUAGE_ID, PROFESSION_TYPE_ID, NAME) values ('MXT','ES','302','SECRETARIA');
insert into PROFESSION_TYPE (COMPANY_ID, LANGUAGE_ID, PROFESSION_TYPE_ID, NAME) values ('MXT','ES','303','SECRETARIA DE CORTE');
insert into PROFESSION_TYPE (COMPANY_ID, LANGUAGE_ID, PROFESSION_TYPE_ID, NAME) values ('MXT','ES','304','SECRETARIA LEGAL');
insert into PROFESSION_TYPE (COMPANY_ID, LANGUAGE_ID, PROFESSION_TYPE_ID, NAME) values ('MXT','ES','305','SECRETARIA MEDICA');
insert into PROFESSION_TYPE (COMPANY_ID, LANGUAGE_ID, PROFESSION_TYPE_ID, NAME) values ('MXT','ES','306','SELLADOR DE TECHOS');
insert into PROFESSION_TYPE (COMPANY_ID, LANGUAGE_ID, PROFESSION_TYPE_ID, NAME) values ('MXT','ES','307','SOLDADOR');
insert into PROFESSION_TYPE (COMPANY_ID, LANGUAGE_ID, PROFESSION_TYPE_ID, NAME) values ('MXT','ES','308','SOLDADOR');
insert into PROFESSION_TYPE (COMPANY_ID, LANGUAGE_ID, PROFESSION_TYPE_ID, NAME) values ('MXT','ES','309','SONOGRAFISTA');
insert into PROFESSION_TYPE (COMPANY_ID, LANGUAGE_ID, PROFESSION_TYPE_ID, NAME) values ('MXT','ES','310','SUPERMERCADO');
insert into PROFESSION_TYPE (COMPANY_ID, LANGUAGE_ID, PROFESSION_TYPE_ID, NAME) values ('MXT','ES','311','SUPERVISOR');
insert into PROFESSION_TYPE (COMPANY_ID, LANGUAGE_ID, PROFESSION_TYPE_ID, NAME) values ('MXT','ES','312','SUPERVISOR DE FARMACIA');
insert into PROFESSION_TYPE (COMPANY_ID, LANGUAGE_ID, PROFESSION_TYPE_ID, NAME) values ('MXT','ES','313','SUPERVISOR DE PERSONAL');
insert into PROFESSION_TYPE (COMPANY_ID, LANGUAGE_ID, PROFESSION_TYPE_ID, NAME) values ('MXT','ES','314','SUPERVISOR DEPTO. COOPERATIVA');
insert into PROFESSION_TYPE (COMPANY_ID, LANGUAGE_ID, PROFESSION_TYPE_ID, NAME) values ('MXT','ES','315','TASADOR');
insert into PROFESSION_TYPE (COMPANY_ID, LANGUAGE_ID, PROFESSION_TYPE_ID, NAME) values ('MXT','ES','316','TECNICO DE COMPUTADORAS');
insert into PROFESSION_TYPE (COMPANY_ID, LANGUAGE_ID, PROFESSION_TYPE_ID, NAME) values ('MXT','ES','317','TECNICO DE COMUNICACIONES');
insert into PROFESSION_TYPE (COMPANY_ID, LANGUAGE_ID, PROFESSION_TYPE_ID, NAME) values ('MXT','ES','318','TECNICO DE CONTABILIDAD');
insert into PROFESSION_TYPE (COMPANY_ID, LANGUAGE_ID, PROFESSION_TYPE_ID, NAME) values ('MXT','ES','319','TECNICO DE EDUCACION');
insert into PROFESSION_TYPE (COMPANY_ID, LANGUAGE_ID, PROFESSION_TYPE_ID, NAME) values ('MXT','ES','320','TECNICO DE EMERGENCIAS MEDICAS');
insert into PROFESSION_TYPE (COMPANY_ID, LANGUAGE_ID, PROFESSION_TYPE_ID, NAME) values ('MXT','ES','321','TECNICO DE IMPUESTOS');
insert into PROFESSION_TYPE (COMPANY_ID, LANGUAGE_ID, PROFESSION_TYPE_ID, NAME) values ('MXT','ES','322','TECNICO DE INGENIERIA');
insert into PROFESSION_TYPE (COMPANY_ID, LANGUAGE_ID, PROFESSION_TYPE_ID, NAME) values ('MXT','ES','323','TECNICO DE INGENIERIA INDUSTRI');
insert into PROFESSION_TYPE (COMPANY_ID, LANGUAGE_ID, PROFESSION_TYPE_ID, NAME) values ('MXT','ES','324','TECNICO DE RAYOS X');
insert into PROFESSION_TYPE (COMPANY_ID, LANGUAGE_ID, PROFESSION_TYPE_ID, NAME) values ('MXT','ES','325','TECNICO DE RECORD MEDICO');
insert into PROFESSION_TYPE (COMPANY_ID, LANGUAGE_ID, PROFESSION_TYPE_ID, NAME) values ('MXT','ES','326','TECNICO DE REFRIGERACION');
insert into PROFESSION_TYPE (COMPANY_ID, LANGUAGE_ID, PROFESSION_TYPE_ID, NAME) values ('MXT','ES','327','TECNICO DE SALUD AMBIENTAL');
insert into PROFESSION_TYPE (COMPANY_ID, LANGUAGE_ID, PROFESSION_TYPE_ID, NAME) values ('MXT','ES','328','TECNICO DE SONIDO');
insert into PROFESSION_TYPE (COMPANY_ID, LANGUAGE_ID, PROFESSION_TYPE_ID, NAME) values ('MXT','ES','329','TECNICO DESARROLLO INDUSTRIAL');
insert into PROFESSION_TYPE (COMPANY_ID, LANGUAGE_ID, PROFESSION_TYPE_ID, NAME) values ('MXT','ES','330','TECNICO ELECTRONICO');
insert into PROFESSION_TYPE (COMPANY_ID, LANGUAGE_ID, PROFESSION_TYPE_ID, NAME) values ('MXT','ES','331','TECNICO EN GOMAS');
insert into PROFESSION_TYPE (COMPANY_ID, LANGUAGE_ID, PROFESSION_TYPE_ID, NAME) values ('MXT','ES','332','TECNICO RECURSOS HUMANOS');
insert into PROFESSION_TYPE (COMPANY_ID, LANGUAGE_ID, PROFESSION_TYPE_ID, NAME) values ('MXT','ES','333','TECNICO SALA OPERACIONES');
insert into PROFESSION_TYPE (COMPANY_ID, LANGUAGE_ID, PROFESSION_TYPE_ID, NAME) values ('MXT','ES','334','TECNICO VETERINARIO');
insert into PROFESSION_TYPE (COMPANY_ID, LANGUAGE_ID, PROFESSION_TYPE_ID, NAME) values ('MXT','ES','335','TECNOLOGO DENTAL');
insert into PROFESSION_TYPE (COMPANY_ID, LANGUAGE_ID, PROFESSION_TYPE_ID, NAME) values ('MXT','ES','336','TECNOLOGO MEDICO');
insert into PROFESSION_TYPE (COMPANY_ID, LANGUAGE_ID, PROFESSION_TYPE_ID, NAME) values ('MXT','ES','337','TENEDOR DE LIBROS');
insert into PROFESSION_TYPE (COMPANY_ID, LANGUAGE_ID, PROFESSION_TYPE_ID, NAME) values ('MXT','ES','338','TERAPISTA EDUCACIONAL');
insert into PROFESSION_TYPE (COMPANY_ID, LANGUAGE_ID, PROFESSION_TYPE_ID, NAME) values ('MXT','ES','339','TERAPISTA FISICO');
insert into PROFESSION_TYPE (COMPANY_ID, LANGUAGE_ID, PROFESSION_TYPE_ID, NAME) values ('MXT','ES','340','TERAPISTA OCUPACIONAL');
insert into PROFESSION_TYPE (COMPANY_ID, LANGUAGE_ID, PROFESSION_TYPE_ID, NAME) values ('MXT','ES','341','TERAPISTA RESPIRATORIO');
insert into PROFESSION_TYPE (COMPANY_ID, LANGUAGE_ID, PROFESSION_TYPE_ID, NAME) values ('MXT','ES','342','TIENDA DE LICORES');
insert into PROFESSION_TYPE (COMPANY_ID, LANGUAGE_ID, PROFESSION_TYPE_ID, NAME) values ('MXT','ES','343','TRABAJADOR SOCIAL');
insert into PROFESSION_TYPE (COMPANY_ID, LANGUAGE_ID, PROFESSION_TYPE_ID, NAME) values ('MXT','ES','344','VENDEDOR AGUA EMBOTELLADA');
insert into PROFESSION_TYPE (COMPANY_ID, LANGUAGE_ID, PROFESSION_TYPE_ID, NAME) values ('MXT','ES','345','VENDEDOR BILLETES DE LOTERIA');
insert into PROFESSION_TYPE (COMPANY_ID, LANGUAGE_ID, PROFESSION_TYPE_ID, NAME) values ('MXT','ES','346','VENDEDOR DE AUTOS');
insert into PROFESSION_TYPE (COMPANY_ID, LANGUAGE_ID, PROFESSION_TYPE_ID, NAME) values ('MXT','ES','347','VENDEDOR DE MUEBLES');
insert into PROFESSION_TYPE (COMPANY_ID, LANGUAGE_ID, PROFESSION_TYPE_ID, NAME) values ('MXT','ES','348','VENDEDOR DE PROD. AGRICULTURA');
insert into PROFESSION_TYPE (COMPANY_ID, LANGUAGE_ID, PROFESSION_TYPE_ID, NAME) values ('MXT','ES','349','VENDEDOR DE PRODUCTOS DE IMPRE');
insert into PROFESSION_TYPE (COMPANY_ID, LANGUAGE_ID, PROFESSION_TYPE_ID, NAME) values ('MXT','ES','350','VENDEDOR DE PRODUCTOS QUIMICOS');
insert into PROFESSION_TYPE (COMPANY_ID, LANGUAGE_ID, PROFESSION_TYPE_ID, NAME) values ('MXT','ES','351','VENDEDOR EQUIPO COMERCIAL');
insert into PROFESSION_TYPE (COMPANY_ID, LANGUAGE_ID, PROFESSION_TYPE_ID, NAME) values ('MXT','ES','352','VENDEDOR EQUIPO MEDICO');
insert into PROFESSION_TYPE (COMPANY_ID, LANGUAGE_ID, PROFESSION_TYPE_ID, NAME) values ('MXT','ES','353','VENDEDOR PRODUCTOS INTERNET');
insert into PROFESSION_TYPE (COMPANY_ID, LANGUAGE_ID, PROFESSION_TYPE_ID, NAME) values ('MXT','ES','354','VENDEDOR TIENDA DE ROPA');
insert into PROFESSION_TYPE (COMPANY_ID, LANGUAGE_ID, PROFESSION_TYPE_ID, NAME) values ('MXT','ES','355','VETERINARIO');
insert into PROFESSION_TYPE (COMPANY_ID, LANGUAGE_ID, PROFESSION_TYPE_ID, NAME) values ('MXT','ES','356','VICEPRESIDENTE DE FINANZAS');
insert into PROFESSION_TYPE (COMPANY_ID, LANGUAGE_ID, PROFESSION_TYPE_ID, NAME) values ('MXT','ES','357','VICEPRESIDENTE DE OPERACIONES');
insert into PROFESSION_TYPE (COMPANY_ID, LANGUAGE_ID, PROFESSION_TYPE_ID, NAME) values ('MXT','ES','358','ZAPATERO');
insert into PROFESSION_TYPE (COMPANY_ID, LANGUAGE_ID, PROFESSION_TYPE_ID, NAME) values ('MXT','ES','359','ZOOLOGO');


