CREATE FUNCTION FNCEXPIRED() RETURNS DATETIME DETERMINISTIC
RETURN cast('9999-12-31' as DATETIME);

INSERT INTO LANGUAGE VALUES ('ES', 'ESPAÑOL');
INSERT INTO LANGUAGE VALUES ('EN', 'ENGLISH');

INSERT INTO COMPANY VALUES ('ALL', 'DEFAULT COMPANY', null, 1.1, '2011-01-01', 1);
INSERT INTO COMPANY (COMPANY_ID, NAME, DATAFILE_ID, UPGRADE_NUMBER, LICENSE_DATE, ENABLE) VALUES ('MXT', 'MICROXT', null, 1.00, '2011-01-01 00:00:00', 1);

INSERT INTO DATA_TYPE VALUES('String','Sequence of characters');
INSERT INTO DATA_TYPE VALUES('Integer','Sequence of digits less than 10');
INSERT INTO DATA_TYPE VALUES('Long','Sequence of digits greater than 10 or equal');
INSERT INTO DATA_TYPE VALUES('BigDecimal','Number with decimal fractions');
INSERT INTO DATA_TYPE VALUES('Boolean','Logic values true and false');
INSERT INTO DATA_TYPE VALUES('Date','Sequence of characters that denoting the date');
INSERT INTO DATA_TYPE VALUES('Timestamp','Sequence of characters that denoting the date and/or time');
INSERT INTO DATA_TYPE VALUES('Clob','Character large object');
INSERT INTO DATA_TYPE VALUES('Blob','Binary large object');

INSERT INTO DATABASE_TYPE VALUES('String','MYSQL',0,'VARCHAR');
insert into DATABASE_TYPE values('Integer','MYSQL',0,'INTEGER');
INSERT INTO DATABASE_TYPE VALUES('Integer','MYSQL',3,'TINYINT');
INSERT INTO DATABASE_TYPE VALUES('Integer','MYSQL',5,'SMALLINT');
INSERT INTO DATABASE_TYPE VALUES('Integer','MYSQL',7,'MEDIUMINT');
INSERT INTO DATABASE_TYPE VALUES('Long','MYSQL',10,'INTEGER');
INSERT INTO DATABASE_TYPE VALUES('Long','MYSQL',0,'BIGINT');
INSERT INTO DATABASE_TYPE VALUES('BigDecimal','MYSQL',0,'DECIMAL');
INSERT INTO DATABASE_TYPE VALUES('Boolean','MYSQL',0,'TINYINT');
INSERT INTO DATABASE_TYPE VALUES('Date','MYSQL',0,'DATETIME');
INSERT INTO DATABASE_TYPE VALUES('Timestamp','MYSQL',0,'TIMESTAMP');
INSERT INTO DATABASE_TYPE VALUES('Clob','MYSQL',0,'TEXT');
INSERT INTO DATABASE_TYPE VALUES('Blob','MYSQL',0,'BLOB');

INSERT INTO DATABASE_TYPE VALUES('String','ORACLE',0,'VARCHAR2');
INSERT INTO DATABASE_TYPE VALUES('Integer','ORACLE',0,'NUMBER');
INSERT INTO DATABASE_TYPE VALUES('Long','ORACLE',0,'NUMBER');
INSERT INTO DATABASE_TYPE VALUES('BigDecimal','ORACLE',0,'NUMBER');
INSERT INTO DATABASE_TYPE VALUES('Boolean','ORACLE',0,'VARCHAR2');
INSERT INTO DATABASE_TYPE VALUES('Date','ORACLE',0,'DATE');
INSERT INTO DATABASE_TYPE VALUES('Timestamp','ORACLE',0,'TIMESTAMP');
INSERT INTO DATABASE_TYPE VALUES('Clob','ORACLE',0,'CLOB');
INSERT INTO DATABASE_TYPE VALUES('Blob','ORACLE',0,'BLOB');

INSERT INTO SEQUENTIAL_ID (SEQUENTIAL_ID) VALUES ('SOLICITUDE');
INSERT INTO SEQUENTIAL (COMPANY_ID, SEQUENTIAL_ID, SEQUENTIAL_VALUE, VERSION) VALUES ('MXT', 'SOLICITUDE', 1000, 2);
INSERT INTO SEQUENTIAL_ID (SEQUENTIAL_ID) VALUES ('PERSON');
INSERT INTO SEQUENTIAL (COMPANY_ID, SEQUENTIAL_ID, SEQUENTIAL_VALUE, VERSION) VALUES ('MXT', 'PERSON', 1, 0);
INSERT INTO SEQUENTIAL_ID (SEQUENTIAL_ID) VALUES ('PARTNER');
INSERT INTO SEQUENTIAL (COMPANY_ID, SEQUENTIAL_ID, SEQUENTIAL_VALUE, VERSION) VALUES ('MXT', 'PARTNER', 1, 0);
INSERT INTO SEQUENTIAL_ID (SEQUENTIAL_ID) VALUES ('GEOZONE');
INSERT INTO SEQUENTIAL (COMPANY_ID, SEQUENTIAL_ID, SEQUENTIAL_VALUE, VERSION) VALUES ('MXT', 'GEOZONE', 1, 0);
INSERT INTO SEQUENTIAL_ID (SEQUENTIAL_ID) VALUES ('PARTNERGRP');
INSERT INTO SEQUENTIAL (COMPANY_ID, SEQUENTIAL_ID, SEQUENTIAL_VALUE, VERSION) VALUES ('MXT', 'PARTNERGRP', 1, 0);


