insert into CIVIL_STATUS_ID (CIVIL_STATUS_ID) values ('CAS');
insert into CIVIL_STATUS_ID (CIVIL_STATUS_ID) values ('DIV');
insert into CIVIL_STATUS_ID (CIVIL_STATUS_ID) values ('SEP');
insert into CIVIL_STATUS_ID (CIVIL_STATUS_ID) values ('SOL');
insert into CIVIL_STATUS_ID (CIVIL_STATUS_ID) values ('UNI');
insert into CIVIL_STATUS_ID (CIVIL_STATUS_ID) values ('VIU');

insert into CIVIL_STATUS (COMPANY_ID, LANGUAGE_ID, CIVIL_STATUS_ID, NAME) values ('MXT', 'ES', 'CAS', 'CASADO(A)');
insert into CIVIL_STATUS (COMPANY_ID, LANGUAGE_ID, CIVIL_STATUS_ID, NAME) values ('MXT', 'ES', 'DIV', 'DIVORCIADO(A)');
insert into CIVIL_STATUS (COMPANY_ID, LANGUAGE_ID, CIVIL_STATUS_ID, NAME) values ('MXT', 'ES', 'SEP', 'SEPARADO(A)');
insert into CIVIL_STATUS (COMPANY_ID, LANGUAGE_ID, CIVIL_STATUS_ID, NAME) values ('MXT', 'ES', 'SOL', 'SOLTERO(A)');
insert into CIVIL_STATUS (COMPANY_ID, LANGUAGE_ID, CIVIL_STATUS_ID, NAME) values ('MXT', 'ES', 'UNI', 'UNION LIBRE');
insert into CIVIL_STATUS (COMPANY_ID, LANGUAGE_ID, CIVIL_STATUS_ID, NAME) values ('MXT', 'ES', 'VIU', 'VIUDO(A)');

insert into GENDER_TYPE_ID (GENDER_TYPE_ID) values ('F');
insert into GENDER_TYPE_ID (GENDER_TYPE_ID) values ('M');

insert into GENDER_TYPE (LANGUAGE_ID, GENDER_TYPE_ID, NAME) values ('ES', 'F', 'FEMENINO');
insert into GENDER_TYPE (LANGUAGE_ID, GENDER_TYPE_ID, NAME) values ('ES', 'M', 'MASCULINO');

insert into IDENTIFICATION_TYPE_ID (IDENTIFICATION_TYPE_ID) values ('CED');
insert into IDENTIFICATION_TYPE_ID (IDENTIFICATION_TYPE_ID) values ('RUC');

insert into IDENTIFICATION_TYPE (COMPANY_ID, LANGUAGE_ID, IDENTIFICATION_TYPE_ID, NAME) values ('MXT', 'ES', 'CED', 'CEDULA');
insert into IDENTIFICATION_TYPE (COMPANY_ID, LANGUAGE_ID, IDENTIFICATION_TYPE_ID, NAME) values ('MXT', 'ES', 'RUC', 'RUC');


