insert into USER_STATUS_ID (USER_STATUS_ID) values ('ACT');
insert into USER_STATUS_ID (USER_STATUS_ID) values ('BLO');
insert into USER_STATUS_ID (USER_STATUS_ID) values ('INA');
insert into USER_STATUS (COMPANY_ID, LANGUAGE_ID, USER_STATUS_ID, NAME) values ('MXT', 'ES', 'ACT', 'ACTIVO');
insert into USER_STATUS (COMPANY_ID, LANGUAGE_ID, USER_STATUS_ID, NAME) values ('MXT', 'ES', 'BLO', 'BLOQUEADO');
insert into USER_STATUS (COMPANY_ID, LANGUAGE_ID, USER_STATUS_ID, NAME) values ('MXT', 'ES', 'INA', 'INACTIVO');

insert into USER_TYPE_ID (USER_TYPE_ID) values ('ADM');
insert into USER_TYPE_ID (USER_TYPE_ID) values ('ASE');
insert into USER_TYPE_ID (USER_TYPE_ID) values ('OPE');
insert into USER_TYPE_ID (USER_TYPE_ID) values ('SYS');

insert into USER_TYPE (COMPANY_ID, LANGUAGE_ID, USER_TYPE_ID, NAME) values ('MXT', 'ES', 'ADM', 'ADMINISTRADOR');
insert into USER_TYPE (COMPANY_ID, LANGUAGE_ID, USER_TYPE_ID, NAME) values ('MXT', 'ES', 'ASE', 'ASESOR CRÉDITO');
insert into USER_TYPE (COMPANY_ID, LANGUAGE_ID, USER_TYPE_ID, NAME) values ('MXT', 'ES', 'OPE', 'OPERADOR');
insert into USER_TYPE (COMPANY_ID, LANGUAGE_ID, USER_TYPE_ID, NAME) values ('MXT', 'ES', 'SYS', 'SISTEMAS');

insert into COMPONENT_TYPE (COMPONENT_TYPE_ID, DESCRIPTION) values ('MNT', 'MANTENIMIENTO');
insert into COMPONENT_TYPE (COMPONENT_TYPE_ID, DESCRIPTION) values ('QRY', 'CONSULTA');

insert into SUBSYSTEM_ID (SUBSYSTEM_ID) values ('A');
insert into SUBSYSTEM_ID (SUBSYSTEM_ID) values ('B');
insert into SUBSYSTEM_ID (SUBSYSTEM_ID) values ('C');
insert into SUBSYSTEM_ID (SUBSYSTEM_ID) values ('G');

insert into SUBSYSTEM (COMPANY_ID, LANGUAGE_ID, SUBSYSTEM_ID, NAME) values ('MXT', 'ES', 'A', 'SEGURIDADES');
insert into SUBSYSTEM (COMPANY_ID, LANGUAGE_ID, SUBSYSTEM_ID, NAME) values ('MXT', 'ES', 'B', 'PERSONAS');
insert into SUBSYSTEM (COMPANY_ID, LANGUAGE_ID, SUBSYSTEM_ID, NAME) values ('MXT', 'ES', 'C', 'MICROCRÉDITO');
insert into SUBSYSTEM (COMPANY_ID, LANGUAGE_ID, SUBSYSTEM_ID, NAME) values ('MXT', 'ES', 'G', 'GENERALES');

insert into MODULE_ID (SUBSYSTEM_ID, MODULE_ID) values ('A', '0');
insert into MODULE_ID (SUBSYSTEM_ID, MODULE_ID) values ('A', '1');
insert into MODULE_ID (SUBSYSTEM_ID, MODULE_ID) values ('B', '0');
insert into MODULE_ID (SUBSYSTEM_ID, MODULE_ID) values ('B', '1');
insert into MODULE_ID (SUBSYSTEM_ID, MODULE_ID) values ('A', '2');
insert into MODULE_ID (SUBSYSTEM_ID, MODULE_ID) values ('C', '0');
insert into MODULE_ID (SUBSYSTEM_ID, MODULE_ID) values ('C', '1');
insert into MODULE_ID (SUBSYSTEM_ID, MODULE_ID) values ('C', '2');
insert into MODULE_ID (SUBSYSTEM_ID, MODULE_ID) values ('C', '3');
insert into MODULE_ID (SUBSYSTEM_ID, MODULE_ID) values ('C', '4');
insert into MODULE_ID (SUBSYSTEM_ID, MODULE_ID) values ('C', '5');
insert into MODULE_ID (SUBSYSTEM_ID, MODULE_ID) values ('G', '0');
insert into MODULE_ID (SUBSYSTEM_ID, MODULE_ID) values ('G', '1');
insert into MODULE_ID (SUBSYSTEM_ID, MODULE_ID) values ('G', '2');
insert into MODULE_ID (SUBSYSTEM_ID, MODULE_ID) values ('G', '3');

insert into MODULE (COMPANY_ID, LANGUAGE_ID, SUBSYSTEM_ID, MODULE_ID, NAME) values ('MXT', 'ES', 'A', '0', 'AUTENTITICACIÓN');
insert into MODULE (COMPANY_ID, LANGUAGE_ID, SUBSYSTEM_ID, MODULE_ID, NAME) values ('MXT', 'ES', 'A', '1', 'DATOS GENERALES');
insert into MODULE (COMPANY_ID, LANGUAGE_ID, SUBSYSTEM_ID, MODULE_ID, NAME) values ('MXT', 'ES', 'A', '2', 'ROLES Y USUARIOS');
insert into MODULE (COMPANY_ID, LANGUAGE_ID, SUBSYSTEM_ID, MODULE_ID, NAME) values ('MXT', 'ES', 'B', '0', 'PARAMETRIZACIÓN');
insert into MODULE (COMPANY_ID, LANGUAGE_ID, SUBSYSTEM_ID, MODULE_ID, NAME) values ('MXT', 'ES', 'B', '1', 'PERSONAS NATURALES');
insert into MODULE (COMPANY_ID, LANGUAGE_ID, SUBSYSTEM_ID, MODULE_ID, NAME) values ('MXT', 'ES', 'C', '0', 'PARAMETRIZACIÓN');
insert into MODULE (COMPANY_ID, LANGUAGE_ID, SUBSYSTEM_ID, MODULE_ID, NAME) values ('MXT', 'ES', 'C', '1', 'PLANIFICACIÓN');
insert into MODULE (COMPANY_ID, LANGUAGE_ID, SUBSYSTEM_ID, MODULE_ID, NAME) values ('MXT', 'ES', 'C', '2', 'COMERCIALIZACIÓN');
insert into MODULE (COMPANY_ID, LANGUAGE_ID, SUBSYSTEM_ID, MODULE_ID, NAME) values ('MXT', 'ES', 'C', '3', 'SOLICITUD');
insert into MODULE (COMPANY_ID, LANGUAGE_ID, SUBSYSTEM_ID, MODULE_ID, NAME) values ('MXT', 'ES', 'C', '4', 'INSTRUMENTACIÓN CORE BANCARIO');
insert into MODULE (COMPANY_ID, LANGUAGE_ID, SUBSYSTEM_ID, MODULE_ID, NAME) values ('MXT', 'ES', 'C', '5', 'SEGUIMIENTO Y RECUPERACIÓN');
insert into MODULE (COMPANY_ID, LANGUAGE_ID, SUBSYSTEM_ID, MODULE_ID, NAME) values ('MXT', 'ES', 'G', '0', 'MENU');
insert into MODULE (COMPANY_ID, LANGUAGE_ID, SUBSYSTEM_ID, MODULE_ID, NAME) values ('MXT', 'ES', 'G', '1', 'PARAMETROS');
insert into MODULE (COMPANY_ID, LANGUAGE_ID, SUBSYSTEM_ID, MODULE_ID, NAME) values ('MXT', 'ES', 'G', '2', 'LISTAS PARA LOS COMBOS');
insert into MODULE (COMPANY_ID, LANGUAGE_ID, SUBSYSTEM_ID, MODULE_ID, NAME) values ('MXT', 'ES', 'G', '3', 'LOCALIZACIÓN');

insert into PROCESS_ID (SUBSYSTEM_ID, MODULE_ID, PROCESS_ID) values ('A', '0', '01');
insert into PROCESS_ID (SUBSYSTEM_ID, MODULE_ID, PROCESS_ID) values ('A', '0', '02');
insert into PROCESS_ID (SUBSYSTEM_ID, MODULE_ID, PROCESS_ID) values ('A', '1', '01');
insert into PROCESS_ID (SUBSYSTEM_ID, MODULE_ID, PROCESS_ID) values ('A', '1', '02');
insert into PROCESS_ID (SUBSYSTEM_ID, MODULE_ID, PROCESS_ID) values ('A', '1', '03');
insert into PROCESS_ID (SUBSYSTEM_ID, MODULE_ID, PROCESS_ID) values ('A', '1', '04');
insert into PROCESS_ID (SUBSYSTEM_ID, MODULE_ID, PROCESS_ID) values ('A', '1', '05');
insert into PROCESS_ID (SUBSYSTEM_ID, MODULE_ID, PROCESS_ID) values ('A', '1', '06');
insert into PROCESS_ID (SUBSYSTEM_ID, MODULE_ID, PROCESS_ID) values ('A', '1', '07');
insert into PROCESS_ID (SUBSYSTEM_ID, MODULE_ID, PROCESS_ID) values ('A', '2', '01');
insert into PROCESS_ID (SUBSYSTEM_ID, MODULE_ID, PROCESS_ID) values ('A', '2', '02');
insert into PROCESS_ID (SUBSYSTEM_ID, MODULE_ID, PROCESS_ID) values ('A', '2', '03');
insert into PROCESS_ID (SUBSYSTEM_ID, MODULE_ID, PROCESS_ID) values ('A', '2', '04');
insert into PROCESS_ID (SUBSYSTEM_ID, MODULE_ID, PROCESS_ID) values ('A', '2', '05');
insert into PROCESS_ID (SUBSYSTEM_ID, MODULE_ID, PROCESS_ID) values ('A', '2', '06');
insert into PROCESS_ID (SUBSYSTEM_ID, MODULE_ID, PROCESS_ID) values ('A', '2', '07');
insert into PROCESS_ID (SUBSYSTEM_ID, MODULE_ID, PROCESS_ID) values ('B', '0', '01');
insert into PROCESS_ID (SUBSYSTEM_ID, MODULE_ID, PROCESS_ID) values ('B', '0', '02');
insert into PROCESS_ID (SUBSYSTEM_ID, MODULE_ID, PROCESS_ID) values ('B', '0', '03');
insert into PROCESS_ID (SUBSYSTEM_ID, MODULE_ID, PROCESS_ID) values ('B', '0', '04');
insert into PROCESS_ID (SUBSYSTEM_ID, MODULE_ID, PROCESS_ID) values ('B', '0', '05');
insert into PROCESS_ID (SUBSYSTEM_ID, MODULE_ID, PROCESS_ID) values ('B', '0', '06');
insert into PROCESS_ID (SUBSYSTEM_ID, MODULE_ID, PROCESS_ID) values ('B', '0', '07');
insert into PROCESS_ID (SUBSYSTEM_ID, MODULE_ID, PROCESS_ID) values ('B', '1', '01');
insert into PROCESS_ID (SUBSYSTEM_ID, MODULE_ID, PROCESS_ID) values ('B', '1', '02');
insert into PROCESS_ID (SUBSYSTEM_ID, MODULE_ID, PROCESS_ID) values ('B', '1', '03');
insert into PROCESS_ID (SUBSYSTEM_ID, MODULE_ID, PROCESS_ID) values ('B', '1', '04');
insert into PROCESS_ID (SUBSYSTEM_ID, MODULE_ID, PROCESS_ID) values ('C', '0', '01');
insert into PROCESS_ID (SUBSYSTEM_ID, MODULE_ID, PROCESS_ID) values ('C', '0', '02');
insert into PROCESS_ID (SUBSYSTEM_ID, MODULE_ID, PROCESS_ID) values ('C', '0', '03');
insert into PROCESS_ID (SUBSYSTEM_ID, MODULE_ID, PROCESS_ID) values ('C', '0', '04');
insert into PROCESS_ID (SUBSYSTEM_ID, MODULE_ID, PROCESS_ID) values ('C', '0', '05');
insert into PROCESS_ID (SUBSYSTEM_ID, MODULE_ID, PROCESS_ID) values ('C', '0', '06');
insert into PROCESS_ID (SUBSYSTEM_ID, MODULE_ID, PROCESS_ID) values ('C', '0', '07');
insert into PROCESS_ID (SUBSYSTEM_ID, MODULE_ID, PROCESS_ID) values ('C', '1', '01');
insert into PROCESS_ID (SUBSYSTEM_ID, MODULE_ID, PROCESS_ID) values ('C', '1', '02');
insert into PROCESS_ID (SUBSYSTEM_ID, MODULE_ID, PROCESS_ID) values ('C', '1', '03');
insert into PROCESS_ID (SUBSYSTEM_ID, MODULE_ID, PROCESS_ID) values ('C', '1', '04');
insert into PROCESS_ID (SUBSYSTEM_ID, MODULE_ID, PROCESS_ID) values ('C', '2', '01');
insert into PROCESS_ID (SUBSYSTEM_ID, MODULE_ID, PROCESS_ID) values ('C', '2', '02');
insert into PROCESS_ID (SUBSYSTEM_ID, MODULE_ID, PROCESS_ID) values ('C', '3', '01');
insert into PROCESS_ID (SUBSYSTEM_ID, MODULE_ID, PROCESS_ID) values ('C', '3', '02');
insert into PROCESS_ID (SUBSYSTEM_ID, MODULE_ID, PROCESS_ID) values ('C', '4', '01');
insert into PROCESS_ID (SUBSYSTEM_ID, MODULE_ID, PROCESS_ID) values ('C', '4', '02');
insert into PROCESS_ID (SUBSYSTEM_ID, MODULE_ID, PROCESS_ID) values ('C', '5', '01');
insert into PROCESS_ID (SUBSYSTEM_ID, MODULE_ID, PROCESS_ID) values ('C', '5', '02');
insert into PROCESS_ID (SUBSYSTEM_ID, MODULE_ID, PROCESS_ID) values ('C', '5', '03');
insert into PROCESS_ID (SUBSYSTEM_ID, MODULE_ID, PROCESS_ID) values ('C', '5', '04');
insert into PROCESS_ID (SUBSYSTEM_ID, MODULE_ID, PROCESS_ID) values ('C', '5', '05');
insert into PROCESS_ID (SUBSYSTEM_ID, MODULE_ID, PROCESS_ID) values ('G', '0', '01');
insert into PROCESS_ID (SUBSYSTEM_ID, MODULE_ID, PROCESS_ID) values ('G', '1', '01');
insert into PROCESS_ID (SUBSYSTEM_ID, MODULE_ID, PROCESS_ID) values ('G', '2', '01');
insert into PROCESS_ID (SUBSYSTEM_ID, MODULE_ID, PROCESS_ID) values ('G', '2', '02');
insert into PROCESS_ID (SUBSYSTEM_ID, MODULE_ID, PROCESS_ID) values ('G', '2', '03');
insert into PROCESS_ID (SUBSYSTEM_ID, MODULE_ID, PROCESS_ID) values ('G', '2', '04');
insert into PROCESS_ID (SUBSYSTEM_ID, MODULE_ID, PROCESS_ID) values ('G', '3', '01');
insert into PROCESS_ID (SUBSYSTEM_ID, MODULE_ID, PROCESS_ID) values ('G', '3', '02');
insert into PROCESS_ID (SUBSYSTEM_ID, MODULE_ID, PROCESS_ID) values ('G', '3', '03');
insert into PROCESS_ID (SUBSYSTEM_ID, MODULE_ID, PROCESS_ID) values ('G', '3', '04');

insert into PROCESS (COMPANY_ID, LANGUAGE_ID, EXPIRED, SUBSYSTEM_ID, MODULE_ID, PROCESS_ID, CREATED, NAME, ENABLE, MENU, URL, DATAFILE_ID) values ('MXT', 'ES', '9999-12-31 00:00:00', 'A', '0', '01', '2011-10-14 00:00:00', 'LOGGIN', '1', '0', 'A001', null);
insert into PROCESS (COMPANY_ID, LANGUAGE_ID, EXPIRED, SUBSYSTEM_ID, MODULE_ID, PROCESS_ID, CREATED, NAME, ENABLE, MENU, URL, DATAFILE_ID) values ('MXT', 'ES', '9999-12-31 00:00:00', 'A', '0', '02', '2012-03-17 02:15:11', 'LOGOUT', '1', '0', 'A002', null);
insert into PROCESS (COMPANY_ID, LANGUAGE_ID, EXPIRED, SUBSYSTEM_ID, MODULE_ID, PROCESS_ID, CREATED, NAME, ENABLE, MENU, URL, DATAFILE_ID) values ('MXT', 'ES', '9999-12-31 00:00:00', 'A', '1', '01', '2011-10-14 00:00:00', 'ESTADO DE USUARIOS', '1', '1', 'A101', null);
insert into PROCESS (COMPANY_ID, LANGUAGE_ID, EXPIRED, SUBSYSTEM_ID, MODULE_ID, PROCESS_ID, CREATED, NAME, ENABLE, MENU, URL, DATAFILE_ID) values ('MXT', 'ES', '9999-12-31 00:00:00', 'A', '1', '02', '2011-11-27 00:00:00', 'TIPOS DE USUARIO', '1', '1', 'A102', null);
insert into PROCESS (COMPANY_ID, LANGUAGE_ID, EXPIRED, SUBSYSTEM_ID, MODULE_ID, PROCESS_ID, CREATED, NAME, ENABLE, MENU, URL, DATAFILE_ID) values ('MXT', 'ES', '9999-12-31 00:00:00', 'A', '1', '03', '2011-11-27 00:00:00', 'SUBSISTEMAS', '1', '1', 'A103', null);
insert into PROCESS (COMPANY_ID, LANGUAGE_ID, EXPIRED, SUBSYSTEM_ID, MODULE_ID, PROCESS_ID, CREATED, NAME, ENABLE, MENU, URL, DATAFILE_ID) values ('MXT', 'ES', '9999-12-31 00:00:00', 'A', '1', '04', '2011-11-27 00:00:00', 'MODULOS', '1', '1', 'A104', null);
insert into PROCESS (COMPANY_ID, LANGUAGE_ID, EXPIRED, SUBSYSTEM_ID, MODULE_ID, PROCESS_ID, CREATED, NAME, ENABLE, MENU, URL, DATAFILE_ID) values ('MXT', 'ES', '9999-12-31 00:00:00', 'A', '1', '05', '2011-11-27 00:00:00', 'PROCESOS', '1', '1', 'A105', null);
insert into PROCESS (COMPANY_ID, LANGUAGE_ID, EXPIRED, SUBSYSTEM_ID, MODULE_ID, PROCESS_ID, CREATED, NAME, ENABLE, MENU, URL, DATAFILE_ID) values ('MXT', 'ES', '9999-12-31 00:00:00', 'A', '1', '06', '2012-03-03 12:08:36', 'COMPONENTES', '1', '1', 'A106', null);
insert into PROCESS (COMPANY_ID, LANGUAGE_ID, EXPIRED, SUBSYSTEM_ID, MODULE_ID, PROCESS_ID, CREATED, NAME, ENABLE, MENU, URL, DATAFILE_ID) values ('MXT', 'ES', '9999-12-31 00:00:00', 'A', '1', '07', '2012-03-03 12:08:36', 'COMPONENTES POR PROCESO', '1', '1', 'A107', null);
insert into PROCESS (COMPANY_ID, LANGUAGE_ID, EXPIRED, SUBSYSTEM_ID, MODULE_ID, PROCESS_ID, CREATED, NAME, ENABLE, MENU, URL, DATAFILE_ID) values ('MXT', 'ES', '9999-12-31 00:00:00', 'A', '2', '01', '2011-10-14 00:00:00', 'ROLES', '1', '1', 'A201', null);
insert into PROCESS (COMPANY_ID, LANGUAGE_ID, EXPIRED, SUBSYSTEM_ID, MODULE_ID, PROCESS_ID, CREATED, NAME, ENABLE, MENU, URL, DATAFILE_ID) values ('MXT', 'ES', '9999-12-31 00:00:00', 'A', '2', '02', '2011-11-29 00:00:00', 'PROCESOS POR ROL', '1', '1', 'A202', null);
insert into PROCESS (COMPANY_ID, LANGUAGE_ID, EXPIRED, SUBSYSTEM_ID, MODULE_ID, PROCESS_ID, CREATED, NAME, ENABLE, MENU, URL, DATAFILE_ID) values ('MXT', 'ES', '9999-12-31 00:00:00', 'A', '2', '03', '2011-11-30 00:00:00', 'USUARIOS', '1', '1', 'A203', null);
insert into PROCESS (COMPANY_ID, LANGUAGE_ID, EXPIRED, SUBSYSTEM_ID, MODULE_ID, PROCESS_ID, CREATED, NAME, ENABLE, MENU, URL, DATAFILE_ID) values ('MXT', 'ES', '9999-12-31 00:00:00', 'A', '2', '04', '2011-11-30 00:00:00', 'ROLES POR USUARIO', '1', '1', 'A204', null);
insert into PROCESS (COMPANY_ID, LANGUAGE_ID, EXPIRED, SUBSYSTEM_ID, MODULE_ID, PROCESS_ID, CREATED, NAME, ENABLE, MENU, URL, DATAFILE_ID) values ('MXT', 'ES', '9999-12-31 00:00:00', 'A', '2', '05', '2011-11-30 00:00:00', 'CAMBIO CONTRASEÑA', '1', '1', 'A205', null);
insert into PROCESS (COMPANY_ID, LANGUAGE_ID, EXPIRED, SUBSYSTEM_ID, MODULE_ID, PROCESS_ID, CREATED, NAME, ENABLE, MENU, URL, DATAFILE_ID) values ('MXT', 'ES', '9999-12-31 00:00:00', 'A', '2', '06', '2011-11-30 00:00:00', 'RESETEO CONTRASEÑA', '1', '1', 'A205', null);
insert into PROCESS (COMPANY_ID, LANGUAGE_ID, EXPIRED, SUBSYSTEM_ID, MODULE_ID, PROCESS_ID, CREATED, NAME, ENABLE, MENU, URL, DATAFILE_ID) values ('MXT', 'ES', '9999-12-31 00:00:00', 'A', '2', '07', '2011-12-07 00:00:00', 'TERMINALES', '1', '1', 'A206', null);
insert into PROCESS (COMPANY_ID, LANGUAGE_ID, EXPIRED, SUBSYSTEM_ID, MODULE_ID, PROCESS_ID, CREATED, NAME, ENABLE, MENU, URL, DATAFILE_ID) values ('MXT', 'ES', '9999-12-31 00:00:00', 'B', '0', '01', '2012-01-21 19:34:18', 'TIPOS DE PERSONA', '1', '1', 'B001', null);
insert into PROCESS (COMPANY_ID, LANGUAGE_ID, EXPIRED, SUBSYSTEM_ID, MODULE_ID, PROCESS_ID, CREATED, NAME, ENABLE, MENU, URL, DATAFILE_ID) values ('MXT', 'ES', '9999-12-31 00:00:00', 'B', '0', '02', '2012-01-21 19:34:18', 'TIPOS DE IDENTIFICACION', '1', '1', 'B002', null);
insert into PROCESS (COMPANY_ID, LANGUAGE_ID, EXPIRED, SUBSYSTEM_ID, MODULE_ID, PROCESS_ID, CREATED, NAME, ENABLE, MENU, URL, DATAFILE_ID) values ('MXT', 'ES', '9999-12-31 00:00:00', 'B', '0', '03', '2012-01-21 19:34:18', 'GENEROS', '1', '1', 'B003', null);
insert into PROCESS (COMPANY_ID, LANGUAGE_ID, EXPIRED, SUBSYSTEM_ID, MODULE_ID, PROCESS_ID, CREATED, NAME, ENABLE, MENU, URL, DATAFILE_ID) values ('MXT', 'ES', '9999-12-31 00:00:00', 'B', '0', '04', '2012-01-21 19:34:18', 'ESTADOS CIVILES', '1', '1', 'B004', null);
insert into PROCESS (COMPANY_ID, LANGUAGE_ID, EXPIRED, SUBSYSTEM_ID, MODULE_ID, PROCESS_ID, CREATED, NAME, ENABLE, MENU, URL, DATAFILE_ID) values ('MXT', 'ES', '9999-12-31 00:00:00', 'B', '0', '05', '2012-01-21 19:34:18', 'PROFESIONES', '1', '1', 'B005', null);
insert into PROCESS (COMPANY_ID, LANGUAGE_ID, EXPIRED, SUBSYSTEM_ID, MODULE_ID, PROCESS_ID, CREATED, NAME, ENABLE, MENU, URL, DATAFILE_ID) values ('MXT', 'ES', '9999-12-31 00:00:00', 'B', '0', '06', '2011-10-14 00:00:00', 'TIPOS DE DIRECCION', '1', '1', 'B006', null);
insert into PROCESS (COMPANY_ID, LANGUAGE_ID, EXPIRED, SUBSYSTEM_ID, MODULE_ID, PROCESS_ID, CREATED, NAME, ENABLE, MENU, URL, DATAFILE_ID) values ('MXT', 'ES', '9999-12-31 00:00:00', 'B', '0', '07', '2011-10-14 00:00:00', 'TIPOS DE TELEFONO', '1', '1', 'B007', null);
insert into PROCESS (COMPANY_ID, LANGUAGE_ID, EXPIRED, SUBSYSTEM_ID, MODULE_ID, PROCESS_ID, CREATED, NAME, ENABLE, MENU, URL, DATAFILE_ID) values ('MXT', 'ES', '9999-12-31 00:00:00', 'B', '1', '01', '2011-10-14 00:00:00', 'PERSONAS NATURALES', '1', '1', 'B101', null);
insert into PROCESS (COMPANY_ID, LANGUAGE_ID, EXPIRED, SUBSYSTEM_ID, MODULE_ID, PROCESS_ID, CREATED, NAME, ENABLE, MENU, URL, DATAFILE_ID) values ('MXT', 'ES', '9999-12-31 00:00:00', 'B', '1', '02', '2011-10-14 00:00:00', 'DIRECCIONES', '1', '1', 'B102', null);
insert into PROCESS (COMPANY_ID, LANGUAGE_ID, EXPIRED, SUBSYSTEM_ID, MODULE_ID, PROCESS_ID, CREATED, NAME, ENABLE, MENU, URL, DATAFILE_ID) values ('MXT', 'ES', '9999-12-31 00:00:00', 'B', '1', '03', '2011-10-14 00:00:00', 'TELEFONOS', '1', '1', 'B103', null);
insert into PROCESS (COMPANY_ID, LANGUAGE_ID, EXPIRED, SUBSYSTEM_ID, MODULE_ID, PROCESS_ID, CREATED, NAME, ENABLE, MENU, URL, DATAFILE_ID) values ('MXT', 'ES', '9999-12-31 00:00:00', 'B', '1', '04', '2011-10-14 00:00:00', 'PERSONAS NATURALES GENERAL', '1', '1', 'B104', null);
insert into PROCESS (COMPANY_ID, LANGUAGE_ID, EXPIRED, SUBSYSTEM_ID, MODULE_ID, PROCESS_ID, CREATED, NAME, ENABLE, MENU, URL, DATAFILE_ID) values ('MXT', 'ES', '9999-12-31 00:00:00', 'C', '0', '01', '2012-01-14 16:55:33', 'MONEDAS', '1', '1', 'C001', null);
insert into PROCESS (COMPANY_ID, LANGUAGE_ID, EXPIRED, SUBSYSTEM_ID, MODULE_ID, PROCESS_ID, CREATED, NAME, ENABLE, MENU, URL, DATAFILE_ID) values ('MXT', 'ES', '9999-12-31 00:00:00', 'C', '0', '02', '2012-01-14 16:55:34', 'ESTATUS SOLICITUD', '1', '1', 'C002', null);
insert into PROCESS (COMPANY_ID, LANGUAGE_ID, EXPIRED, SUBSYSTEM_ID, MODULE_ID, PROCESS_ID, CREATED, NAME, ENABLE, MENU, URL, DATAFILE_ID) values ('MXT', 'ES', '9999-12-31 00:00:00', 'C', '0', '03', '2012-01-14 16:55:34', 'TIPOS DE CUOTA', '1', '1', 'C003', null);
insert into PROCESS (COMPANY_ID, LANGUAGE_ID, EXPIRED, SUBSYSTEM_ID, MODULE_ID, PROCESS_ID, CREATED, NAME, ENABLE, MENU, URL, DATAFILE_ID) values ('MXT', 'ES', '9999-12-31 00:00:00', 'C', '0', '04', '2012-01-14 16:55:35', 'FRECUENCIAS', '1', '1', 'C004', null);
insert into PROCESS (COMPANY_ID, LANGUAGE_ID, EXPIRED, SUBSYSTEM_ID, MODULE_ID, PROCESS_ID, CREATED, NAME, ENABLE, MENU, URL, DATAFILE_ID) values ('MXT', 'ES', '9999-12-31 00:00:00', 'C', '0', '05', '2012-01-14 16:55:35', 'DESTINOS DE FONDOS', '1', '1', 'C005', null);
insert into PROCESS (COMPANY_ID, LANGUAGE_ID, EXPIRED, SUBSYSTEM_ID, MODULE_ID, PROCESS_ID, CREATED, NAME, ENABLE, MENU, URL, DATAFILE_ID) values ('MXT', 'ES', '9999-12-31 00:00:00', 'C', '0', '06', '2012-03-13 23:53:53', 'CONDICIONES OPERATIVAS', '1', '1', 'C006', null);
insert into PROCESS (COMPANY_ID, LANGUAGE_ID, EXPIRED, SUBSYSTEM_ID, MODULE_ID, PROCESS_ID, CREATED, NAME, ENABLE, MENU, URL, DATAFILE_ID) values ('MXT', 'ES', '9999-12-31 00:00:00', 'C', '0', '07', '2012-03-14 23:30:18', 'ESTATUS DE CUENTA', '1', '1', 'C007', null);
insert into PROCESS (COMPANY_ID, LANGUAGE_ID, EXPIRED, SUBSYSTEM_ID, MODULE_ID, PROCESS_ID, CREATED, NAME, ENABLE, MENU, URL, DATAFILE_ID) values ('MXT', 'ES', '9999-12-31 00:00:00', 'C', '1', '01', '2012-01-08 00:00:00', 'ASESOR DE CREDITO', '1', '1', 'C001', null);
insert into PROCESS (COMPANY_ID, LANGUAGE_ID, EXPIRED, SUBSYSTEM_ID, MODULE_ID, PROCESS_ID, CREATED, NAME, ENABLE, MENU, URL, DATAFILE_ID) values ('MXT', 'ES', '9999-12-31 00:00:00', 'C', '1', '02', '2012-01-08 00:00:00', 'ZONAS GEOGRAFICAS', '1', '1', 'C102', null);
insert into PROCESS (COMPANY_ID, LANGUAGE_ID, EXPIRED, SUBSYSTEM_ID, MODULE_ID, PROCESS_ID, CREATED, NAME, ENABLE, MENU, URL, DATAFILE_ID) values ('MXT', 'ES', '9999-12-31 00:00:00', 'C', '1', '03', '2012-01-08 00:00:00', 'ZONAS POR ASESOR', '1', '1', 'C003', null);
insert into PROCESS (COMPANY_ID, LANGUAGE_ID, EXPIRED, SUBSYSTEM_ID, MODULE_ID, PROCESS_ID, CREATED, NAME, ENABLE, MENU, URL, DATAFILE_ID) values ('MXT', 'ES', '9999-12-31 00:00:00', 'C', '1', '04', '2012-01-08 00:00:00', 'PRODUCTOS', '1', '1', 'C004', null);
insert into PROCESS (COMPANY_ID, LANGUAGE_ID, EXPIRED, SUBSYSTEM_ID, MODULE_ID, PROCESS_ID, CREATED, NAME, ENABLE, MENU, URL, DATAFILE_ID) values ('MXT', 'ES', '9999-12-31 00:00:00', 'C', '2', '01', '2012-01-14 16:57:27', 'SOCIOS INDIVIDUALES', '1', '1', 'C201', null);
insert into PROCESS (COMPANY_ID, LANGUAGE_ID, EXPIRED, SUBSYSTEM_ID, MODULE_ID, PROCESS_ID, CREATED, NAME, ENABLE, MENU, URL, DATAFILE_ID) values ('MXT', 'ES', '9999-12-31 00:00:00', 'C', '2', '02', '2012-01-14 16:57:28', 'SOCIOS GRUPALES', '1', '1', 'C202', null);
insert into PROCESS (COMPANY_ID, LANGUAGE_ID, EXPIRED, SUBSYSTEM_ID, MODULE_ID, PROCESS_ID, CREATED, NAME, ENABLE, MENU, URL, DATAFILE_ID) values ('MXT', 'ES', '9999-12-31 00:00:00', 'C', '3', '01', '2012-01-14 16:58:40', 'SOLICITUD DE MICROCREDITO', '1', '1', 'C301', null);
insert into PROCESS (COMPANY_ID, LANGUAGE_ID, EXPIRED, SUBSYSTEM_ID, MODULE_ID, PROCESS_ID, CREATED, NAME, ENABLE, MENU, URL, DATAFILE_ID) values ('MXT', 'ES', '9999-12-31 00:00:00', 'C', '3', '02', '2012-01-14 16:58:41', 'RECOMENDACION', '1', '1', 'C302', null);
insert into PROCESS (COMPANY_ID, LANGUAGE_ID, EXPIRED, SUBSYSTEM_ID, MODULE_ID, PROCESS_ID, CREATED, NAME, ENABLE, MENU, URL, DATAFILE_ID) values ('MXT', 'ES', '9999-12-31 00:00:00', 'C', '4', '01', '2012-02-29 14:14:17', 'CONSULTA SOLICITUDES', '1', '1', 'C401', null);
insert into PROCESS (COMPANY_ID, LANGUAGE_ID, EXPIRED, SUBSYSTEM_ID, MODULE_ID, PROCESS_ID, CREATED, NAME, ENABLE, MENU, URL, DATAFILE_ID) values ('MXT', 'ES', '9999-12-31 00:00:00', 'C', '4', '02', '2012-02-29 14:14:17', 'INSTRUMENTACIÓN CORE', '1', '1', 'C402', null);
insert into PROCESS (COMPANY_ID, LANGUAGE_ID, EXPIRED, SUBSYSTEM_ID, MODULE_ID, PROCESS_ID, CREATED, NAME, ENABLE, MENU, URL, DATAFILE_ID) values ('MXT', 'ES', '9999-12-31 00:00:00', 'C', '5', '01', '2012-02-29 14:15:47', 'VERIFICACIÓN DESTINO', '1', '1', 'C501', null);
insert into PROCESS (COMPANY_ID, LANGUAGE_ID, EXPIRED, SUBSYSTEM_ID, MODULE_ID, PROCESS_ID, CREATED, NAME, ENABLE, MENU, URL, DATAFILE_ID) values ('MXT', 'ES', '9999-12-31 00:00:00', 'C', '5', '02', '2012-02-29 14:15:47', 'CONSUTA CUOTAS', '1', '1', 'C502', null);
insert into PROCESS (COMPANY_ID, LANGUAGE_ID, EXPIRED, SUBSYSTEM_ID, MODULE_ID, PROCESS_ID, CREATED, NAME, ENABLE, MENU, URL, DATAFILE_ID) values ('MXT', 'ES', '9999-12-31 00:00:00', 'C', '5', '03', '2012-02-29 14:15:47', 'PAGO CUOTAS', '1', '1', 'C503', null);
insert into PROCESS (COMPANY_ID, LANGUAGE_ID, EXPIRED, SUBSYSTEM_ID, MODULE_ID, PROCESS_ID, CREATED, NAME, ENABLE, MENU, URL, DATAFILE_ID) values ('MXT', 'ES', '9999-12-31 00:00:00', 'C', '5', '04', '2012-02-29 14:15:47', 'ABONO EXTRAORDINARIO', '1', '1', 'C504', null);
insert into PROCESS (COMPANY_ID, LANGUAGE_ID, EXPIRED, SUBSYSTEM_ID, MODULE_ID, PROCESS_ID, CREATED, NAME, ENABLE, MENU, URL, DATAFILE_ID) values ('MXT', 'ES', '9999-12-31 00:00:00', 'C', '5', '05', '2012-02-29 14:15:47', 'PRECANCELACIÓN', '1', '1', 'C505', null);
insert into PROCESS (COMPANY_ID, LANGUAGE_ID, EXPIRED, SUBSYSTEM_ID, MODULE_ID, PROCESS_ID, CREATED, NAME, ENABLE, MENU, URL, DATAFILE_ID) values ('MXT', 'ES', '9999-12-31 00:00:00', 'G', '0', '01', '2011-10-14 00:00:00', 'MENU PRINCIPAL', '1', '0', 'G001', null);
insert into PROCESS (COMPANY_ID, LANGUAGE_ID, EXPIRED, SUBSYSTEM_ID, MODULE_ID, PROCESS_ID, CREATED, NAME, ENABLE, MENU, URL, DATAFILE_ID) values ('MXT', 'ES', '9999-12-31 00:00:00', 'G', '1', '01', '2011-10-14 00:00:00', 'PARAMETROS GENERALES', '1', '1', 'G101', null);
insert into PROCESS (COMPANY_ID, LANGUAGE_ID, EXPIRED, SUBSYSTEM_ID, MODULE_ID, PROCESS_ID, CREATED, NAME, ENABLE, MENU, URL, DATAFILE_ID) values ('MXT', 'ES', '9999-12-31 00:00:00', 'G', '2', '01', '2011-10-14 00:00:00', 'LISTA DE VALORES PARA LOS COMBOS', '1', '0', 'G201', null);
insert into PROCESS (COMPANY_ID, LANGUAGE_ID, EXPIRED, SUBSYSTEM_ID, MODULE_ID, PROCESS_ID, CREATED, NAME, ENABLE, MENU, URL, DATAFILE_ID) values ('MXT', 'ES', '9999-12-31 00:00:00', 'G', '2', '02', '2012-03-03 12:09:42', 'LOV PARA SOCIOS INDIVIDUALES', '1', '0', 'G202', null);
insert into PROCESS (COMPANY_ID, LANGUAGE_ID, EXPIRED, SUBSYSTEM_ID, MODULE_ID, PROCESS_ID, CREATED, NAME, ENABLE, MENU, URL, DATAFILE_ID) values ('MXT', 'ES', '9999-12-31 00:00:00', 'G', '2', '03', '2012-03-03 12:09:42', 'LOV PARA ROLES POR USUARIO', '1', '0', 'G203', null);
insert into PROCESS (COMPANY_ID, LANGUAGE_ID, EXPIRED, SUBSYSTEM_ID, MODULE_ID, PROCESS_ID, CREATED, NAME, ENABLE, MENU, URL, DATAFILE_ID) values ('MXT', 'ES', '9999-12-31 00:00:00', 'G', '2', '04', '2012-03-03 12:09:42', 'LOV PARA PERSONAS', '1', '0', 'G204', null);
insert into PROCESS (COMPANY_ID, LANGUAGE_ID, EXPIRED, SUBSYSTEM_ID, MODULE_ID, PROCESS_ID, CREATED, NAME, ENABLE, MENU, URL, DATAFILE_ID) values ('MXT', 'ES', '9999-12-31 00:00:00', 'G', '3', '01', '2011-10-14 00:00:00', 'PAISES', '1', '1', 'G301', null);
insert into PROCESS (COMPANY_ID, LANGUAGE_ID, EXPIRED, SUBSYSTEM_ID, MODULE_ID, PROCESS_ID, CREATED, NAME, ENABLE, MENU, URL, DATAFILE_ID) values ('MXT', 'ES', '9999-12-31 00:00:00', 'G', '3', '02', '2011-10-14 00:00:00', 'PROVINCIAS', '1', '1', 'G302', null);
insert into PROCESS (COMPANY_ID, LANGUAGE_ID, EXPIRED, SUBSYSTEM_ID, MODULE_ID, PROCESS_ID, CREATED, NAME, ENABLE, MENU, URL, DATAFILE_ID) values ('MXT', 'ES', '9999-12-31 00:00:00', 'G', '3', '03', '2011-10-14 00:00:00', 'CANTONES', '1', '1', 'G303', null);
insert into PROCESS (COMPANY_ID, LANGUAGE_ID, EXPIRED, SUBSYSTEM_ID, MODULE_ID, PROCESS_ID, CREATED, NAME, ENABLE, MENU, URL, DATAFILE_ID) values ('MXT', 'ES', '9999-12-31 00:00:00', 'G', '3', '04', '2011-10-14 00:00:00', 'PARROQUIAS', '1', '1', 'G304', null);

insert into COMPONENT_ID (COMPONENT_ID, TYPE_ID) values ('mobile.core.processor.MaintenanceProcessor', 'MNT');
insert into COMPONENT_ID (COMPONENT_ID, TYPE_ID) values ('mobile.core.processor.QueryProcessor', 'QRY');
insert into COMPONENT_ID (COMPONENT_ID, TYPE_ID) values ('mobile.core.security.ChangePassword', 'MNT');
insert into COMPONENT_ID (COMPONENT_ID, TYPE_ID) values ('mobile.core.security.Loggin', 'QRY');
insert into COMPONENT_ID (COMPONENT_ID, TYPE_ID) values ('mobile.core.security.Logout', 'MNT');
insert into COMPONENT_ID (COMPONENT_ID, TYPE_ID) values ('mobile.core.security.query.QueryProfilesForUser', 'QRY');
insert into COMPONENT_ID (COMPONENT_ID, TYPE_ID) values ('mobile.logic.general.MenuGenerator', 'QRY');
insert into COMPONENT_ID (COMPONENT_ID, TYPE_ID) values ('mobile.logic.microxt.query.QueryPartnerInfo', 'QRY');
insert into COMPONENT_ID (COMPONENT_ID, TYPE_ID) values ('mobile.logic.microxt.query.QuerySolicitude', 'QRY');
insert into COMPONENT_ID (COMPONENT_ID, TYPE_ID) values ('mobile.logic.microxt.RemoteInstrumentation', 'MNT');
insert into COMPONENT_ID (COMPONENT_ID, TYPE_ID) values ('mobile.logic.person.QueryPersonInfo', 'QRY');

insert into COMPONENT (COMPANY_ID, COMPONENT_ID, TYPE_ID, SUBSYSTEM_ID, CLASS_NAME, METHOD_NAME, DESCRIPTION) values ('MXT', 'mobile.core.processor.MaintenanceProcessor', 'MNT', 'G', 'MaintenanceProcessor', null, 'General maintenance processor');
insert into COMPONENT (COMPANY_ID, COMPONENT_ID, TYPE_ID, SUBSYSTEM_ID, CLASS_NAME, METHOD_NAME, DESCRIPTION) values ('MXT', 'mobile.core.processor.QueryProcessor', 'QRY', 'G', 'QueryProcessor', null, 'General query processor');
insert into COMPONENT (COMPANY_ID, COMPONENT_ID, TYPE_ID, SUBSYSTEM_ID, CLASS_NAME, METHOD_NAME, DESCRIPTION) values ('MXT', 'mobile.core.security.ChangePassword', 'MNT', 'A', 'ChangePassword', null, 'Change password');
insert into COMPONENT (COMPANY_ID, COMPONENT_ID, TYPE_ID, SUBSYSTEM_ID, CLASS_NAME, METHOD_NAME, DESCRIPTION) values ('MXT', 'mobile.core.security.Loggin', 'QRY', 'A', 'Loggin', null, 'Process loggin');
insert into COMPONENT (COMPANY_ID, COMPONENT_ID, TYPE_ID, SUBSYSTEM_ID, CLASS_NAME, METHOD_NAME, DESCRIPTION) values ('MXT', 'mobile.core.security.Logout', 'MNT', 'A', 'Logout', null, 'Process logout');
insert into COMPONENT (COMPANY_ID, COMPONENT_ID, TYPE_ID, SUBSYSTEM_ID, CLASS_NAME, METHOD_NAME, DESCRIPTION) values ('MXT', 'mobile.core.security.query.QueryProfilesForUser', 'QRY', 'A', 'QueryProfilesForUser', null, 'CONSULTA LOS ROLES DE UN USUARIO');
insert into COMPONENT (COMPANY_ID, COMPONENT_ID, TYPE_ID, SUBSYSTEM_ID, CLASS_NAME, METHOD_NAME, DESCRIPTION) values ('MXT', 'mobile.logic.general.MenuGenerator', 'QRY', 'G', 'MenuGenerator', null, 'Query the menu items');
insert into COMPONENT (COMPANY_ID, COMPONENT_ID, TYPE_ID, SUBSYSTEM_ID, CLASS_NAME, METHOD_NAME, DESCRIPTION) values ('MXT', 'mobile.logic.microxt.query.QueryPartnerInfo', 'QRY', 'C', 'QueryPartnerInfo', null, 'CONSULTA INFORMACION DE CLIENTES INDIVIDUALES');
insert into COMPONENT (COMPANY_ID, COMPONENT_ID, TYPE_ID, SUBSYSTEM_ID, CLASS_NAME, METHOD_NAME, DESCRIPTION) values ('MXT', 'mobile.logic.microxt.query.QuerySolicitude', 'QRY', 'C', 'QuerySolicitude', null, 'CONSULTA INFORMACION DE LAS SOLICITUDES');
insert into COMPONENT (COMPANY_ID, COMPONENT_ID, TYPE_ID, SUBSYSTEM_ID, CLASS_NAME, METHOD_NAME, DESCRIPTION) values ('MXT', 'mobile.logic.microxt.RemoteInstrumentation', 'MNT', 'C', 'RemoteInstrumentation', null, 'REALIZA LA INSTRUMENTACIÓN CONECTANDOSE CON EL CORE BANCARIO');
insert into COMPONENT (COMPANY_ID, COMPONENT_ID, TYPE_ID, SUBSYSTEM_ID, CLASS_NAME, METHOD_NAME, DESCRIPTION) values ('MXT', 'mobile.logic.person.QueryPersonInfo', 'QRY', 'B', 'QueryPersonInfo', null, 'CONSULTA LOS DATOS DE PERSONAS');

insert into PROCESS_COMPONENT (COMPANY_ID, SUBSYSTEM_ID, MODULE_ID, PROCESS_ID, PROCESS_SEQUENCE, COMPONENT_ID, TYPE_ID, ENABLE, AUTHORIZE) values ('MXT', 'A', '0', '01', 1, 'mobile.core.security.Loggin', 'QRY', '1', null);
insert into PROCESS_COMPONENT (COMPANY_ID, SUBSYSTEM_ID, MODULE_ID, PROCESS_ID, PROCESS_SEQUENCE, COMPONENT_ID, TYPE_ID, ENABLE, AUTHORIZE) values ('MXT', 'A', '0', '02', 1, 'mobile.core.security.Logout', 'MNT', '1', null);
insert into PROCESS_COMPONENT (COMPANY_ID, SUBSYSTEM_ID, MODULE_ID, PROCESS_ID, PROCESS_SEQUENCE, COMPONENT_ID, TYPE_ID, ENABLE, AUTHORIZE) values ('MXT', 'A', '2', '05', 1, 'mobile.core.security.ChangePassword', 'MNT', '1', null);
insert into PROCESS_COMPONENT (COMPANY_ID, SUBSYSTEM_ID, MODULE_ID, PROCESS_ID, PROCESS_SEQUENCE, COMPONENT_ID, TYPE_ID, ENABLE, AUTHORIZE) values ('MXT', 'C', '4', '01', 1, 'mobile.logic.microxt.query.QuerySolicitude', 'QRY', '1', null);
insert into PROCESS_COMPONENT (COMPANY_ID, SUBSYSTEM_ID, MODULE_ID, PROCESS_ID, PROCESS_SEQUENCE, COMPONENT_ID, TYPE_ID, ENABLE, AUTHORIZE) values ('MXT', 'C', '4', '02', 1, 'mobile.logic.microxt.query.QuerySolicitude', 'QRY', '1', null);
insert into PROCESS_COMPONENT (COMPANY_ID, SUBSYSTEM_ID, MODULE_ID, PROCESS_ID, PROCESS_SEQUENCE, COMPONENT_ID, TYPE_ID, ENABLE, AUTHORIZE) values ('MXT', 'C', '4', '02', 2, 'mobile.logic.microxt.RemoteInstrumentation', 'MNT', '1', null);
insert into PROCESS_COMPONENT (COMPANY_ID, SUBSYSTEM_ID, MODULE_ID, PROCESS_ID, PROCESS_SEQUENCE, COMPONENT_ID, TYPE_ID, ENABLE, AUTHORIZE) values ('MXT', 'G', '0', '01', 1, 'mobile.logic.general.MenuGenerator', 'QRY', '1', null);
insert into PROCESS_COMPONENT (COMPANY_ID, SUBSYSTEM_ID, MODULE_ID, PROCESS_ID, PROCESS_SEQUENCE, COMPONENT_ID, TYPE_ID, ENABLE, AUTHORIZE) values ('MXT', 'G', '2', '02', 1, 'mobile.logic.microxt.query.QueryPartnerInfo', 'QRY', '1', null);
insert into PROCESS_COMPONENT (COMPANY_ID, SUBSYSTEM_ID, MODULE_ID, PROCESS_ID, PROCESS_SEQUENCE, COMPONENT_ID, TYPE_ID, ENABLE, AUTHORIZE) values ('MXT', 'G', '2', '03', 1, 'mobile.core.security.query.QueryProfilesForUser', 'QRY', '1', null);
insert into PROCESS_COMPONENT (COMPANY_ID, SUBSYSTEM_ID, MODULE_ID, PROCESS_ID, PROCESS_SEQUENCE, COMPONENT_ID, TYPE_ID, ENABLE, AUTHORIZE) values ('MXT', 'G', '2', '04', 1, 'mobile.logic.person.QueryPersonInfo', 'QRY', '1', null);


