DELETE FROM ENTITY_RELATIONSHIP WHERE RELATIONSHIP_ID = 'SUPPLIER_STATUS_FK';
DELETE FROM ENTITY_RELATIONSHIP WHERE RELATIONSHIP_ID = 'SUPPLIER_PLACE_FK';
DELETE FROM ENTITY_RELATIONSHIP WHERE RELATIONSHIP_ID = 'SUPPLIER_PLACE_CITY_FK';
DELETE FROM ENTITY_RELATIONSHIP WHERE RELATIONSHIP_ID = 'SUPPLIER_BRAND_FK';
DELETE FROM ENTITY_RELATIONSHIP WHERE RELATIONSHIP_ID = 'SUPPLIER_BRAND_CATEGORY_FK';
DELETE FROM ENTITY_RELATIONSHIP WHERE RELATIONSHIP_ID = 'SUPPLIER_COUPON_FK';
DELETE FROM ENTITY_RELATIONSHIP WHERE RELATIONSHIP_ID = 'SUPPLIER_COUPON_TYPE_FK';
DELETE FROM ENTITY_RELATIONSHIP WHERE RELATIONSHIP_ID = 'SUPPLIER_COUPON_DISCOUNT_FK';
DELETE FROM ENTITY_RELATIONSHIP WHERE RELATIONSHIP_ID = 'SUPPLIER_OFFER_FK';
DELETE FROM ENTITY_RELATIONSHIP WHERE RELATIONSHIP_ID = 'SUPPLIER_OFFER_PLACE_FK';
DELETE FROM ENTITY_RELATIONSHIP WHERE RELATIONSHIP_ID = 'SUPPLIER_OFFER_BRAND_FK';
DELETE FROM ENTITY_RELATIONSHIP WHERE RELATIONSHIP_ID = 'SUPPLIER_OFFER_COUPON_FK';
DELETE FROM ENTITY_RELATIONSHIP WHERE RELATIONSHIP_ID = 'CONSUMER_CITY_FK';
DELETE FROM ENTITY_RELATIONSHIP WHERE RELATIONSHIP_ID = 'CONSUMER_PHONE_TYPE_FK';
DELETE FROM ENTITY_RELATIONSHIP WHERE RELATIONSHIP_ID = 'CONSUMER_STATUS_FK';
DELETE FROM ENTITY_RELATIONSHIP WHERE RELATIONSHIP_ID = 'COUPON_CONSUMER_FK';
DELETE FROM ENTITY_RELATIONSHIP WHERE RELATIONSHIP_ID = 'COUPON_SUPPLIER_OFFER_FK';
DELETE FROM ENTITY_RELATIONSHIP WHERE RELATIONSHIP_ID = 'COUPON_SIPPLIER_PLACE_FK';

DELETE FROM ENTITY_FIELD  WHERE TABLE_ID = 'STATUS_TYPE' AND FIELD_ID = 'STATUS_TYPE_ID';
DELETE FROM ENTITY_FIELD  WHERE TABLE_ID = 'STATUS_TYPE' AND FIELD_ID = 'NAME';
DELETE FROM ENTITY_FIELD  WHERE TABLE_ID = 'PHONE_TYPE' AND FIELD_ID = 'PHONE_TYPE_ID';
DELETE FROM ENTITY_FIELD  WHERE TABLE_ID = 'PHONE_TYPE' AND FIELD_ID = 'NAME';
DELETE FROM ENTITY_FIELD  WHERE TABLE_ID = 'COUPON_TYPE' AND FIELD_ID = 'COUPON_TYPE_ID';
DELETE FROM ENTITY_FIELD  WHERE TABLE_ID = 'COUPON_TYPE' AND FIELD_ID = 'NAME';
DELETE FROM ENTITY_FIELD  WHERE TABLE_ID = 'DISCOUNT_TYPE' AND FIELD_ID = 'DISCOUNT_TYPE_ID';
DELETE FROM ENTITY_FIELD  WHERE TABLE_ID = 'DISCOUNT_TYPE' AND FIELD_ID = 'NAME';
DELETE FROM ENTITY_FIELD  WHERE TABLE_ID = 'CATEGORY_TYPE' AND FIELD_ID = 'CATEGORY_TYPE_ID';
DELETE FROM ENTITY_FIELD  WHERE TABLE_ID = 'CATEGORY_TYPE' AND FIELD_ID = 'NAME';
DELETE FROM ENTITY_FIELD  WHERE TABLE_ID = 'COUPON_CITY' AND FIELD_ID = 'CITY_ID';
DELETE FROM ENTITY_FIELD  WHERE TABLE_ID = 'COUPON_CITY' AND FIELD_ID = 'NAME';
DELETE FROM ENTITY_FIELD  WHERE TABLE_ID = 'SUPPLIER' AND FIELD_ID = 'SUPPLIER_ID';
DELETE FROM ENTITY_FIELD  WHERE TABLE_ID = 'SUPPLIER' AND FIELD_ID = 'NAME';
DELETE FROM ENTITY_FIELD  WHERE TABLE_ID = 'SUPPLIER' AND FIELD_ID = 'MAIL';
DELETE FROM ENTITY_FIELD  WHERE TABLE_ID = 'SUPPLIER' AND FIELD_ID = 'STATUS_TYPE_ID';
DELETE FROM ENTITY_FIELD  WHERE TABLE_ID = 'SUPPLIER' AND FIELD_ID = 'SUPLIER_KEY';
DELETE FROM ENTITY_FIELD  WHERE TABLE_ID = 'SUPPLIER_PLACE' AND FIELD_ID = 'SUPPLIER_PLACE_ID';
DELETE FROM ENTITY_FIELD  WHERE TABLE_ID = 'SUPPLIER_PLACE' AND FIELD_ID = 'SUPPLIER_ID';
DELETE FROM ENTITY_FIELD  WHERE TABLE_ID = 'SUPPLIER_PLACE' AND FIELD_ID = 'NAME';
DELETE FROM ENTITY_FIELD  WHERE TABLE_ID = 'SUPPLIER_PLACE' AND FIELD_ID = 'CITY_ID';
DELETE FROM ENTITY_FIELD  WHERE TABLE_ID = 'SUPPLIER_PLACE' AND FIELD_ID = 'ADDRESS';
DELETE FROM ENTITY_FIELD  WHERE TABLE_ID = 'SUPPLIER_PLACE' AND FIELD_ID = 'PHONE';
DELETE FROM ENTITY_FIELD  WHERE TABLE_ID = 'SUPPLIER_PLACE' AND FIELD_ID = 'MAP';
DELETE FROM ENTITY_FIELD  WHERE TABLE_ID = 'SUPPLIER_BRAND' AND FIELD_ID = 'SUPPLIER_BRAND_ID';
DELETE FROM ENTITY_FIELD  WHERE TABLE_ID = 'SUPPLIER_BRAND' AND FIELD_ID = 'SUPPLIER_ID';
DELETE FROM ENTITY_FIELD  WHERE TABLE_ID = 'SUPPLIER_BRAND' AND FIELD_ID = 'CATEGORY_TYPE_ID';
DELETE FROM ENTITY_FIELD  WHERE TABLE_ID = 'SUPPLIER_BRAND' AND FIELD_ID = 'NAME';
DELETE FROM ENTITY_FIELD  WHERE TABLE_ID = 'SUPPLIER_BRAND' AND FIELD_ID = 'LOGO';
DELETE FROM ENTITY_FIELD  WHERE TABLE_ID = 'SUPPLIER_BRAND' AND FIELD_ID = 'LEVEL';
DELETE FROM ENTITY_FIELD  WHERE TABLE_ID = 'SUPPLIER_COUPON' AND FIELD_ID = 'SUPPLIER_COUPON_ID';
DELETE FROM ENTITY_FIELD  WHERE TABLE_ID = 'SUPPLIER_COUPON' AND FIELD_ID = 'SUPPLIER_ID';
DELETE FROM ENTITY_FIELD  WHERE TABLE_ID = 'SUPPLIER_COUPON' AND FIELD_ID = 'COUPON_TYPE_ID';
DELETE FROM ENTITY_FIELD  WHERE TABLE_ID = 'SUPPLIER_COUPON' AND FIELD_ID = 'DISCOUNT_TYPE_ID';
DELETE FROM ENTITY_FIELD  WHERE TABLE_ID = 'SUPPLIER_COUPON' AND FIELD_ID = 'COUPON_TEXT';
DELETE FROM ENTITY_FIELD  WHERE TABLE_ID = 'SUPPLIER_COUPON' AND FIELD_ID = 'COUPON_VALUE';
DELETE FROM ENTITY_FIELD  WHERE TABLE_ID = 'SUPPLIER_COUPON' AND FIELD_ID = 'LEVEL';
DELETE FROM ENTITY_FIELD  WHERE TABLE_ID = 'SUPPLIER_OFFER' AND FIELD_ID = 'SUPPLIER_OFFER_ID';
DELETE FROM ENTITY_FIELD  WHERE TABLE_ID = 'SUPPLIER_OFFER' AND FIELD_ID = 'SUPPLIER_ID';
DELETE FROM ENTITY_FIELD  WHERE TABLE_ID = 'SUPPLIER_OFFER' AND FIELD_ID = 'SUPPLIER_PLACE_ID';
DELETE FROM ENTITY_FIELD  WHERE TABLE_ID = 'SUPPLIER_OFFER' AND FIELD_ID = 'SUPPLIER_BRAND_ID';
DELETE FROM ENTITY_FIELD  WHERE TABLE_ID = 'SUPPLIER_OFFER' AND FIELD_ID = 'SUPPLIER_COUPON_ID';
DELETE FROM ENTITY_FIELD  WHERE TABLE_ID = 'SUPPLIER_OFFER' AND FIELD_ID = 'OFFER_NUMBER';
DELETE FROM ENTITY_FIELD  WHERE TABLE_ID = 'SUPPLIER_OFFER' AND FIELD_ID = 'OFFER_COUNT';
DELETE FROM ENTITY_FIELD  WHERE TABLE_ID = 'SUPPLIER_OFFER' AND FIELD_ID = 'FROM_DATE';
DELETE FROM ENTITY_FIELD  WHERE TABLE_ID = 'SUPPLIER_OFFER' AND FIELD_ID = 'TO_DATE';
DELETE FROM ENTITY_FIELD  WHERE TABLE_ID = 'CONSUMER' AND FIELD_ID = 'CONSUMER_ID';
DELETE FROM ENTITY_FIELD  WHERE TABLE_ID = 'CONSUMER' AND FIELD_ID = 'NAME';
DELETE FROM ENTITY_FIELD  WHERE TABLE_ID = 'CONSUMER' AND FIELD_ID = 'LAST_NAME';
DELETE FROM ENTITY_FIELD  WHERE TABLE_ID = 'CONSUMER' AND FIELD_ID = 'GENDER';
DELETE FROM ENTITY_FIELD  WHERE TABLE_ID = 'CONSUMER' AND FIELD_ID = 'BIRTHDAY';
DELETE FROM ENTITY_FIELD  WHERE TABLE_ID = 'CONSUMER' AND FIELD_ID = 'CITY_ID';
DELETE FROM ENTITY_FIELD  WHERE TABLE_ID = 'CONSUMER' AND FIELD_ID = 'ADDRESS';
DELETE FROM ENTITY_FIELD  WHERE TABLE_ID = 'CONSUMER' AND FIELD_ID = 'PHONE_TYPE_ID';
DELETE FROM ENTITY_FIELD  WHERE TABLE_ID = 'CONSUMER' AND FIELD_ID = 'PHONE';
DELETE FROM ENTITY_FIELD  WHERE TABLE_ID = 'CONSUMER' AND FIELD_ID = 'MAP';
DELETE FROM ENTITY_FIELD  WHERE TABLE_ID = 'CONSUMER' AND FIELD_ID = 'STATUS_TYPE_ID';
DELETE FROM ENTITY_FIELD  WHERE TABLE_ID = 'CONSUMER' AND FIELD_ID = 'CONSUMER_KEY';
DELETE FROM ENTITY_FIELD  WHERE TABLE_ID = 'COUPON' AND FIELD_ID = 'CONSUMER_ID';
DELETE FROM ENTITY_FIELD  WHERE TABLE_ID = 'COUPON' AND FIELD_ID = 'COUPON_ID';
DELETE FROM ENTITY_FIELD  WHERE TABLE_ID = 'COUPON' AND FIELD_ID = 'SUPPLIER_OFFER_ID';
DELETE FROM ENTITY_FIELD  WHERE TABLE_ID = 'COUPON' AND FIELD_ID = 'SUPPLIER_PLACE_ID';
DELETE FROM ENTITY_FIELD  WHERE TABLE_ID = 'COUPON' AND FIELD_ID = 'DOWNLOAD';
DELETE FROM ENTITY_FIELD  WHERE TABLE_ID = 'COUPON' AND FIELD_ID = 'USED_DATE';

DELETE FROM ENTITY_FIELD_ID WHERE TABLE_ID = 'STATUS_TYPE' AND FIELD_ID = 'STATUS_TYPE_ID';
DELETE FROM ENTITY_FIELD_ID WHERE TABLE_ID = 'STATUS_TYPE' AND FIELD_ID = 'NAME';
DELETE FROM ENTITY_FIELD_ID WHERE TABLE_ID = 'PHONE_TYPE' AND FIELD_ID = 'PHONE_TYPE_ID';
DELETE FROM ENTITY_FIELD_ID WHERE TABLE_ID = 'PHONE_TYPE' AND FIELD_ID = 'NAME';
DELETE FROM ENTITY_FIELD_ID WHERE TABLE_ID = 'COUPON_TYPE' AND FIELD_ID = 'COUPON_TYPE_ID';
DELETE FROM ENTITY_FIELD_ID WHERE TABLE_ID = 'COUPON_TYPE' AND FIELD_ID = 'NAME';
DELETE FROM ENTITY_FIELD_ID WHERE TABLE_ID = 'DISCOUNT_TYPE' AND FIELD_ID = 'DISCOUNT_TYPE_ID';
DELETE FROM ENTITY_FIELD_ID WHERE TABLE_ID = 'DISCOUNT_TYPE' AND FIELD_ID = 'NAME';
DELETE FROM ENTITY_FIELD_ID WHERE TABLE_ID = 'CATEGORY_TYPE' AND FIELD_ID = 'CATEGORY_TYPE_ID';
DELETE FROM ENTITY_FIELD_ID WHERE TABLE_ID = 'CATEGORY_TYPE' AND FIELD_ID = 'NAME';
DELETE FROM ENTITY_FIELD_ID WHERE TABLE_ID = 'COUPON_CITY' AND FIELD_ID = 'CITY_ID';
DELETE FROM ENTITY_FIELD_ID WHERE TABLE_ID = 'COUPON_CITY' AND FIELD_ID = 'NAME';
DELETE FROM ENTITY_FIELD_ID WHERE TABLE_ID = 'SUPPLIER' AND FIELD_ID = 'SUPPLIER_ID';
DELETE FROM ENTITY_FIELD_ID WHERE TABLE_ID = 'SUPPLIER' AND FIELD_ID = 'NAME';
DELETE FROM ENTITY_FIELD_ID WHERE TABLE_ID = 'SUPPLIER' AND FIELD_ID = 'MAIL';
DELETE FROM ENTITY_FIELD_ID WHERE TABLE_ID = 'SUPPLIER' AND FIELD_ID = 'STATUS_TYPE_ID';
DELETE FROM ENTITY_FIELD_ID WHERE TABLE_ID = 'SUPPLIER' AND FIELD_ID = 'SUPLIER_KEY';
DELETE FROM ENTITY_FIELD_ID WHERE TABLE_ID = 'SUPPLIER_PLACE' AND FIELD_ID = 'SUPPLIER_PLACE_ID';
DELETE FROM ENTITY_FIELD_ID WHERE TABLE_ID = 'SUPPLIER_PLACE' AND FIELD_ID = 'SUPPLIER_ID';
DELETE FROM ENTITY_FIELD_ID WHERE TABLE_ID = 'SUPPLIER_PLACE' AND FIELD_ID = 'NAME';
DELETE FROM ENTITY_FIELD_ID WHERE TABLE_ID = 'SUPPLIER_PLACE' AND FIELD_ID = 'CITY_ID';
DELETE FROM ENTITY_FIELD_ID WHERE TABLE_ID = 'SUPPLIER_PLACE' AND FIELD_ID = 'ADDRESS';
DELETE FROM ENTITY_FIELD_ID WHERE TABLE_ID = 'SUPPLIER_PLACE' AND FIELD_ID = 'PHONE';
DELETE FROM ENTITY_FIELD_ID WHERE TABLE_ID = 'SUPPLIER_PLACE' AND FIELD_ID = 'MAP';
DELETE FROM ENTITY_FIELD_ID WHERE TABLE_ID = 'SUPPLIER_BRAND' AND FIELD_ID = 'SUPPLIER_BRAND_ID';
DELETE FROM ENTITY_FIELD_ID WHERE TABLE_ID = 'SUPPLIER_BRAND' AND FIELD_ID = 'SUPPLIER_ID';
DELETE FROM ENTITY_FIELD_ID WHERE TABLE_ID = 'SUPPLIER_BRAND' AND FIELD_ID = 'CATEGORY_TYPE_ID';
DELETE FROM ENTITY_FIELD_ID WHERE TABLE_ID = 'SUPPLIER_BRAND' AND FIELD_ID = 'NAME';
DELETE FROM ENTITY_FIELD_ID WHERE TABLE_ID = 'SUPPLIER_BRAND' AND FIELD_ID = 'LOGO';
DELETE FROM ENTITY_FIELD_ID WHERE TABLE_ID = 'SUPPLIER_BRAND' AND FIELD_ID = 'LEVEL';
DELETE FROM ENTITY_FIELD_ID WHERE TABLE_ID = 'SUPPLIER_COUPON' AND FIELD_ID = 'SUPPLIER_COUPON_ID';
DELETE FROM ENTITY_FIELD_ID WHERE TABLE_ID = 'SUPPLIER_COUPON' AND FIELD_ID = 'SUPPLIER_ID';
DELETE FROM ENTITY_FIELD_ID WHERE TABLE_ID = 'SUPPLIER_COUPON' AND FIELD_ID = 'COUPON_TYPE_ID';
DELETE FROM ENTITY_FIELD_ID WHERE TABLE_ID = 'SUPPLIER_COUPON' AND FIELD_ID = 'DISCOUNT_TYPE_ID';
DELETE FROM ENTITY_FIELD_ID WHERE TABLE_ID = 'SUPPLIER_COUPON' AND FIELD_ID = 'COUPON_TEXT';
DELETE FROM ENTITY_FIELD_ID WHERE TABLE_ID = 'SUPPLIER_COUPON' AND FIELD_ID = 'COUPON_VALUE';
DELETE FROM ENTITY_FIELD_ID WHERE TABLE_ID = 'SUPPLIER_COUPON' AND FIELD_ID = 'LEVEL';
DELETE FROM ENTITY_FIELD_ID WHERE TABLE_ID = 'SUPPLIER_OFFER' AND FIELD_ID = 'SUPPLIER_OFFER_ID';
DELETE FROM ENTITY_FIELD_ID WHERE TABLE_ID = 'SUPPLIER_OFFER' AND FIELD_ID = 'SUPPLIER_ID';
DELETE FROM ENTITY_FIELD_ID WHERE TABLE_ID = 'SUPPLIER_OFFER' AND FIELD_ID = 'SUPPLIER_PLACE_ID';
DELETE FROM ENTITY_FIELD_ID WHERE TABLE_ID = 'SUPPLIER_OFFER' AND FIELD_ID = 'SUPPLIER_BRAND_ID';
DELETE FROM ENTITY_FIELD_ID WHERE TABLE_ID = 'SUPPLIER_OFFER' AND FIELD_ID = 'SUPPLIER_COUPON_ID';
DELETE FROM ENTITY_FIELD_ID WHERE TABLE_ID = 'SUPPLIER_OFFER' AND FIELD_ID = 'OFFER_NUMBER';
DELETE FROM ENTITY_FIELD_ID WHERE TABLE_ID = 'SUPPLIER_OFFER' AND FIELD_ID = 'OFFER_COUNT';
DELETE FROM ENTITY_FIELD_ID WHERE TABLE_ID = 'SUPPLIER_OFFER' AND FIELD_ID = 'FROM_DATE';
DELETE FROM ENTITY_FIELD_ID WHERE TABLE_ID = 'SUPPLIER_OFFER' AND FIELD_ID = 'TO_DATE';
DELETE FROM ENTITY_FIELD_ID WHERE TABLE_ID = 'CONSUMER' AND FIELD_ID = 'CONSUMER_ID';
DELETE FROM ENTITY_FIELD_ID WHERE TABLE_ID = 'CONSUMER' AND FIELD_ID = 'NAME';
DELETE FROM ENTITY_FIELD_ID WHERE TABLE_ID = 'CONSUMER' AND FIELD_ID = 'LAST_NAME';
DELETE FROM ENTITY_FIELD_ID WHERE TABLE_ID = 'CONSUMER' AND FIELD_ID = 'GENDER';
DELETE FROM ENTITY_FIELD_ID WHERE TABLE_ID = 'CONSUMER' AND FIELD_ID = 'BIRTHDAY';
DELETE FROM ENTITY_FIELD_ID WHERE TABLE_ID = 'CONSUMER' AND FIELD_ID = 'CITY_ID';
DELETE FROM ENTITY_FIELD_ID WHERE TABLE_ID = 'CONSUMER' AND FIELD_ID = 'ADDRESS';
DELETE FROM ENTITY_FIELD_ID WHERE TABLE_ID = 'CONSUMER' AND FIELD_ID = 'PHONE_TYPE_ID';
DELETE FROM ENTITY_FIELD_ID WHERE TABLE_ID = 'CONSUMER' AND FIELD_ID = 'PHONE';
DELETE FROM ENTITY_FIELD_ID WHERE TABLE_ID = 'CONSUMER' AND FIELD_ID = 'MAP';
DELETE FROM ENTITY_FIELD_ID WHERE TABLE_ID = 'CONSUMER' AND FIELD_ID = 'STATUS_TYPE_ID';
DELETE FROM ENTITY_FIELD_ID WHERE TABLE_ID = 'CONSUMER' AND FIELD_ID = 'CONSUMER_KEY';
DELETE FROM ENTITY_FIELD_ID WHERE TABLE_ID = 'COUPON' AND FIELD_ID = 'CONSUMER_ID';
DELETE FROM ENTITY_FIELD_ID WHERE TABLE_ID = 'COUPON' AND FIELD_ID = 'COUPON_ID';
DELETE FROM ENTITY_FIELD_ID WHERE TABLE_ID = 'COUPON' AND FIELD_ID = 'SUPPLIER_OFFER_ID';
DELETE FROM ENTITY_FIELD_ID WHERE TABLE_ID = 'COUPON' AND FIELD_ID = 'SUPPLIER_PLACE_ID';
DELETE FROM ENTITY_FIELD_ID WHERE TABLE_ID = 'COUPON' AND FIELD_ID = 'DOWNLOAD';
DELETE FROM ENTITY_FIELD_ID WHERE TABLE_ID = 'COUPON' AND FIELD_ID = 'USED_DATE';

DELETE FROM ENTITY_TABLE WHERE TABLE_ID = 'STATUS_TYPE';
DELETE FROM ENTITY_TABLE WHERE TABLE_ID = 'PHONE_TYPE';
DELETE FROM ENTITY_TABLE WHERE TABLE_ID = 'COUPON_TYPE';
DELETE FROM ENTITY_TABLE WHERE TABLE_ID = 'DISCOUNT_TYPE';
DELETE FROM ENTITY_TABLE WHERE TABLE_ID = 'CATEGORY_TYPE';
DELETE FROM ENTITY_TABLE WHERE TABLE_ID = 'COUPON_CITY';
DELETE FROM ENTITY_TABLE WHERE TABLE_ID = 'SUPPLIER';
DELETE FROM ENTITY_TABLE WHERE TABLE_ID = 'SUPPLIER_PLACE';
DELETE FROM ENTITY_TABLE WHERE TABLE_ID = 'SUPPLIER_BRAND';
DELETE FROM ENTITY_TABLE WHERE TABLE_ID = 'SUPPLIER_COUPON';
DELETE FROM ENTITY_TABLE WHERE TABLE_ID = 'SUPPLIER_OFFER';
DELETE FROM ENTITY_TABLE WHERE TABLE_ID = 'CONSUMER';
DELETE FROM ENTITY_TABLE WHERE TABLE_ID = 'COUPON';

DELETE FROM ENTITY_TABLE_ID WHERE TABLE_ID = 'STATUS_TYPE';
DELETE FROM ENTITY_TABLE_ID WHERE TABLE_ID = 'PHONE_TYPE';
DELETE FROM ENTITY_TABLE_ID WHERE TABLE_ID = 'COUPON_TYPE';
DELETE FROM ENTITY_TABLE_ID WHERE TABLE_ID = 'DISCOUNT_TYPE';
DELETE FROM ENTITY_TABLE_ID WHERE TABLE_ID = 'CATEGORY_TYPE';
DELETE FROM ENTITY_TABLE_ID WHERE TABLE_ID = 'COUPON_CITY';
DELETE FROM ENTITY_TABLE_ID WHERE TABLE_ID = 'SUPPLIER';
DELETE FROM ENTITY_TABLE_ID WHERE TABLE_ID = 'SUPPLIER_PLACE';
DELETE FROM ENTITY_TABLE_ID WHERE TABLE_ID = 'SUPPLIER_BRAND';
DELETE FROM ENTITY_TABLE_ID WHERE TABLE_ID = 'SUPPLIER_COUPON';
DELETE FROM ENTITY_TABLE_ID WHERE TABLE_ID = 'SUPPLIER_OFFER';
DELETE FROM ENTITY_TABLE_ID WHERE TABLE_ID = 'CONSUMER';
DELETE FROM ENTITY_TABLE_ID WHERE TABLE_ID = 'COUPON';

INSERT INTO ENTITY_TABLE_ID VALUES ('STATUS_TYPE');
INSERT INTO ENTITY_TABLE_ID VALUES ('PHONE_TYPE');
INSERT INTO ENTITY_TABLE_ID VALUES ('COUPON_TYPE');
INSERT INTO ENTITY_TABLE_ID VALUES ('DISCOUNT_TYPE');
INSERT INTO ENTITY_TABLE_ID VALUES ('CATEGORY_TYPE');
INSERT INTO ENTITY_TABLE_ID VALUES ('COUPON_CITY');
INSERT INTO ENTITY_TABLE_ID VALUES ('SUPPLIER');
INSERT INTO ENTITY_TABLE_ID VALUES ('SUPPLIER_PLACE');
INSERT INTO ENTITY_TABLE_ID VALUES ('SUPPLIER_BRAND');
INSERT INTO ENTITY_TABLE_ID VALUES ('SUPPLIER_COUPON');
INSERT INTO ENTITY_TABLE_ID VALUES ('SUPPLIER_OFFER');
INSERT INTO ENTITY_TABLE_ID VALUES ('CONSUMER');
INSERT INTO ENTITY_TABLE_ID VALUES ('COUPON');

INSERT INTO ENTITY_TABLE VALUES ('HNDT','STATUS_TYPE','coupon','0','0','0','0','0','1','0','Values of status types');
INSERT INTO ENTITY_TABLE VALUES ('HNDT','PHONE_TYPE','coupon','0','0','0','0','0','1','0','Values of phone types');
INSERT INTO ENTITY_TABLE VALUES ('HNDT','COUPON_TYPE','coupon','0','0','0','0','0','1','0','Values of coupon types');
INSERT INTO ENTITY_TABLE VALUES ('HNDT','DISCOUNT_TYPE','coupon','0','0','0','0','0','1','0','Values of discount types');
INSERT INTO ENTITY_TABLE VALUES ('HNDT','CATEGORY_TYPE','coupon','0','0','0','0','0','0','0','Values of category types');
INSERT INTO ENTITY_TABLE VALUES ('HNDT','COUPON_CITY','coupon','0','0','0','0','0','0','0','Values of cities');
INSERT INTO ENTITY_TABLE VALUES ('HNDT','SUPPLIER','coupon','0','0','0','0','0','0','0','Values of suppliers');
INSERT INTO ENTITY_TABLE VALUES ('HNDT','SUPPLIER_PLACE','coupon','0','0','0','0','0','0','0','Values of supplier places');
INSERT INTO ENTITY_TABLE VALUES ('HNDT','SUPPLIER_BRAND','coupon','0','0','0','0','0','0','0','Values of supplier brands');
INSERT INTO ENTITY_TABLE VALUES ('HNDT','SUPPLIER_COUPON','coupon','0','0','0','0','0','0','0','Values of supplier coupons');
INSERT INTO ENTITY_TABLE VALUES ('HNDT','SUPPLIER_OFFER','coupon','0','0','0','0','0','0','0','Values of supplier offers');
INSERT INTO ENTITY_TABLE VALUES ('HNDT','CONSUMER','coupon','0','0','0','0','0','0','0','Values of consumers');
INSERT INTO ENTITY_TABLE VALUES ('HNDT','COUPON','coupon','0','0','0','0','0','0','0','Values of coupons');

INSERT INTO ENTITY_FIELD_ID VALUES ('STATUS_TYPE','STATUS_TYPE_ID');
INSERT INTO ENTITY_FIELD_ID VALUES ('STATUS_TYPE','NAME');
INSERT INTO ENTITY_FIELD_ID VALUES ('PHONE_TYPE','PHONE_TYPE_ID');
INSERT INTO ENTITY_FIELD_ID VALUES ('PHONE_TYPE','NAME');
INSERT INTO ENTITY_FIELD_ID VALUES ('COUPON_TYPE','COUPON_TYPE_ID');
INSERT INTO ENTITY_FIELD_ID VALUES ('COUPON_TYPE','NAME');
INSERT INTO ENTITY_FIELD_ID VALUES ('DISCOUNT_TYPE','DISCOUNT_TYPE_ID');
INSERT INTO ENTITY_FIELD_ID VALUES ('DISCOUNT_TYPE','NAME');
INSERT INTO ENTITY_FIELD_ID VALUES ('CATEGORY_TYPE','CATEGORY_TYPE_ID');
INSERT INTO ENTITY_FIELD_ID VALUES ('CATEGORY_TYPE','NAME');
INSERT INTO ENTITY_FIELD_ID VALUES ('COUPON_CITY','CITY_ID');
INSERT INTO ENTITY_FIELD_ID VALUES ('COUPON_CITY','NAME');
INSERT INTO ENTITY_FIELD_ID VALUES ('SUPPLIER','SUPPLIER_ID');
INSERT INTO ENTITY_FIELD_ID VALUES ('SUPPLIER','NAME');
INSERT INTO ENTITY_FIELD_ID VALUES ('SUPPLIER','MAIL');
INSERT INTO ENTITY_FIELD_ID VALUES ('SUPPLIER','STATUS_TYPE_ID');
INSERT INTO ENTITY_FIELD_ID VALUES ('SUPPLIER','SUPLIER_KEY');
INSERT INTO ENTITY_FIELD_ID VALUES ('SUPPLIER_PLACE','SUPPLIER_PLACE_ID');
INSERT INTO ENTITY_FIELD_ID VALUES ('SUPPLIER_PLACE','SUPPLIER_ID');
INSERT INTO ENTITY_FIELD_ID VALUES ('SUPPLIER_PLACE','NAME');
INSERT INTO ENTITY_FIELD_ID VALUES ('SUPPLIER_PLACE','CITY_ID');
INSERT INTO ENTITY_FIELD_ID VALUES ('SUPPLIER_PLACE','ADDRESS');
INSERT INTO ENTITY_FIELD_ID VALUES ('SUPPLIER_PLACE','PHONE');
INSERT INTO ENTITY_FIELD_ID VALUES ('SUPPLIER_PLACE','MAP');
INSERT INTO ENTITY_FIELD_ID VALUES ('SUPPLIER_BRAND','SUPPLIER_BRAND_ID');
INSERT INTO ENTITY_FIELD_ID VALUES ('SUPPLIER_BRAND','SUPPLIER_ID');
INSERT INTO ENTITY_FIELD_ID VALUES ('SUPPLIER_BRAND','CATEGORY_TYPE_ID');
INSERT INTO ENTITY_FIELD_ID VALUES ('SUPPLIER_BRAND','NAME');
INSERT INTO ENTITY_FIELD_ID VALUES ('SUPPLIER_BRAND','LOGO');
INSERT INTO ENTITY_FIELD_ID VALUES ('SUPPLIER_BRAND','LEVEL');
INSERT INTO ENTITY_FIELD_ID VALUES ('SUPPLIER_COUPON','SUPPLIER_COUPON_ID');
INSERT INTO ENTITY_FIELD_ID VALUES ('SUPPLIER_COUPON','SUPPLIER_ID');
INSERT INTO ENTITY_FIELD_ID VALUES ('SUPPLIER_COUPON','COUPON_TYPE_ID');
INSERT INTO ENTITY_FIELD_ID VALUES ('SUPPLIER_COUPON','DISCOUNT_TYPE_ID');
INSERT INTO ENTITY_FIELD_ID VALUES ('SUPPLIER_COUPON','COUPON_TEXT');
INSERT INTO ENTITY_FIELD_ID VALUES ('SUPPLIER_COUPON','COUPON_VALUE');
INSERT INTO ENTITY_FIELD_ID VALUES ('SUPPLIER_COUPON','LEVEL');
INSERT INTO ENTITY_FIELD_ID VALUES ('SUPPLIER_OFFER','SUPPLIER_OFFER_ID');
INSERT INTO ENTITY_FIELD_ID VALUES ('SUPPLIER_OFFER','SUPPLIER_ID');
INSERT INTO ENTITY_FIELD_ID VALUES ('SUPPLIER_OFFER','SUPPLIER_PLACE_ID');
INSERT INTO ENTITY_FIELD_ID VALUES ('SUPPLIER_OFFER','SUPPLIER_BRAND_ID');
INSERT INTO ENTITY_FIELD_ID VALUES ('SUPPLIER_OFFER','SUPPLIER_COUPON_ID');
INSERT INTO ENTITY_FIELD_ID VALUES ('SUPPLIER_OFFER','OFFER_NUMBER');
INSERT INTO ENTITY_FIELD_ID VALUES ('SUPPLIER_OFFER','OFFER_COUNT');
INSERT INTO ENTITY_FIELD_ID VALUES ('SUPPLIER_OFFER','FROM_DATE');
INSERT INTO ENTITY_FIELD_ID VALUES ('SUPPLIER_OFFER','TO_DATE');
INSERT INTO ENTITY_FIELD_ID VALUES ('CONSUMER','CONSUMER_ID');
INSERT INTO ENTITY_FIELD_ID VALUES ('CONSUMER','NAME');
INSERT INTO ENTITY_FIELD_ID VALUES ('CONSUMER','LAST_NAME');
INSERT INTO ENTITY_FIELD_ID VALUES ('CONSUMER','GENDER');
INSERT INTO ENTITY_FIELD_ID VALUES ('CONSUMER','BIRTHDAY');
INSERT INTO ENTITY_FIELD_ID VALUES ('CONSUMER','CITY_ID');
INSERT INTO ENTITY_FIELD_ID VALUES ('CONSUMER','ADDRESS');
INSERT INTO ENTITY_FIELD_ID VALUES ('CONSUMER','PHONE_TYPE_ID');
INSERT INTO ENTITY_FIELD_ID VALUES ('CONSUMER','PHONE');
INSERT INTO ENTITY_FIELD_ID VALUES ('CONSUMER','MAP');
INSERT INTO ENTITY_FIELD_ID VALUES ('CONSUMER','STATUS_TYPE_ID');
INSERT INTO ENTITY_FIELD_ID VALUES ('CONSUMER','CONSUMER_KEY');
INSERT INTO ENTITY_FIELD_ID VALUES ('COUPON','CONSUMER_ID');
INSERT INTO ENTITY_FIELD_ID VALUES ('COUPON','COUPON_ID');
INSERT INTO ENTITY_FIELD_ID VALUES ('COUPON','SUPPLIER_OFFER_ID');
INSERT INTO ENTITY_FIELD_ID VALUES ('COUPON','SUPPLIER_PLACE_ID');
INSERT INTO ENTITY_FIELD_ID VALUES ('COUPON','DOWNLOAD');
INSERT INTO ENTITY_FIELD_ID VALUES ('COUPON','USED_DATE');

INSERT INTO ENTITY_FIELD VALUES ('HNDT','STATUS_TYPE','STATUS_TYPE_ID',1,'String',4,0,'1','0','0',null,null,null,null,0,'0','0','Status type Id','statusTypeId',null,null,null,null);
INSERT INTO ENTITY_FIELD VALUES ('HNDT','STATUS_TYPE','NAME',2,'String',40,0,'0','0','0',null,null,null,null,0,'0','0','Name of status type','name',null,null,null,null);
INSERT INTO ENTITY_FIELD VALUES ('HNDT','PHONE_TYPE','PHONE_TYPE_ID',1,'String',4,0,'1','0','0',null,null,null,null,0,'0','0','Phone type Id','phoneTypeId',null,null,null,null);
INSERT INTO ENTITY_FIELD VALUES ('HNDT','PHONE_TYPE','NAME',2,'String',40,0,'0','0','0',null,null,null,null,0,'0','0','Name of phone type','name',null,null,null,null);
INSERT INTO ENTITY_FIELD VALUES ('HNDT','COUPON_TYPE','COUPON_TYPE_ID',1,'String',4,0,'1','0','0',null,null,null,null,0,'0','0','Coupon type Id','couponTypeId',null,null,null,null);
INSERT INTO ENTITY_FIELD VALUES ('HNDT','COUPON_TYPE','NAME',2,'String',40,0,'0','0','0',null,null,null,null,0,'0','0','Name of coupon type','name',null,null,null,null);
INSERT INTO ENTITY_FIELD VALUES ('HNDT','DISCOUNT_TYPE','DISCOUNT_TYPE_ID',1,'String',4,0,'1','0','0',null,null,null,null,0,'0','0','Discount type Id','discountTypeId',null,null,null,null);
INSERT INTO ENTITY_FIELD VALUES ('HNDT','DISCOUNT_TYPE','NAME',2,'String',40,0,'0','0','0',null,null,null,null,0,'0','0','Name of discount type','name',null,null,null,null);
INSERT INTO ENTITY_FIELD VALUES ('HNDT','CATEGORY_TYPE','CATEGORY_TYPE_ID',1,'String',4,0,'1','0','0',null,null,null,null,0,'0','0','Category type Id','categoryTypeId',null,null,null,null);
INSERT INTO ENTITY_FIELD VALUES ('HNDT','CATEGORY_TYPE','NAME',2,'String',40,0,'0','0','0',null,null,null,null,0,'0','0','Name of category type','name',null,null,null,null);
INSERT INTO ENTITY_FIELD VALUES ('HNDT','COUPON_CITY','CITY_ID',1,'String',4,0,'1','0','0',null,null,null,null,0,'0','0','City Id','cityId',null,null,null,null);
INSERT INTO ENTITY_FIELD VALUES ('HNDT','COUPON_CITY','NAME',2,'String',40,0,'0','0','0',null,null,null,null,0,'0','0','Name of city','name',null,null,null,null);
INSERT INTO ENTITY_FIELD VALUES ('HNDT','SUPPLIER','SUPPLIER_ID',1,'String',4,0,'1','0','0',null,null,null,null,0,'0','0','Supplier Id','supplierId',null,null,null,null);
INSERT INTO ENTITY_FIELD VALUES ('HNDT','SUPPLIER','NAME',2,'String',40,0,'0','0','0',null,null,null,null,0,'0','0','Name of supplier','name',null,null,null,null);
INSERT INTO ENTITY_FIELD VALUES ('HNDT','SUPPLIER','MAIL',3,'String',40,0,'0','1','0',null,null,null,null,0,'0','0','Mail of supplier','mail',null,null,null,null);
INSERT INTO ENTITY_FIELD VALUES ('HNDT','SUPPLIER','STATUS_TYPE_ID',4,'String',4,0,'0','0','0',null,null,null,null,0,'0','0','Supplier status','status',null,null,null,null);
INSERT INTO ENTITY_FIELD VALUES ('HNDT','SUPPLIER','SUPLIER_KEY',5,'String',8,0,'0','0','0',null,null,null,null,0,'0','0','Suplier key','key',null,null,null,null);
INSERT INTO ENTITY_FIELD VALUES ('HNDT','SUPPLIER_PLACE','SUPPLIER_PLACE_ID',1,'Long',10,0,'1','1','0',null,null,null,null,0,'0','0','Supplier place Id','supplierPlaceId',null,null,null,null);
INSERT INTO ENTITY_FIELD VALUES ('HNDT','SUPPLIER_PLACE','SUPPLIER_ID',2,'String',4,0,'0','1','0',null,null,null,null,0,'0','0','Supplier Id','supplierId',null,null,null,null);
INSERT INTO ENTITY_FIELD VALUES ('HNDT','SUPPLIER_PLACE','NAME',3,'String',40,0,'0','0','0',null,null,null,null,0,'0','0','Name of supplier place ','name',null,null,null,null);
INSERT INTO ENTITY_FIELD VALUES ('HNDT','SUPPLIER_PLACE','CITY_ID',4,'String',4,0,'0','0','1',null,null,null,null,0,'0','0','City Id of supplier place','cityId',null,null,null,null);
INSERT INTO ENTITY_FIELD VALUES ('HNDT','SUPPLIER_PLACE','ADDRESS',5,'String',80,0,'0','0','1',null,null,null,null,0,'0','0','Address of supplier place','address',null,null,null,null);
INSERT INTO ENTITY_FIELD VALUES ('HNDT','SUPPLIER_PLACE','PHONE',6,'String',40,0,'0','0','1',null,null,null,null,0,'0','0','Phone of supplier place','phone',null,null,null,null);
INSERT INTO ENTITY_FIELD VALUES ('HNDT','SUPPLIER_PLACE','MAP',7,'String',80,0,'0','0','1',null,null,null,null,0,'0','0','Map of supplier place','map',null,null,null,null);
INSERT INTO ENTITY_FIELD VALUES ('HNDT','SUPPLIER_BRAND','SUPPLIER_BRAND_ID',1,'Long',10,0,'1','1','0',null,null,null,null,0,'0','0','Supplier brand Id','supplierBrandId',null,null,null,null);
INSERT INTO ENTITY_FIELD VALUES ('HNDT','SUPPLIER_BRAND','SUPPLIER_ID',2,'String',4,0,'0','1','0',null,null,null,null,0,'0','0','Supplier Id','supplierId',null,null,null,null);
INSERT INTO ENTITY_FIELD VALUES ('HNDT','SUPPLIER_BRAND','CATEGORY_TYPE_ID',3,'String',4,0,'0','0','0',null,null,null,null,0,'0','0','Category of supplier brand','categoryTypeId',null,null,null,null);
INSERT INTO ENTITY_FIELD VALUES ('HNDT','SUPPLIER_BRAND','NAME',4,'String',40,0,'0','0','0',null,null,null,null,0,'0','0','Name of supplier brand','name',null,null,null,null);
INSERT INTO ENTITY_FIELD VALUES ('HNDT','SUPPLIER_BRAND','LOGO',5,'String',80,0,'0','0','0',null,null,null,null,0,'0','0','Logo of supplier brand','logo',null,null,null,null);
INSERT INTO ENTITY_FIELD VALUES ('HNDT','SUPPLIER_BRAND','LEVEL',6,'String',40,0,'0','0','1',null,null,null,null,0,'0','0','Level of supplier brand','level',null,null,null,null);
INSERT INTO ENTITY_FIELD VALUES ('HNDT','SUPPLIER_COUPON','SUPPLIER_COUPON_ID',1,'Long',10,0,'1','1','0',null,null,null,null,0,'0','0','Supplier coupon Id','supplierCouponId',null,null,null,null);
INSERT INTO ENTITY_FIELD VALUES ('HNDT','SUPPLIER_COUPON','SUPPLIER_ID',2,'String',4,0,'0','1','0',null,null,null,null,0,'0','0','Supplier Id','supplierId',null,null,null,null);
INSERT INTO ENTITY_FIELD VALUES ('HNDT','SUPPLIER_COUPON','COUPON_TYPE_ID',3,'String',4,0,'0','0','0',null,null,null,null,0,'0','0','Coupon type','couponTypeId',null,null,null,null);
INSERT INTO ENTITY_FIELD VALUES ('HNDT','SUPPLIER_COUPON','DISCOUNT_TYPE_ID',4,'String',4,0,'0','0','0',null,null,null,null,0,'0','0','Discount type','discountTypeId',null,null,null,null);
INSERT INTO ENTITY_FIELD VALUES ('HNDT','SUPPLIER_COUPON','COUPON_TEXT',5,'String',40,0,'0','0','1',null,null,null,null,0,'0','0','Coupon text','couponText',null,null,null,null);
INSERT INTO ENTITY_FIELD VALUES ('HNDT','SUPPLIER_COUPON','COUPON_VALUE',6,'String',40,0,'0','0','1',null,null,null,null,0,'0','0','Coupon value','couponValue',null,null,null,null);
INSERT INTO ENTITY_FIELD VALUES ('HNDT','SUPPLIER_COUPON','LEVEL',7,'String',40,0,'0','0','1',null,null,null,null,0,'0','0','Level of coupon','level',null,null,null,null);
INSERT INTO ENTITY_FIELD VALUES ('HNDT','SUPPLIER_OFFER','SUPPLIER_OFFER_ID',1,'Long',10,0,'1','1','0',null,null,null,null,0,'0','0','Supplier offer Id','supplierOfferId',null,null,null,null);
INSERT INTO ENTITY_FIELD VALUES ('HNDT','SUPPLIER_OFFER','SUPPLIER_ID',2,'String',4,0,'0','1','0',null,null,null,null,0,'0','0','Supplier Id','supplierId',null,null,null,null);
INSERT INTO ENTITY_FIELD VALUES ('HNDT','SUPPLIER_OFFER','SUPPLIER_PLACE_ID',3,'Long',10,0,'0','0','0',null,null,null,null,0,'0','0','Supplier place of offer','supplierPlaceId',null,null,null,null);
INSERT INTO ENTITY_FIELD VALUES ('HNDT','SUPPLIER_OFFER','SUPPLIER_BRAND_ID',4,'Long',10,0,'0','0','0',null,null,null,null,0,'0','0','Supplier brand of offer','supplierBrandId',null,null,null,null);
INSERT INTO ENTITY_FIELD VALUES ('HNDT','SUPPLIER_OFFER','SUPPLIER_COUPON_ID',5,'Long',10,0,'0','0','0',null,null,null,null,0,'0','0','Supplier coupon of offer','supplierCouponId',null,null,null,null);
INSERT INTO ENTITY_FIELD VALUES ('HNDT','SUPPLIER_OFFER','OFFER_NUMBER',6,'Long',10,0,'0','0','1',null,null,null,null,0,'0','0','Offer number','offerNumber',null,null,null,null);
INSERT INTO ENTITY_FIELD VALUES ('HNDT','SUPPLIER_OFFER','OFFER_COUNT',7,'Long',10,0,'0','0','1',null,null,null,null,0,'0','0','Offer count','offerCount',null,null,null,null);
INSERT INTO ENTITY_FIELD VALUES ('HNDT','SUPPLIER_OFFER','FROM_DATE',8,'Date',0,0,'0','0','1',null,null,null,null,0,'0','0','fromDate','fromDate',null,null,null,null);
INSERT INTO ENTITY_FIELD VALUES ('HNDT','SUPPLIER_OFFER','TO_DATE',9,'Date',0,0,'0','0','1',null,null,null,null,0,'0','0','toDate','toDate',null,null,null,null);
INSERT INTO ENTITY_FIELD VALUES ('HNDT','CONSUMER','CONSUMER_ID',1,'String',40,0,'1','0','0',null,null,null,null,0,'0','0','Consumer Id','consumerId',null,null,null,null);
INSERT INTO ENTITY_FIELD VALUES ('HNDT','CONSUMER','NAME',2,'String',40,0,'0','0','0',null,null,null,null,0,'0','0','Name of consumer','name',null,null,null,null);
INSERT INTO ENTITY_FIELD VALUES ('HNDT','CONSUMER','LAST_NAME',3,'String',40,0,'0','0','0',null,null,null,null,0,'0','0','Last name of consumer','lastName',null,null,null,null);
INSERT INTO ENTITY_FIELD VALUES ('HNDT','CONSUMER','GENDER',4,'String',1,0,'0','0','1',null,null,null,null,0,'0','0','Gender of consumer','gender',null,null,null,null);
INSERT INTO ENTITY_FIELD VALUES ('HNDT','CONSUMER','BIRTHDAY',5,'Date',0,0,'0','0','1',null,null,null,null,0,'0','0','Birthday of consumer','birthday',null,null,null,null);
INSERT INTO ENTITY_FIELD VALUES ('HNDT','CONSUMER','CITY_ID',6,'String',4,0,'0','0','1',null,null,null,null,0,'0','0','City Id of consumer','cityId',null,null,null,null);
INSERT INTO ENTITY_FIELD VALUES ('HNDT','CONSUMER','ADDRESS',7,'String',80,0,'0','0','1',null,null,null,null,0,'0','0','Address of consumer','address',null,null,null,null);
INSERT INTO ENTITY_FIELD VALUES ('HNDT','CONSUMER','PHONE_TYPE_ID',8,'String',4,0,'0','0','1',null,null,null,null,0,'0','0','Phone type Id','phoneTypeId',null,null,null,null);
INSERT INTO ENTITY_FIELD VALUES ('HNDT','CONSUMER','PHONE',9,'String',40,0,'0','0','1',null,null,null,null,0,'0','0','Phone of consumer','phone',null,null,null,null);
INSERT INTO ENTITY_FIELD VALUES ('HNDT','CONSUMER','MAP',10,'String',80,0,'0','0','1',null,null,null,null,0,'0','0','Map of consumer','map',null,null,null,null);
INSERT INTO ENTITY_FIELD VALUES ('HNDT','CONSUMER','STATUS_TYPE_ID',11,'String',4,0,'0','0','0',null,null,null,null,0,'0','0','Consumer status','status',null,null,null,null);
INSERT INTO ENTITY_FIELD VALUES ('HNDT','CONSUMER','CONSUMER_KEY',12,'String',8,0,'0','0','0',null,null,null,null,0,'0','0','Consumer key','key',null,null,null,null);
INSERT INTO ENTITY_FIELD VALUES ('HNDT','COUPON','CONSUMER_ID',1,'String',40,0,'1','0','0',null,null,null,null,0,'0','0','Consumer Id','consumerId',null,null,null,null);
INSERT INTO ENTITY_FIELD VALUES ('HNDT','COUPON','COUPON_ID',2,'Long',10,0,'1','0','0',null,null,null,null,0,'0','0','Coupon Id','couponId',null,null,null,null);
INSERT INTO ENTITY_FIELD VALUES ('HNDT','COUPON','SUPPLIER_OFFER_ID',3,'Long',10,0,'0','0','0',null,null,null,null,0,'0','0','Supplier offer Id','supplierOfferId',null,null,null,null);
INSERT INTO ENTITY_FIELD VALUES ('HNDT','COUPON','SUPPLIER_PLACE_ID',4,'Long',10,0,'0','0','1',null,null,null,null,0,'0','0','Supplier place Id','supplierPlaceId',null,null,null,null);
INSERT INTO ENTITY_FIELD VALUES ('HNDT','COUPON','DOWNLOAD',5,'Boolean',1,0,'0','0','1',null,null,null,null,0,'0','0','Coupon download','download',null,null,null,null);
INSERT INTO ENTITY_FIELD VALUES ('HNDT','COUPON','USED_DATE',6,'Date',0,0,'0','0','1',null,null,null,null,0,'0','0','Coupon used date','usedDate',null,null,null,null);

INSERT INTO ENTITY_RELATIONSHIP VALUES ('HNDT','SUPPLIER_STATUS_FK',1,'SUPPLIER','STATUS_TYPE_ID','STATUS_TYPE','STATUS_TYPE_ID');
INSERT INTO ENTITY_RELATIONSHIP VALUES ('HNDT','SUPPLIER_PLACE_FK',1,'SUPPLIER_PLACE','SUPPLIER_ID','SUPPLIER','SUPPLIER_ID');
INSERT INTO ENTITY_RELATIONSHIP VALUES ('HNDT','SUPPLIER_PLACE_CITY_FK',1,'SUPPLIER_PLACE','CITY_ID','COUPON_CITY','CITY_ID');
INSERT INTO ENTITY_RELATIONSHIP VALUES ('HNDT','SUPPLIER_BRAND_FK',1,'SUPPLIER_BRAND','SUPPLIER_ID','SUPPLIER','SUPPLIER_ID');
INSERT INTO ENTITY_RELATIONSHIP VALUES ('HNDT','SUPPLIER_BRAND_CATEGORY_FK',1,'SUPPLIER_BRAND','CATEGORY_TYPE_ID','CATEGORY_TYPE','CATEGORY_TYPE_ID');
INSERT INTO ENTITY_RELATIONSHIP VALUES ('HNDT','SUPPLIER_COUPON_FK',1,'SUPPLIER_COUPON','SUPPLIER_ID','SUPPLIER','SUPPLIER_ID');
INSERT INTO ENTITY_RELATIONSHIP VALUES ('HNDT','SUPPLIER_COUPON_TYPE_FK',1,'SUPPLIER_COUPON','COUPON_TYPE_ID','COUPON_TYPE','COUPON_TYPE_ID');
INSERT INTO ENTITY_RELATIONSHIP VALUES ('HNDT','SUPPLIER_COUPON_DISCOUNT_FK',1,'SUPPLIER_COUPON','DISCOUNT_TYPE_ID','DISCOUNT_TYPE','DISCOUNT_TYPE_ID');
INSERT INTO ENTITY_RELATIONSHIP VALUES ('HNDT','SUPPLIER_OFFER_FK',1,'SUPPLIER_OFFER','SUPPLIER_ID','SUPPLIER','SUPPLIER_ID');
INSERT INTO ENTITY_RELATIONSHIP VALUES ('HNDT','SUPPLIER_OFFER_PLACE_FK',1,'SUPPLIER_OFFER','SUPPLIER_PLACE_ID','SUPPLIER_PLACE','SUPPLIER_PLACE_ID');
INSERT INTO ENTITY_RELATIONSHIP VALUES ('HNDT','SUPPLIER_OFFER_BRAND_FK',1,'SUPPLIER_OFFER','SUPPLIER_BRAND_ID','SUPPLIER_BRAND','SUPPLIER_BRAND_ID');
INSERT INTO ENTITY_RELATIONSHIP VALUES ('HNDT','SUPPLIER_OFFER_COUPON_FK',1,'SUPPLIER_OFFER','SUPPLIER_COUPON_ID','SUPPLIER_COUPON','SUPPLIER_COUPON_ID');
INSERT INTO ENTITY_RELATIONSHIP VALUES ('HNDT','CONSUMER_CITY_FK',1,'CONSUMER','CITY_ID','COUPON_CITY','CITY_ID');
INSERT INTO ENTITY_RELATIONSHIP VALUES ('HNDT','CONSUMER_PHONE_TYPE_FK',1,'CONSUMER','PHONE_TYPE_ID','PHONE_TYPE','PHONE_TYPE_ID');
INSERT INTO ENTITY_RELATIONSHIP VALUES ('HNDT','CONSUMER_STATUS_FK',1,'CONSUMER','STATUS_TYPE_ID','STATUS_TYPE','STATUS_TYPE_ID');
INSERT INTO ENTITY_RELATIONSHIP VALUES ('HNDT','COUPON_CONSUMER_FK',1,'COUPON','CONSUMER_ID','CONSUMER','CONSUMER_ID');
INSERT INTO ENTITY_RELATIONSHIP VALUES ('HNDT','COUPON_SUPPLIER_OFFER_FK',1,'COUPON','SUPPLIER_OFFER_ID','SUPPLIER_OFFER','SUPPLIER_OFFER_ID');
INSERT INTO ENTITY_RELATIONSHIP VALUES ('HNDT','COUPON_SIPPLIER_PLACE_FK',1,'COUPON','SUPPLIER_PLACE_ID','SUPPLIER_PLACE','SUPPLIER_PLACE_ID');
