DELETE FROM ENTITY_RELATIONSHIP WHERE RELATIONSHIP_ID = 'PARAMETER_COMPANY_FK';
DELETE FROM ENTITY_RELATIONSHIP WHERE RELATIONSHIP_ID = 'RESPONSE_COMPANY_FK';
DELETE FROM ENTITY_RELATIONSHIP WHERE RELATIONSHIP_ID = 'DATAFILE_COMPANY_FK';
DELETE FROM ENTITY_RELATIONSHIP WHERE RELATIONSHIP_ID = 'COUNTRY_COMPANY_FK';
DELETE FROM ENTITY_RELATIONSHIP WHERE RELATIONSHIP_ID = 'PROVINCE_COMPANY_FK';
DELETE FROM ENTITY_RELATIONSHIP WHERE RELATIONSHIP_ID = 'CITY_COMPANY_FK';
DELETE FROM ENTITY_RELATIONSHIP WHERE RELATIONSHIP_ID = 'DISTRICT_COMPANY_FK';
DELETE FROM ENTITY_RELATIONSHIP WHERE RELATIONSHIP_ID = 'BRANCH_COMPANY_FK';
DELETE FROM ENTITY_RELATIONSHIP WHERE RELATIONSHIP_ID = 'OFFICE_COMPANY_FK';
DELETE FROM ENTITY_RELATIONSHIP WHERE RELATIONSHIP_ID = 'DEPARTMENT_COMPANY_FK';
DELETE FROM ENTITY_RELATIONSHIP WHERE RELATIONSHIP_ID = 'RESPONSE_LANGUAGE_FK';
DELETE FROM ENTITY_RELATIONSHIP WHERE RELATIONSHIP_ID = 'COUNTRY_LANGUAGE_FK';
DELETE FROM ENTITY_RELATIONSHIP WHERE RELATIONSHIP_ID = 'PROVINCE_LANGUAGE_FK';
DELETE FROM ENTITY_RELATIONSHIP WHERE RELATIONSHIP_ID = 'CITY_LANGUAGE_FK';
DELETE FROM ENTITY_RELATIONSHIP WHERE RELATIONSHIP_ID = 'DISTRICT_LANGUAGE_FK';
DELETE FROM ENTITY_RELATIONSHIP WHERE RELATIONSHIP_ID = 'DEPARTMENT_LANGUAGE_FK';
DELETE FROM ENTITY_RELATIONSHIP WHERE RELATIONSHIP_ID = 'PARAMETER_PARAMETER_ID_FK';
DELETE FROM ENTITY_RELATIONSHIP WHERE RELATIONSHIP_ID = 'RESPONSE_RESPONSE_ID_FK';
DELETE FROM ENTITY_RELATIONSHIP WHERE RELATIONSHIP_ID = 'DATAFILE_DATAFILE_ID_FK';
DELETE FROM ENTITY_RELATIONSHIP WHERE RELATIONSHIP_ID = 'COUNTRY_COUNTRY_ID_FK';
DELETE FROM ENTITY_RELATIONSHIP WHERE RELATIONSHIP_ID = 'PROVINCE_PROVINCE_ID_FK';
DELETE FROM ENTITY_RELATIONSHIP WHERE RELATIONSHIP_ID = 'PROVINCE_PROVINCE_ID_FK';
DELETE FROM ENTITY_RELATIONSHIP WHERE RELATIONSHIP_ID = 'CITY_CITY_ID_FK';
DELETE FROM ENTITY_RELATIONSHIP WHERE RELATIONSHIP_ID = 'CITY_CITY_ID_FK';
DELETE FROM ENTITY_RELATIONSHIP WHERE RELATIONSHIP_ID = 'CITY_CITY_ID_FK';
DELETE FROM ENTITY_RELATIONSHIP WHERE RELATIONSHIP_ID = 'DISTRICT_DISTRICT_ID_FK';
DELETE FROM ENTITY_RELATIONSHIP WHERE RELATIONSHIP_ID = 'DISTRICT_DISTRICT_ID_FK';
DELETE FROM ENTITY_RELATIONSHIP WHERE RELATIONSHIP_ID = 'DISTRICT_DISTRICT_ID_FK';
DELETE FROM ENTITY_RELATIONSHIP WHERE RELATIONSHIP_ID = 'DISTRICT_DISTRICT_ID_FK';
DELETE FROM ENTITY_RELATIONSHIP WHERE RELATIONSHIP_ID = 'BRANCH_BRANCH_ID_FK';
DELETE FROM ENTITY_RELATIONSHIP WHERE RELATIONSHIP_ID = 'OFFICE_OFFICE_ID_FK';
DELETE FROM ENTITY_RELATIONSHIP WHERE RELATIONSHIP_ID = 'OFFICE_OFFICE_ID_FK';
DELETE FROM ENTITY_RELATIONSHIP WHERE RELATIONSHIP_ID = 'DEPARTMENT_DEPARTMENT_ID_FK';
DELETE FROM ENTITY_RELATIONSHIP WHERE RELATIONSHIP_ID = 'DEPARTMENT_DEPARTMENT_ID_FK';
DELETE FROM ENTITY_RELATIONSHIP WHERE RELATIONSHIP_ID = 'DEPARTMENT_DEPARTMENT_ID_FK';
DELETE FROM ENTITY_RELATIONSHIP WHERE RELATIONSHIP_ID = 'PARAMETER_DATA_TYPE_FK';
DELETE FROM ENTITY_RELATIONSHIP WHERE RELATIONSHIP_ID = 'DATAFILE_DATAFILE_TYPE_FK';
DELETE FROM ENTITY_RELATIONSHIP WHERE RELATIONSHIP_ID = 'PROVINCE_ID_COUNTRY_ID_FK';
DELETE FROM ENTITY_RELATIONSHIP WHERE RELATIONSHIP_ID = 'CITY_ID_PROVINCE_ID_FK';
DELETE FROM ENTITY_RELATIONSHIP WHERE RELATIONSHIP_ID = 'CITY_ID_PROVINCE_ID_FK';
DELETE FROM ENTITY_RELATIONSHIP WHERE RELATIONSHIP_ID = 'DISTRICT_ID_CITY_ID_FK';
DELETE FROM ENTITY_RELATIONSHIP WHERE RELATIONSHIP_ID = 'DISTRICT_ID_CITY_ID_FK';
DELETE FROM ENTITY_RELATIONSHIP WHERE RELATIONSHIP_ID = 'DISTRICT_ID_CITY_ID_FK';
DELETE FROM ENTITY_RELATIONSHIP WHERE RELATIONSHIP_ID = 'OFFICE_ID_BRANCH_ID_FK';
DELETE FROM ENTITY_RELATIONSHIP WHERE RELATIONSHIP_ID = 'DEPARTMENT_ID_OFFICE_ID_FK';
DELETE FROM ENTITY_RELATIONSHIP WHERE RELATIONSHIP_ID = 'DEPARTMENT_ID_OFFICE_ID_FK';

DELETE FROM ENTITY_FIELD  WHERE TABLE_ID = 'PARAMETER' AND FIELD_ID = 'PARAMETER_ID';
DELETE FROM ENTITY_FIELD  WHERE TABLE_ID = 'PARAMETER' AND FIELD_ID = 'SUBSYSTEM_ID';
DELETE FROM ENTITY_FIELD  WHERE TABLE_ID = 'PARAMETER' AND FIELD_ID = 'DATA_TYPE_ID';
DELETE FROM ENTITY_FIELD  WHERE TABLE_ID = 'PARAMETER' AND FIELD_ID = 'PARAMETER_VALUE';
DELETE FROM ENTITY_FIELD  WHERE TABLE_ID = 'PARAMETER' AND FIELD_ID = 'DESCRIPTION';
DELETE FROM ENTITY_FIELD  WHERE TABLE_ID = 'RESPONSE' AND FIELD_ID = 'RESPONSE_ID';
DELETE FROM ENTITY_FIELD  WHERE TABLE_ID = 'RESPONSE' AND FIELD_ID = 'SUBSYSTEM_ID';
DELETE FROM ENTITY_FIELD  WHERE TABLE_ID = 'RESPONSE' AND FIELD_ID = 'DESCRIPTION';
DELETE FROM ENTITY_FIELD  WHERE TABLE_ID = 'DATAFILE_TYPE' AND FIELD_ID = 'DATAFILE_TYPE_ID';
DELETE FROM ENTITY_FIELD  WHERE TABLE_ID = 'DATAFILE_TYPE' AND FIELD_ID = 'NAME';
DELETE FROM ENTITY_FIELD  WHERE TABLE_ID = 'DATAFILE' AND FIELD_ID = 'DATAFILE_ID';
DELETE FROM ENTITY_FIELD  WHERE TABLE_ID = 'DATAFILE' AND FIELD_ID = 'DATAFILE_TYPE_ID';
DELETE FROM ENTITY_FIELD  WHERE TABLE_ID = 'DATAFILE' AND FIELD_ID = 'BINARY_PATH';
DELETE FROM ENTITY_FIELD  WHERE TABLE_ID = 'DATAFILE' AND FIELD_ID = 'BINARY_BYTES';
DELETE FROM ENTITY_FIELD  WHERE TABLE_ID = 'DATAFILE' AND FIELD_ID = 'BINARY_OBJECT';
DELETE FROM ENTITY_FIELD  WHERE TABLE_ID = 'DATAFILE' AND FIELD_ID = 'CHARACTER_DATA';
DELETE FROM ENTITY_FIELD  WHERE TABLE_ID = 'COUNTRY' AND FIELD_ID = 'COUNTRY_ID';
DELETE FROM ENTITY_FIELD  WHERE TABLE_ID = 'COUNTRY' AND FIELD_ID = 'NAME';
DELETE FROM ENTITY_FIELD  WHERE TABLE_ID = 'COUNTRY' AND FIELD_ID = 'AREA_CODE';
DELETE FROM ENTITY_FIELD  WHERE TABLE_ID = 'PROVINCE' AND FIELD_ID = 'COUNTRY_ID';
DELETE FROM ENTITY_FIELD  WHERE TABLE_ID = 'PROVINCE' AND FIELD_ID = 'PROVINCE_ID';
DELETE FROM ENTITY_FIELD  WHERE TABLE_ID = 'PROVINCE' AND FIELD_ID = 'NAME';
DELETE FROM ENTITY_FIELD  WHERE TABLE_ID = 'CITY' AND FIELD_ID = 'COUNTRY_ID';
DELETE FROM ENTITY_FIELD  WHERE TABLE_ID = 'CITY' AND FIELD_ID = 'PROVINCE_ID';
DELETE FROM ENTITY_FIELD  WHERE TABLE_ID = 'CITY' AND FIELD_ID = 'CITY_ID';
DELETE FROM ENTITY_FIELD  WHERE TABLE_ID = 'CITY' AND FIELD_ID = 'NAME';
DELETE FROM ENTITY_FIELD  WHERE TABLE_ID = 'DISTRICT' AND FIELD_ID = 'COUNTRY_ID';
DELETE FROM ENTITY_FIELD  WHERE TABLE_ID = 'DISTRICT' AND FIELD_ID = 'PROVINCE_ID';
DELETE FROM ENTITY_FIELD  WHERE TABLE_ID = 'DISTRICT' AND FIELD_ID = 'CITY_ID';
DELETE FROM ENTITY_FIELD  WHERE TABLE_ID = 'DISTRICT' AND FIELD_ID = 'DISTRICT_ID';
DELETE FROM ENTITY_FIELD  WHERE TABLE_ID = 'DISTRICT' AND FIELD_ID = 'NAME';
DELETE FROM ENTITY_FIELD  WHERE TABLE_ID = 'BRANCH' AND FIELD_ID = 'BRANCH_ID';
DELETE FROM ENTITY_FIELD  WHERE TABLE_ID = 'BRANCH' AND FIELD_ID = 'NAME';
DELETE FROM ENTITY_FIELD  WHERE TABLE_ID = 'OFFICE' AND FIELD_ID = 'BRANCH_ID';
DELETE FROM ENTITY_FIELD  WHERE TABLE_ID = 'OFFICE' AND FIELD_ID = 'OFFICE_ID';
DELETE FROM ENTITY_FIELD  WHERE TABLE_ID = 'OFFICE' AND FIELD_ID = 'NAME';
DELETE FROM ENTITY_FIELD  WHERE TABLE_ID = 'OFFICE' AND FIELD_ID = 'COUNTRY_ID';
DELETE FROM ENTITY_FIELD  WHERE TABLE_ID = 'OFFICE' AND FIELD_ID = 'PROVINCE_ID';
DELETE FROM ENTITY_FIELD  WHERE TABLE_ID = 'OFFICE' AND FIELD_ID = 'CITY_ID';
DELETE FROM ENTITY_FIELD  WHERE TABLE_ID = 'DEPARTMENT' AND FIELD_ID = 'BRANCH_ID';
DELETE FROM ENTITY_FIELD  WHERE TABLE_ID = 'DEPARTMENT' AND FIELD_ID = 'OFFICE_ID';
DELETE FROM ENTITY_FIELD  WHERE TABLE_ID = 'DEPARTMENT' AND FIELD_ID = 'DEPARTMENT_ID';
DELETE FROM ENTITY_FIELD  WHERE TABLE_ID = 'DEPARTMENT' AND FIELD_ID = 'NAME';

DELETE FROM ENTITY_FIELD_ID WHERE TABLE_ID = 'PARAMETER_ID' AND FIELD_ID = 'PARAMETER_ID';
DELETE FROM ENTITY_FIELD_ID WHERE TABLE_ID = 'PARAMETER' AND FIELD_ID = 'COMPANY_ID';
DELETE FROM ENTITY_FIELD_ID WHERE TABLE_ID = 'PARAMETER' AND FIELD_ID = 'PARAMETER_ID';
DELETE FROM ENTITY_FIELD_ID WHERE TABLE_ID = 'PARAMETER' AND FIELD_ID = 'SUBSYSTEM_ID';
DELETE FROM ENTITY_FIELD_ID WHERE TABLE_ID = 'PARAMETER' AND FIELD_ID = 'DATA_TYPE_ID';
DELETE FROM ENTITY_FIELD_ID WHERE TABLE_ID = 'PARAMETER' AND FIELD_ID = 'PARAMETER_VALUE';
DELETE FROM ENTITY_FIELD_ID WHERE TABLE_ID = 'PARAMETER' AND FIELD_ID = 'DESCRIPTION';
DELETE FROM ENTITY_FIELD_ID WHERE TABLE_ID = 'RESPONSE_ID' AND FIELD_ID = 'RESPONSE_ID';
DELETE FROM ENTITY_FIELD_ID WHERE TABLE_ID = 'RESPONSE' AND FIELD_ID = 'COMPANY_ID';
DELETE FROM ENTITY_FIELD_ID WHERE TABLE_ID = 'RESPONSE' AND FIELD_ID = 'LANGUAGE_ID';
DELETE FROM ENTITY_FIELD_ID WHERE TABLE_ID = 'RESPONSE' AND FIELD_ID = 'RESPONSE_ID';
DELETE FROM ENTITY_FIELD_ID WHERE TABLE_ID = 'RESPONSE' AND FIELD_ID = 'SUBSYSTEM_ID';
DELETE FROM ENTITY_FIELD_ID WHERE TABLE_ID = 'RESPONSE' AND FIELD_ID = 'DESCRIPTION';
DELETE FROM ENTITY_FIELD_ID WHERE TABLE_ID = 'DATAFILE_TYPE' AND FIELD_ID = 'DATAFILE_TYPE_ID';
DELETE FROM ENTITY_FIELD_ID WHERE TABLE_ID = 'DATAFILE_TYPE' AND FIELD_ID = 'NAME';
DELETE FROM ENTITY_FIELD_ID WHERE TABLE_ID = 'DATAFILE_ID' AND FIELD_ID = 'DATAFILE_ID';
DELETE FROM ENTITY_FIELD_ID WHERE TABLE_ID = 'DATAFILE' AND FIELD_ID = 'COMPANY_ID';
DELETE FROM ENTITY_FIELD_ID WHERE TABLE_ID = 'DATAFILE' AND FIELD_ID = 'DATAFILE_ID';
DELETE FROM ENTITY_FIELD_ID WHERE TABLE_ID = 'DATAFILE' AND FIELD_ID = 'DATAFILE_TYPE_ID';
DELETE FROM ENTITY_FIELD_ID WHERE TABLE_ID = 'DATAFILE' AND FIELD_ID = 'BINARY_PATH';
DELETE FROM ENTITY_FIELD_ID WHERE TABLE_ID = 'DATAFILE' AND FIELD_ID = 'BINARY_BYTES';
DELETE FROM ENTITY_FIELD_ID WHERE TABLE_ID = 'DATAFILE' AND FIELD_ID = 'BINARY_OBJECT';
DELETE FROM ENTITY_FIELD_ID WHERE TABLE_ID = 'DATAFILE' AND FIELD_ID = 'CHARACTER_DATA';
DELETE FROM ENTITY_FIELD_ID WHERE TABLE_ID = 'COUNTRY_ID' AND FIELD_ID = 'COUNTRY_ID';
DELETE FROM ENTITY_FIELD_ID WHERE TABLE_ID = 'COUNTRY' AND FIELD_ID = 'COMPANY_ID';
DELETE FROM ENTITY_FIELD_ID WHERE TABLE_ID = 'COUNTRY' AND FIELD_ID = 'LANGUAGE_ID';
DELETE FROM ENTITY_FIELD_ID WHERE TABLE_ID = 'COUNTRY' AND FIELD_ID = 'COUNTRY_ID';
DELETE FROM ENTITY_FIELD_ID WHERE TABLE_ID = 'COUNTRY' AND FIELD_ID = 'NAME';
DELETE FROM ENTITY_FIELD_ID WHERE TABLE_ID = 'COUNTRY' AND FIELD_ID = 'AREA_CODE';
DELETE FROM ENTITY_FIELD_ID WHERE TABLE_ID = 'PROVINCE_ID' AND FIELD_ID = 'COUNTRY_ID';
DELETE FROM ENTITY_FIELD_ID WHERE TABLE_ID = 'PROVINCE_ID' AND FIELD_ID = 'PROVINCE_ID';
DELETE FROM ENTITY_FIELD_ID WHERE TABLE_ID = 'PROVINCE' AND FIELD_ID = 'COMPANY_ID';
DELETE FROM ENTITY_FIELD_ID WHERE TABLE_ID = 'PROVINCE' AND FIELD_ID = 'LANGUAGE_ID';
DELETE FROM ENTITY_FIELD_ID WHERE TABLE_ID = 'PROVINCE' AND FIELD_ID = 'COUNTRY_ID';
DELETE FROM ENTITY_FIELD_ID WHERE TABLE_ID = 'PROVINCE' AND FIELD_ID = 'PROVINCE_ID';
DELETE FROM ENTITY_FIELD_ID WHERE TABLE_ID = 'PROVINCE' AND FIELD_ID = 'NAME';
DELETE FROM ENTITY_FIELD_ID WHERE TABLE_ID = 'CITY_ID' AND FIELD_ID = 'COUNTRY_ID';
DELETE FROM ENTITY_FIELD_ID WHERE TABLE_ID = 'CITY_ID' AND FIELD_ID = 'PROVINCE_ID';
DELETE FROM ENTITY_FIELD_ID WHERE TABLE_ID = 'CITY_ID' AND FIELD_ID = 'CITY_ID';
DELETE FROM ENTITY_FIELD_ID WHERE TABLE_ID = 'CITY' AND FIELD_ID = 'COMPANY_ID';
DELETE FROM ENTITY_FIELD_ID WHERE TABLE_ID = 'CITY' AND FIELD_ID = 'LANGUAGE_ID';
DELETE FROM ENTITY_FIELD_ID WHERE TABLE_ID = 'CITY' AND FIELD_ID = 'COUNTRY_ID';
DELETE FROM ENTITY_FIELD_ID WHERE TABLE_ID = 'CITY' AND FIELD_ID = 'PROVINCE_ID';
DELETE FROM ENTITY_FIELD_ID WHERE TABLE_ID = 'CITY' AND FIELD_ID = 'CITY_ID';
DELETE FROM ENTITY_FIELD_ID WHERE TABLE_ID = 'CITY' AND FIELD_ID = 'NAME';
DELETE FROM ENTITY_FIELD_ID WHERE TABLE_ID = 'DISTRICT_ID' AND FIELD_ID = 'COUNTRY_ID';
DELETE FROM ENTITY_FIELD_ID WHERE TABLE_ID = 'DISTRICT_ID' AND FIELD_ID = 'PROVINCE_ID';
DELETE FROM ENTITY_FIELD_ID WHERE TABLE_ID = 'DISTRICT_ID' AND FIELD_ID = 'CITY_ID';
DELETE FROM ENTITY_FIELD_ID WHERE TABLE_ID = 'DISTRICT_ID' AND FIELD_ID = 'DISTRICT_ID';
DELETE FROM ENTITY_FIELD_ID WHERE TABLE_ID = 'DISTRICT' AND FIELD_ID = 'COMPANY_ID';
DELETE FROM ENTITY_FIELD_ID WHERE TABLE_ID = 'DISTRICT' AND FIELD_ID = 'LANGUAGE_ID';
DELETE FROM ENTITY_FIELD_ID WHERE TABLE_ID = 'DISTRICT' AND FIELD_ID = 'COUNTRY_ID';
DELETE FROM ENTITY_FIELD_ID WHERE TABLE_ID = 'DISTRICT' AND FIELD_ID = 'PROVINCE_ID';
DELETE FROM ENTITY_FIELD_ID WHERE TABLE_ID = 'DISTRICT' AND FIELD_ID = 'CITY_ID';
DELETE FROM ENTITY_FIELD_ID WHERE TABLE_ID = 'DISTRICT' AND FIELD_ID = 'DISTRICT_ID';
DELETE FROM ENTITY_FIELD_ID WHERE TABLE_ID = 'DISTRICT' AND FIELD_ID = 'NAME';
DELETE FROM ENTITY_FIELD_ID WHERE TABLE_ID = 'BRANCH_ID' AND FIELD_ID = 'BRANCH_ID';
DELETE FROM ENTITY_FIELD_ID WHERE TABLE_ID = 'BRANCH' AND FIELD_ID = 'COMPANY_ID';
DELETE FROM ENTITY_FIELD_ID WHERE TABLE_ID = 'BRANCH' AND FIELD_ID = 'BRANCH_ID';
DELETE FROM ENTITY_FIELD_ID WHERE TABLE_ID = 'BRANCH' AND FIELD_ID = 'NAME';
DELETE FROM ENTITY_FIELD_ID WHERE TABLE_ID = 'OFFICE_ID' AND FIELD_ID = 'BRANCH_ID';
DELETE FROM ENTITY_FIELD_ID WHERE TABLE_ID = 'OFFICE_ID' AND FIELD_ID = 'OFFICE_ID';
DELETE FROM ENTITY_FIELD_ID WHERE TABLE_ID = 'OFFICE' AND FIELD_ID = 'COMPANY_ID';
DELETE FROM ENTITY_FIELD_ID WHERE TABLE_ID = 'OFFICE' AND FIELD_ID = 'BRANCH_ID';
DELETE FROM ENTITY_FIELD_ID WHERE TABLE_ID = 'OFFICE' AND FIELD_ID = 'OFFICE_ID';
DELETE FROM ENTITY_FIELD_ID WHERE TABLE_ID = 'OFFICE' AND FIELD_ID = 'NAME';
DELETE FROM ENTITY_FIELD_ID WHERE TABLE_ID = 'OFFICE' AND FIELD_ID = 'COUNTRY_ID';
DELETE FROM ENTITY_FIELD_ID WHERE TABLE_ID = 'OFFICE' AND FIELD_ID = 'PROVINCE_ID';
DELETE FROM ENTITY_FIELD_ID WHERE TABLE_ID = 'OFFICE' AND FIELD_ID = 'CITY_ID';
DELETE FROM ENTITY_FIELD_ID WHERE TABLE_ID = 'DEPARTMENT_ID' AND FIELD_ID = 'BRANCH_ID';
DELETE FROM ENTITY_FIELD_ID WHERE TABLE_ID = 'DEPARTMENT_ID' AND FIELD_ID = 'OFFICE_ID';
DELETE FROM ENTITY_FIELD_ID WHERE TABLE_ID = 'DEPARTMENT_ID' AND FIELD_ID = 'DEPARTMENT_ID';
DELETE FROM ENTITY_FIELD_ID WHERE TABLE_ID = 'DEPARTMENT' AND FIELD_ID = 'COMPANY_ID';
DELETE FROM ENTITY_FIELD_ID WHERE TABLE_ID = 'DEPARTMENT' AND FIELD_ID = 'LANGUAGE_ID';
DELETE FROM ENTITY_FIELD_ID WHERE TABLE_ID = 'DEPARTMENT' AND FIELD_ID = 'BRANCH_ID';
DELETE FROM ENTITY_FIELD_ID WHERE TABLE_ID = 'DEPARTMENT' AND FIELD_ID = 'OFFICE_ID';
DELETE FROM ENTITY_FIELD_ID WHERE TABLE_ID = 'DEPARTMENT' AND FIELD_ID = 'DEPARTMENT_ID';
DELETE FROM ENTITY_FIELD_ID WHERE TABLE_ID = 'DEPARTMENT' AND FIELD_ID = 'NAME';

DELETE FROM ENTITY_TABLE WHERE TABLE_ID = 'PARAMETER';
DELETE FROM ENTITY_TABLE WHERE TABLE_ID = 'RESPONSE';
DELETE FROM ENTITY_TABLE WHERE TABLE_ID = 'DATAFILE_TYPE';
DELETE FROM ENTITY_TABLE WHERE TABLE_ID = 'DATAFILE';
DELETE FROM ENTITY_TABLE WHERE TABLE_ID = 'COUNTRY';
DELETE FROM ENTITY_TABLE WHERE TABLE_ID = 'PROVINCE';
DELETE FROM ENTITY_TABLE WHERE TABLE_ID = 'CITY';
DELETE FROM ENTITY_TABLE WHERE TABLE_ID = 'DISTRICT';
DELETE FROM ENTITY_TABLE WHERE TABLE_ID = 'BRANCH';
DELETE FROM ENTITY_TABLE WHERE TABLE_ID = 'OFFICE';
DELETE FROM ENTITY_TABLE WHERE TABLE_ID = 'DEPARTMENT';

DELETE FROM ENTITY_TABLE_ID WHERE TABLE_ID = 'PARAMETER';
DELETE FROM ENTITY_TABLE_ID WHERE TABLE_ID = 'RESPONSE';
DELETE FROM ENTITY_TABLE_ID WHERE TABLE_ID = 'DATAFILE_TYPE';
DELETE FROM ENTITY_TABLE_ID WHERE TABLE_ID = 'DATAFILE';
DELETE FROM ENTITY_TABLE_ID WHERE TABLE_ID = 'COUNTRY';
DELETE FROM ENTITY_TABLE_ID WHERE TABLE_ID = 'PROVINCE';
DELETE FROM ENTITY_TABLE_ID WHERE TABLE_ID = 'CITY';
DELETE FROM ENTITY_TABLE_ID WHERE TABLE_ID = 'DISTRICT';
DELETE FROM ENTITY_TABLE_ID WHERE TABLE_ID = 'BRANCH';
DELETE FROM ENTITY_TABLE_ID WHERE TABLE_ID = 'OFFICE';
DELETE FROM ENTITY_TABLE_ID WHERE TABLE_ID = 'DEPARTMENT';
DELETE FROM ENTITY_TABLE_ID WHERE TABLE_ID = 'PARAMETER_ID';
DELETE FROM ENTITY_TABLE_ID WHERE TABLE_ID = 'RESPONSE_ID';
DELETE FROM ENTITY_TABLE_ID WHERE TABLE_ID = 'DATAFILE_ID';
DELETE FROM ENTITY_TABLE_ID WHERE TABLE_ID = 'COUNTRY_ID';
DELETE FROM ENTITY_TABLE_ID WHERE TABLE_ID = 'PROVINCE_ID';
DELETE FROM ENTITY_TABLE_ID WHERE TABLE_ID = 'CITY_ID';
DELETE FROM ENTITY_TABLE_ID WHERE TABLE_ID = 'DISTRICT_ID';
DELETE FROM ENTITY_TABLE_ID WHERE TABLE_ID = 'BRANCH_ID';
DELETE FROM ENTITY_TABLE_ID WHERE TABLE_ID = 'OFFICE_ID';
DELETE FROM ENTITY_TABLE_ID WHERE TABLE_ID = 'DEPARTMENT_ID';

INSERT INTO ENTITY_TABLE_ID VALUES ('PARAMETER_ID');
INSERT INTO ENTITY_TABLE_ID VALUES ('RESPONSE_ID');
INSERT INTO ENTITY_TABLE_ID VALUES ('DATAFILE_ID');
INSERT INTO ENTITY_TABLE_ID VALUES ('COUNTRY_ID');
INSERT INTO ENTITY_TABLE_ID VALUES ('PROVINCE_ID');
INSERT INTO ENTITY_TABLE_ID VALUES ('CITY_ID');
INSERT INTO ENTITY_TABLE_ID VALUES ('DISTRICT_ID');
INSERT INTO ENTITY_TABLE_ID VALUES ('BRANCH_ID');
INSERT INTO ENTITY_TABLE_ID VALUES ('OFFICE_ID');
INSERT INTO ENTITY_TABLE_ID VALUES ('DEPARTMENT_ID');
INSERT INTO ENTITY_TABLE_ID VALUES ('PARAMETER');
INSERT INTO ENTITY_TABLE_ID VALUES ('RESPONSE');
INSERT INTO ENTITY_TABLE_ID VALUES ('DATAFILE_TYPE');
INSERT INTO ENTITY_TABLE_ID VALUES ('DATAFILE');
INSERT INTO ENTITY_TABLE_ID VALUES ('COUNTRY');
INSERT INTO ENTITY_TABLE_ID VALUES ('PROVINCE');
INSERT INTO ENTITY_TABLE_ID VALUES ('CITY');
INSERT INTO ENTITY_TABLE_ID VALUES ('DISTRICT');
INSERT INTO ENTITY_TABLE_ID VALUES ('BRANCH');
INSERT INTO ENTITY_TABLE_ID VALUES ('OFFICE');
INSERT INTO ENTITY_TABLE_ID VALUES ('DEPARTMENT');

INSERT INTO ENTITY_TABLE VALUES ('ALL','PARAMETER','parameter','1','1','0','1','0','1','1','Values of parameters');
INSERT INTO ENTITY_TABLE VALUES ('ALL','RESPONSE','parameter','1','1','1','0','0','1','1','Values of responses');
INSERT INTO ENTITY_TABLE VALUES ('ALL','DATAFILE_TYPE','parameter','0','0','0','0','0','1','0','Values of datafile types');
INSERT INTO ENTITY_TABLE VALUES ('ALL','DATAFILE','parameter','1','1','0','1','1','0','0','Values of datafiles');
INSERT INTO ENTITY_TABLE VALUES ('ALL','COUNTRY','parameter','1','1','1','0','0','0','0','Values of countries');
INSERT INTO ENTITY_TABLE VALUES ('ALL','PROVINCE','parameter','1','1','1','0','0','0','0','Values of provinces');
INSERT INTO ENTITY_TABLE VALUES ('ALL','CITY','parameter','1','1','1','0','0','0','0','Values of cities');
INSERT INTO ENTITY_TABLE VALUES ('ALL','DISTRICT','parameter','1','1','1','0','0','0','0','Values of districts');
INSERT INTO ENTITY_TABLE VALUES ('ALL','BRANCH','parameter','1','1','0','0','0','0','0','Values of branches');
INSERT INTO ENTITY_TABLE VALUES ('ALL','OFFICE','parameter','1','1','0','0','0','0','0','Values of offices');
INSERT INTO ENTITY_TABLE VALUES ('ALL','DEPARTMENT','parameter','1','1','1','0','0','0','0','Values of departments');

INSERT INTO ENTITY_FIELD_ID VALUES ('PARAMETER_ID','PARAMETER_ID');
INSERT INTO ENTITY_FIELD_ID VALUES ('PARAMETER','COMPANY_ID');
INSERT INTO ENTITY_FIELD_ID VALUES ('PARAMETER','PARAMETER_ID');
INSERT INTO ENTITY_FIELD_ID VALUES ('PARAMETER','SUBSYSTEM_ID');
INSERT INTO ENTITY_FIELD_ID VALUES ('PARAMETER','DATA_TYPE_ID');
INSERT INTO ENTITY_FIELD_ID VALUES ('PARAMETER','PARAMETER_VALUE');
INSERT INTO ENTITY_FIELD_ID VALUES ('PARAMETER','DESCRIPTION');
INSERT INTO ENTITY_FIELD_ID VALUES ('RESPONSE_ID','RESPONSE_ID');
INSERT INTO ENTITY_FIELD_ID VALUES ('RESPONSE','COMPANY_ID');
INSERT INTO ENTITY_FIELD_ID VALUES ('RESPONSE','LANGUAGE_ID');
INSERT INTO ENTITY_FIELD_ID VALUES ('RESPONSE','RESPONSE_ID');
INSERT INTO ENTITY_FIELD_ID VALUES ('RESPONSE','SUBSYSTEM_ID');
INSERT INTO ENTITY_FIELD_ID VALUES ('RESPONSE','DESCRIPTION');
INSERT INTO ENTITY_FIELD_ID VALUES ('DATAFILE_TYPE','DATAFILE_TYPE_ID');
INSERT INTO ENTITY_FIELD_ID VALUES ('DATAFILE_TYPE','NAME');
INSERT INTO ENTITY_FIELD_ID VALUES ('DATAFILE_ID','DATAFILE_ID');
INSERT INTO ENTITY_FIELD_ID VALUES ('DATAFILE','COMPANY_ID');
INSERT INTO ENTITY_FIELD_ID VALUES ('DATAFILE','DATAFILE_ID');
INSERT INTO ENTITY_FIELD_ID VALUES ('DATAFILE','DATAFILE_TYPE_ID');
INSERT INTO ENTITY_FIELD_ID VALUES ('DATAFILE','BINARY_PATH');
INSERT INTO ENTITY_FIELD_ID VALUES ('DATAFILE','BINARY_BYTES');
INSERT INTO ENTITY_FIELD_ID VALUES ('DATAFILE','BINARY_OBJECT');
INSERT INTO ENTITY_FIELD_ID VALUES ('DATAFILE','CHARACTER_DATA');
INSERT INTO ENTITY_FIELD_ID VALUES ('COUNTRY_ID','COUNTRY_ID');
INSERT INTO ENTITY_FIELD_ID VALUES ('COUNTRY','COMPANY_ID');
INSERT INTO ENTITY_FIELD_ID VALUES ('COUNTRY','LANGUAGE_ID');
INSERT INTO ENTITY_FIELD_ID VALUES ('COUNTRY','COUNTRY_ID');
INSERT INTO ENTITY_FIELD_ID VALUES ('COUNTRY','NAME');
INSERT INTO ENTITY_FIELD_ID VALUES ('COUNTRY','AREA_CODE');
INSERT INTO ENTITY_FIELD_ID VALUES ('PROVINCE_ID','COUNTRY_ID');
INSERT INTO ENTITY_FIELD_ID VALUES ('PROVINCE_ID','PROVINCE_ID');
INSERT INTO ENTITY_FIELD_ID VALUES ('PROVINCE','COMPANY_ID');
INSERT INTO ENTITY_FIELD_ID VALUES ('PROVINCE','LANGUAGE_ID');
INSERT INTO ENTITY_FIELD_ID VALUES ('PROVINCE','COUNTRY_ID');
INSERT INTO ENTITY_FIELD_ID VALUES ('PROVINCE','PROVINCE_ID');
INSERT INTO ENTITY_FIELD_ID VALUES ('PROVINCE','NAME');
INSERT INTO ENTITY_FIELD_ID VALUES ('CITY_ID','COUNTRY_ID');
INSERT INTO ENTITY_FIELD_ID VALUES ('CITY_ID','PROVINCE_ID');
INSERT INTO ENTITY_FIELD_ID VALUES ('CITY_ID','CITY_ID');
INSERT INTO ENTITY_FIELD_ID VALUES ('CITY','COMPANY_ID');
INSERT INTO ENTITY_FIELD_ID VALUES ('CITY','LANGUAGE_ID');
INSERT INTO ENTITY_FIELD_ID VALUES ('CITY','COUNTRY_ID');
INSERT INTO ENTITY_FIELD_ID VALUES ('CITY','PROVINCE_ID');
INSERT INTO ENTITY_FIELD_ID VALUES ('CITY','CITY_ID');
INSERT INTO ENTITY_FIELD_ID VALUES ('CITY','NAME');
INSERT INTO ENTITY_FIELD_ID VALUES ('DISTRICT_ID','COUNTRY_ID');
INSERT INTO ENTITY_FIELD_ID VALUES ('DISTRICT_ID','PROVINCE_ID');
INSERT INTO ENTITY_FIELD_ID VALUES ('DISTRICT_ID','CITY_ID');
INSERT INTO ENTITY_FIELD_ID VALUES ('DISTRICT_ID','DISTRICT_ID');
INSERT INTO ENTITY_FIELD_ID VALUES ('DISTRICT','COMPANY_ID');
INSERT INTO ENTITY_FIELD_ID VALUES ('DISTRICT','LANGUAGE_ID');
INSERT INTO ENTITY_FIELD_ID VALUES ('DISTRICT','COUNTRY_ID');
INSERT INTO ENTITY_FIELD_ID VALUES ('DISTRICT','PROVINCE_ID');
INSERT INTO ENTITY_FIELD_ID VALUES ('DISTRICT','CITY_ID');
INSERT INTO ENTITY_FIELD_ID VALUES ('DISTRICT','DISTRICT_ID');
INSERT INTO ENTITY_FIELD_ID VALUES ('DISTRICT','NAME');
INSERT INTO ENTITY_FIELD_ID VALUES ('BRANCH_ID','BRANCH_ID');
INSERT INTO ENTITY_FIELD_ID VALUES ('BRANCH','COMPANY_ID');
INSERT INTO ENTITY_FIELD_ID VALUES ('BRANCH','BRANCH_ID');
INSERT INTO ENTITY_FIELD_ID VALUES ('BRANCH','NAME');
INSERT INTO ENTITY_FIELD_ID VALUES ('OFFICE_ID','BRANCH_ID');
INSERT INTO ENTITY_FIELD_ID VALUES ('OFFICE_ID','OFFICE_ID');
INSERT INTO ENTITY_FIELD_ID VALUES ('OFFICE','COMPANY_ID');
INSERT INTO ENTITY_FIELD_ID VALUES ('OFFICE','BRANCH_ID');
INSERT INTO ENTITY_FIELD_ID VALUES ('OFFICE','OFFICE_ID');
INSERT INTO ENTITY_FIELD_ID VALUES ('OFFICE','NAME');
INSERT INTO ENTITY_FIELD_ID VALUES ('OFFICE','COUNTRY_ID');
INSERT INTO ENTITY_FIELD_ID VALUES ('OFFICE','PROVINCE_ID');
INSERT INTO ENTITY_FIELD_ID VALUES ('OFFICE','CITY_ID');
INSERT INTO ENTITY_FIELD_ID VALUES ('DEPARTMENT_ID','BRANCH_ID');
INSERT INTO ENTITY_FIELD_ID VALUES ('DEPARTMENT_ID','OFFICE_ID');
INSERT INTO ENTITY_FIELD_ID VALUES ('DEPARTMENT_ID','DEPARTMENT_ID');
INSERT INTO ENTITY_FIELD_ID VALUES ('DEPARTMENT','COMPANY_ID');
INSERT INTO ENTITY_FIELD_ID VALUES ('DEPARTMENT','LANGUAGE_ID');
INSERT INTO ENTITY_FIELD_ID VALUES ('DEPARTMENT','BRANCH_ID');
INSERT INTO ENTITY_FIELD_ID VALUES ('DEPARTMENT','OFFICE_ID');
INSERT INTO ENTITY_FIELD_ID VALUES ('DEPARTMENT','DEPARTMENT_ID');
INSERT INTO ENTITY_FIELD_ID VALUES ('DEPARTMENT','NAME');

INSERT INTO ENTITY_FIELD VALUES ('ALL','PARAMETER','PARAMETER_ID',1,'String',40,0,'1','0','0',null,null,null,null,0,'0','0','Parameter Id','parameterId',null,null,null,null);
INSERT INTO ENTITY_FIELD VALUES ('ALL','PARAMETER','SUBSYSTEM_ID',2,'String',2,0,'0','0','0',null,null,null,null,0,'0','0','Subsystem Id','subsystemId',null,null,null,null);
INSERT INTO ENTITY_FIELD VALUES ('ALL','PARAMETER','DATA_TYPE_ID',3,'String',30,0,'0','0','0',null,null,null,null,0,'0','0','Data type of parameter','dataType',null,null,null,null);
INSERT INTO ENTITY_FIELD VALUES ('ALL','PARAMETER','PARAMETER_VALUE',4,'String',100,0,'0','0','0',null,null,null,null,0,'0','0','Value of parameter','value',null,null,null,null);
INSERT INTO ENTITY_FIELD VALUES ('ALL','PARAMETER','DESCRIPTION',5,'String',100,0,'0','0','0',null,null,null,null,0,'0','0','Description of parameter','description',null,null,null,null);
INSERT INTO ENTITY_FIELD VALUES ('ALL','RESPONSE','RESPONSE_ID',1,'String',8,0,'1','0','0',null,null,null,null,0,'0','0','Response Id','responseId',null,null,null,null);
INSERT INTO ENTITY_FIELD VALUES ('ALL','RESPONSE','SUBSYSTEM_ID',2,'String',2,0,'0','0','0',null,null,null,null,0,'0','0','Subsystem Id','subsystemId',null,null,null,null);
INSERT INTO ENTITY_FIELD VALUES ('ALL','RESPONSE','DESCRIPTION',3,'String',100,0,'0','0','0',null,null,null,null,0,'0','0','Description of response','description',null,null,null,null);
INSERT INTO ENTITY_FIELD VALUES ('ALL','DATAFILE_TYPE','DATAFILE_TYPE_ID',1,'String',4,0,'1','0','0',null,null,null,null,0,'0','0','Datafile type Id','datafileTypeId',null,null,null,null);
INSERT INTO ENTITY_FIELD VALUES ('ALL','DATAFILE_TYPE','NAME',2,'String',40,0,'0','0','0',null,null,null,null,0,'0','0','Name of datafile type','name',null,null,null,null);
INSERT INTO ENTITY_FIELD VALUES ('ALL','DATAFILE','DATAFILE_ID',1,'Long',10,0,'1','0','0',null,null,null,null,0,'0','0','Datafile Id','datafileId',null,null,null,null);
INSERT INTO ENTITY_FIELD VALUES ('ALL','DATAFILE','DATAFILE_TYPE_ID',2,'String',4,0,'0','0','0',null,null,null,null,0,'0','0','Datafile type Id','datafileTypeId',null,null,null,null);
INSERT INTO ENTITY_FIELD VALUES ('ALL','DATAFILE','BINARY_PATH',3,'String',200,0,'0','0','0',null,null,null,null,0,'0','0','Binary path','binaryPath',null,null,null,null);
INSERT INTO ENTITY_FIELD VALUES ('ALL','DATAFILE','BINARY_BYTES',4,'Long',10,0,'0','0','1',null,null,null,null,0,'0','0','Binary bytes','binaryBytes',null,null,null,null);
INSERT INTO ENTITY_FIELD VALUES ('ALL','DATAFILE','BINARY_OBJECT',5,'Blob',0,0,'0','0','1',null,null,null,null,0,'0','0','Binary object','binaryObject',null,null,null,null);
INSERT INTO ENTITY_FIELD VALUES ('ALL','DATAFILE','CHARACTER_DATA',6,'Clob',0,0,'0','0','1',null,null,null,null,0,'0','0','Character data','characterData',null,null,null,null);
INSERT INTO ENTITY_FIELD VALUES ('ALL','COUNTRY','COUNTRY_ID',1,'String',2,0,'1','0','0',null,null,null,null,0,'0','0','Country Id','countryId',null,null,null,null);
INSERT INTO ENTITY_FIELD VALUES ('ALL','COUNTRY','NAME',2,'String',40,0,'0','0','0',null,null,null,null,0,'0','0','Name of country','name',null,null,null,null);
INSERT INTO ENTITY_FIELD VALUES ('ALL','COUNTRY','AREA_CODE',3,'String',4,0,'0','0','1',null,null,null,null,0,'0','0','Area code','areaCode',null,null,null,null);
INSERT INTO ENTITY_FIELD VALUES ('ALL','PROVINCE','COUNTRY_ID',1,'String',2,0,'1','0','0',null,null,null,null,0,'0','0','Country Id','countryId',null,null,null,null);
INSERT INTO ENTITY_FIELD VALUES ('ALL','PROVINCE','PROVINCE_ID',2,'String',2,0,'1','0','0',null,null,null,null,0,'0','0','Province Id','provinceId',null,null,null,null);
INSERT INTO ENTITY_FIELD VALUES ('ALL','PROVINCE','NAME',3,'String',40,0,'0','0','0',null,null,null,null,0,'0','0','Name of province','name',null,null,null,null);
INSERT INTO ENTITY_FIELD VALUES ('ALL','CITY','COUNTRY_ID',1,'String',2,0,'1','0','0',null,null,null,null,0,'0','0','Country Id','countryId',null,null,null,null);
INSERT INTO ENTITY_FIELD VALUES ('ALL','CITY','PROVINCE_ID',2,'String',2,0,'1','0','0',null,null,null,null,0,'0','0','Province Id','provinceId',null,null,null,null);
INSERT INTO ENTITY_FIELD VALUES ('ALL','CITY','CITY_ID',3,'String',3,0,'1','0','0',null,null,null,null,0,'0','0','City Id','cityId',null,null,null,null);
INSERT INTO ENTITY_FIELD VALUES ('ALL','CITY','NAME',4,'String',40,0,'0','0','0',null,null,null,null,0,'0','0','Name of city','name',null,null,null,null);
INSERT INTO ENTITY_FIELD VALUES ('ALL','DISTRICT','COUNTRY_ID',1,'String',2,0,'1','0','0',null,null,null,null,0,'0','0','Country Id','countryId',null,null,null,null);
INSERT INTO ENTITY_FIELD VALUES ('ALL','DISTRICT','PROVINCE_ID',2,'String',2,0,'1','0','0',null,null,null,null,0,'0','0','Province Id','provinceId',null,null,null,null);
INSERT INTO ENTITY_FIELD VALUES ('ALL','DISTRICT','CITY_ID',3,'String',3,0,'1','0','0',null,null,null,null,0,'0','0','City Id','cityId',null,null,null,null);
INSERT INTO ENTITY_FIELD VALUES ('ALL','DISTRICT','DISTRICT_ID',4,'String',4,0,'1','0','0',null,null,null,null,0,'0','0','District Id','districtId',null,null,null,null);
INSERT INTO ENTITY_FIELD VALUES ('ALL','DISTRICT','NAME',5,'String',40,0,'0','0','0',null,null,null,null,0,'0','0','Name of district','name',null,null,null,null);
INSERT INTO ENTITY_FIELD VALUES ('ALL','BRANCH','BRANCH_ID',1,'String',4,0,'1','0','0',null,null,null,null,0,'0','0','Branch Id','branchId',null,null,null,null);
INSERT INTO ENTITY_FIELD VALUES ('ALL','BRANCH','NAME',2,'String',40,0,'0','0','0',null,null,null,null,0,'0','0','Name of branch','name',null,null,null,null);
INSERT INTO ENTITY_FIELD VALUES ('ALL','OFFICE','BRANCH_ID',1,'String',4,0,'1','0','0',null,null,null,null,0,'0','0','Branch Id','branchId',null,null,null,null);
INSERT INTO ENTITY_FIELD VALUES ('ALL','OFFICE','OFFICE_ID',2,'String',4,0,'1','0','0',null,null,null,null,0,'0','0','Office Id','officeId',null,null,null,null);
INSERT INTO ENTITY_FIELD VALUES ('ALL','OFFICE','NAME',3,'String',40,0,'0','0','0',null,null,null,null,0,'0','0','Name of office','name',null,null,null,null);
INSERT INTO ENTITY_FIELD VALUES ('ALL','OFFICE','COUNTRY_ID',4,'String',2,0,'0','0','1',null,null,null,null,0,'0','0','Country Id','countryId',null,null,null,null);
INSERT INTO ENTITY_FIELD VALUES ('ALL','OFFICE','PROVINCE_ID',5,'String',2,0,'0','0','1',null,null,null,null,0,'0','0','Province Id','provinceId',null,null,null,null);
INSERT INTO ENTITY_FIELD VALUES ('ALL','OFFICE','CITY_ID',6,'String',3,0,'0','0','1',null,null,null,null,0,'0','0','City Id','cityId',null,null,null,null);
INSERT INTO ENTITY_FIELD VALUES ('ALL','DEPARTMENT','BRANCH_ID',1,'String',4,0,'1','0','0',null,null,null,null,0,'0','0','Branch Id','branchId',null,null,null,null);
INSERT INTO ENTITY_FIELD VALUES ('ALL','DEPARTMENT','OFFICE_ID',2,'String',4,0,'1','0','0',null,null,null,null,0,'0','0','Office Id','officeId',null,null,null,null);
INSERT INTO ENTITY_FIELD VALUES ('ALL','DEPARTMENT','DEPARTMENT_ID',3,'String',4,0,'1','0','0',null,null,null,null,0,'0','0','Department Id','departmentId',null,null,null,null);
INSERT INTO ENTITY_FIELD VALUES ('ALL','DEPARTMENT','NAME',4,'String',40,0,'0','0','0',null,null,null,null,0,'0','0','Name of department','name',null,null,null,null);

INSERT INTO ENTITY_RELATIONSHIP VALUES ('ALL','PARAMETER_COMPANY_FK',1,'PARAMETER','COMPANY_ID','COMPANY','COMPANY_ID');
INSERT INTO ENTITY_RELATIONSHIP VALUES ('ALL','RESPONSE_COMPANY_FK',1,'RESPONSE','COMPANY_ID','COMPANY','COMPANY_ID');
INSERT INTO ENTITY_RELATIONSHIP VALUES ('ALL','DATAFILE_COMPANY_FK',1,'DATAFILE','COMPANY_ID','COMPANY','COMPANY_ID');
INSERT INTO ENTITY_RELATIONSHIP VALUES ('ALL','COUNTRY_COMPANY_FK',1,'COUNTRY','COMPANY_ID','COMPANY','COMPANY_ID');
INSERT INTO ENTITY_RELATIONSHIP VALUES ('ALL','PROVINCE_COMPANY_FK',1,'PROVINCE','COMPANY_ID','COMPANY','COMPANY_ID');
INSERT INTO ENTITY_RELATIONSHIP VALUES ('ALL','CITY_COMPANY_FK',1,'CITY','COMPANY_ID','COMPANY','COMPANY_ID');
INSERT INTO ENTITY_RELATIONSHIP VALUES ('ALL','DISTRICT_COMPANY_FK',1,'DISTRICT','COMPANY_ID','COMPANY','COMPANY_ID');
INSERT INTO ENTITY_RELATIONSHIP VALUES ('ALL','BRANCH_COMPANY_FK',1,'BRANCH','COMPANY_ID','COMPANY','COMPANY_ID');
INSERT INTO ENTITY_RELATIONSHIP VALUES ('ALL','OFFICE_COMPANY_FK',1,'OFFICE','COMPANY_ID','COMPANY','COMPANY_ID');
INSERT INTO ENTITY_RELATIONSHIP VALUES ('ALL','DEPARTMENT_COMPANY_FK',1,'DEPARTMENT','COMPANY_ID','COMPANY','COMPANY_ID');
INSERT INTO ENTITY_RELATIONSHIP VALUES ('ALL','RESPONSE_LANGUAGE_FK',1,'RESPONSE','LANGUAGE_ID','LANGUAGE','LANGUAGE_ID');
INSERT INTO ENTITY_RELATIONSHIP VALUES ('ALL','COUNTRY_LANGUAGE_FK',1,'COUNTRY','LANGUAGE_ID','LANGUAGE','LANGUAGE_ID');
INSERT INTO ENTITY_RELATIONSHIP VALUES ('ALL','PROVINCE_LANGUAGE_FK',1,'PROVINCE','LANGUAGE_ID','LANGUAGE','LANGUAGE_ID');
INSERT INTO ENTITY_RELATIONSHIP VALUES ('ALL','CITY_LANGUAGE_FK',1,'CITY','LANGUAGE_ID','LANGUAGE','LANGUAGE_ID');
INSERT INTO ENTITY_RELATIONSHIP VALUES ('ALL','DISTRICT_LANGUAGE_FK',1,'DISTRICT','LANGUAGE_ID','LANGUAGE','LANGUAGE_ID');
INSERT INTO ENTITY_RELATIONSHIP VALUES ('ALL','DEPARTMENT_LANGUAGE_FK',1,'DEPARTMENT','LANGUAGE_ID','LANGUAGE','LANGUAGE_ID');
INSERT INTO ENTITY_RELATIONSHIP VALUES ('ALL','PARAMETER_PARAMETER_ID_FK',1,'PARAMETER','PARAMETER_ID','PARAMETER_ID','PARAMETER_ID');
INSERT INTO ENTITY_RELATIONSHIP VALUES ('ALL','RESPONSE_RESPONSE_ID_FK',1,'RESPONSE','RESPONSE_ID','RESPONSE_ID','RESPONSE_ID');
INSERT INTO ENTITY_RELATIONSHIP VALUES ('ALL','DATAFILE_DATAFILE_ID_FK',1,'DATAFILE','DATAFILE_ID','DATAFILE_ID','DATAFILE_ID');
INSERT INTO ENTITY_RELATIONSHIP VALUES ('ALL','COUNTRY_COUNTRY_ID_FK',1,'COUNTRY','COUNTRY_ID','COUNTRY_ID','COUNTRY_ID');
INSERT INTO ENTITY_RELATIONSHIP VALUES ('ALL','PROVINCE_PROVINCE_ID_FK',1,'PROVINCE','COUNTRY_ID','PROVINCE_ID','COUNTRY_ID');
INSERT INTO ENTITY_RELATIONSHIP VALUES ('ALL','PROVINCE_PROVINCE_ID_FK',2,'PROVINCE','PROVINCE_ID','PROVINCE_ID','PROVINCE_ID');
INSERT INTO ENTITY_RELATIONSHIP VALUES ('ALL','CITY_CITY_ID_FK',1,'CITY','COUNTRY_ID','CITY_ID','COUNTRY_ID');
INSERT INTO ENTITY_RELATIONSHIP VALUES ('ALL','CITY_CITY_ID_FK',2,'CITY','PROVINCE_ID','CITY_ID','PROVINCE_ID');
INSERT INTO ENTITY_RELATIONSHIP VALUES ('ALL','CITY_CITY_ID_FK',3,'CITY','CITY_ID','CITY_ID','CITY_ID');
INSERT INTO ENTITY_RELATIONSHIP VALUES ('ALL','DISTRICT_DISTRICT_ID_FK',1,'DISTRICT','COUNTRY_ID','DISTRICT_ID','COUNTRY_ID');
INSERT INTO ENTITY_RELATIONSHIP VALUES ('ALL','DISTRICT_DISTRICT_ID_FK',2,'DISTRICT','PROVINCE_ID','DISTRICT_ID','PROVINCE_ID');
INSERT INTO ENTITY_RELATIONSHIP VALUES ('ALL','DISTRICT_DISTRICT_ID_FK',3,'DISTRICT','CITY_ID','DISTRICT_ID','CITY_ID');
INSERT INTO ENTITY_RELATIONSHIP VALUES ('ALL','DISTRICT_DISTRICT_ID_FK',4,'DISTRICT','DISTRICT_ID','DISTRICT_ID','DISTRICT_ID');
INSERT INTO ENTITY_RELATIONSHIP VALUES ('ALL','BRANCH_BRANCH_ID_FK',1,'BRANCH','BRANCH_ID','BRANCH_ID','BRANCH_ID');
INSERT INTO ENTITY_RELATIONSHIP VALUES ('ALL','OFFICE_OFFICE_ID_FK',1,'OFFICE','BRANCH_ID','OFFICE_ID','BRANCH_ID');
INSERT INTO ENTITY_RELATIONSHIP VALUES ('ALL','OFFICE_OFFICE_ID_FK',2,'OFFICE','OFFICE_ID','OFFICE_ID','OFFICE_ID');
INSERT INTO ENTITY_RELATIONSHIP VALUES ('ALL','DEPARTMENT_DEPARTMENT_ID_FK',1,'DEPARTMENT','BRANCH_ID','DEPARTMENT_ID','BRANCH_ID');
INSERT INTO ENTITY_RELATIONSHIP VALUES ('ALL','DEPARTMENT_DEPARTMENT_ID_FK',2,'DEPARTMENT','OFFICE_ID','DEPARTMENT_ID','OFFICE_ID');
INSERT INTO ENTITY_RELATIONSHIP VALUES ('ALL','DEPARTMENT_DEPARTMENT_ID_FK',3,'DEPARTMENT','DEPARTMENT_ID','DEPARTMENT_ID','DEPARTMENT_ID');
INSERT INTO ENTITY_RELATIONSHIP VALUES ('ALL','PARAMETER_DATA_TYPE_FK',1,'PARAMETER','DATA_TYPE_ID','DATA_TYPE','DATA_TYPE_ID');
INSERT INTO ENTITY_RELATIONSHIP VALUES ('ALL','DATAFILE_DATAFILE_TYPE_FK',1,'DATAFILE','DATAFILE_TYPE_ID','DATAFILE_TYPE','DATAFILE_TYPE_ID');
INSERT INTO ENTITY_RELATIONSHIP VALUES ('ALL','PROVINCE_ID_COUNTRY_ID_FK',1,'PROVINCE_ID','COUNTRY_ID','COUNTRY_ID','COUNTRY_ID');
INSERT INTO ENTITY_RELATIONSHIP VALUES ('ALL','CITY_ID_PROVINCE_ID_FK',1,'CITY_ID','COUNTRY_ID','PROVINCE_ID','COUNTRY_ID');
INSERT INTO ENTITY_RELATIONSHIP VALUES ('ALL','CITY_ID_PROVINCE_ID_FK',2,'CITY_ID','PROVINCE_ID','PROVINCE_ID','PROVINCE_ID');
INSERT INTO ENTITY_RELATIONSHIP VALUES ('ALL','DISTRICT_ID_CITY_ID_FK',1,'DISTRICT_ID','COUNTRY_ID','CITY_ID','COUNTRY_ID');
INSERT INTO ENTITY_RELATIONSHIP VALUES ('ALL','DISTRICT_ID_CITY_ID_FK',2,'DISTRICT_ID','PROVINCE_ID','CITY_ID','PROVINCE_ID');
INSERT INTO ENTITY_RELATIONSHIP VALUES ('ALL','DISTRICT_ID_CITY_ID_FK',3,'DISTRICT_ID','CITY_ID','CITY_ID','CITY_ID');
INSERT INTO ENTITY_RELATIONSHIP VALUES ('ALL','OFFICE_ID_BRANCH_ID_FK',1,'OFFICE_ID','BRANCH_ID','BRANCH_ID','BRANCH_ID');
INSERT INTO ENTITY_RELATIONSHIP VALUES ('ALL','DEPARTMENT_ID_OFFICE_ID_FK',1,'DEPARTMENT_ID','BRANCH_ID','OFFICE_ID','BRANCH_ID');
INSERT INTO ENTITY_RELATIONSHIP VALUES ('ALL','DEPARTMENT_ID_OFFICE_ID_FK',2,'DEPARTMENT_ID','OFFICE_ID','OFFICE_ID','OFFICE_ID');
