DELETE FROM ENTITY_RELATIONSHIP WHERE RELATIONSHIP_ID = 'SERVICE_ID_FK';
DELETE FROM ENTITY_RELATIONSHIP WHERE RELATIONSHIP_ID = 'MESSAGE_TYPE_ID_FK';
DELETE FROM ENTITY_RELATIONSHIP WHERE RELATIONSHIP_ID = 'SERVICE_COMPANY_FK';
DELETE FROM ENTITY_RELATIONSHIP WHERE RELATIONSHIP_ID = 'SERVICE_PARAMETER_COMPANY_FK';
DELETE FROM ENTITY_RELATIONSHIP WHERE RELATIONSHIP_ID = 'MESSAGE_TYPE_COMPANY_FK';
DELETE FROM ENTITY_RELATIONSHIP WHERE RELATIONSHIP_ID = 'MESSAGE_FIELD_COMPANY_FK';
DELETE FROM ENTITY_RELATIONSHIP WHERE RELATIONSHIP_ID = 'MESSAGE_MAP_COMPANY_FK';
DELETE FROM ENTITY_RELATIONSHIP WHERE RELATIONSHIP_ID = 'MESSAGE_COPY_COMPANY_FK';
DELETE FROM ENTITY_RELATIONSHIP WHERE RELATIONSHIP_ID = 'MESSAGE_ROUTER_COMPANY_FK';
DELETE FROM ENTITY_RELATIONSHIP WHERE RELATIONSHIP_ID = 'MESSAGE_LOG_COMPANY_FK';
DELETE FROM ENTITY_RELATIONSHIP WHERE RELATIONSHIP_ID = 'CONTROLLER_COMPONENT_ID_FK';
DELETE FROM ENTITY_RELATIONSHIP WHERE RELATIONSHIP_ID = 'SERVICE_SERVICE_ID_FK';
DELETE FROM ENTITY_RELATIONSHIP WHERE RELATIONSHIP_ID = 'SERVICE_CHANNEL_ID_FK';
DELETE FROM ENTITY_RELATIONSHIP WHERE RELATIONSHIP_ID = 'SERVICE_CONTROLLER_ID_FK';
DELETE FROM ENTITY_RELATIONSHIP WHERE RELATIONSHIP_ID = 'SERVICE_PARAM_SERVICE_ID_FK';
DELETE FROM ENTITY_RELATIONSHIP WHERE RELATIONSHIP_ID = 'SERVICE_PARAM_PARAMETER_ID_FK';
DELETE FROM ENTITY_RELATIONSHIP WHERE RELATIONSHIP_ID = 'MESSAGE_TYPE_COMPONENT_ID_FK';
DELETE FROM ENTITY_RELATIONSHIP WHERE RELATIONSHIP_ID = 'MESSAGE_FIELD_MESS_TYPE_ID_FK';
DELETE FROM ENTITY_RELATIONSHIP WHERE RELATIONSHIP_ID = 'MESSAGE_MAP_MESSAGE_TYPE_ID_FK';
DELETE FROM ENTITY_RELATIONSHIP WHERE RELATIONSHIP_ID = 'MESSAGE_MAP_TYPE_ID_FK';
DELETE FROM ENTITY_RELATIONSHIP WHERE RELATIONSHIP_ID = 'MESSAGE_MAP_COMPONENT_ID_FK';
DELETE FROM ENTITY_RELATIONSHIP WHERE RELATIONSHIP_ID = 'MESSAGE_COPY_MESS_TYPE_ID_FK';
DELETE FROM ENTITY_RELATIONSHIP WHERE RELATIONSHIP_ID = 'MESSAGE_COPY_TYPE_ID_FK';
DELETE FROM ENTITY_RELATIONSHIP WHERE RELATIONSHIP_ID = 'MESSAGE_ROUTER_SERV_ID_FK';
DELETE FROM ENTITY_RELATIONSHIP WHERE RELATIONSHIP_ID = 'MESSAGE_ROUTER_MESS_TYPE_ID_FK';
DELETE FROM ENTITY_RELATIONSHIP WHERE RELATIONSHIP_ID = 'MESSAGE_ROUTER_PROCESS_ID_FK';
DELETE FROM ENTITY_RELATIONSHIP WHERE RELATIONSHIP_ID = 'MESSAGE_ROUTER_PROCESS_ID_FK';
DELETE FROM ENTITY_RELATIONSHIP WHERE RELATIONSHIP_ID = 'MESSAGE_ROUTER_PROCESS_ID_FK';
DELETE FROM ENTITY_RELATIONSHIP WHERE RELATIONSHIP_ID = 'MESSAGE_ROUTER_SERVICE_ID_FK';
DELETE FROM ENTITY_RELATIONSHIP WHERE RELATIONSHIP_ID = 'MESSAGE_ROUTER_TYPE_ID_FK';
DELETE FROM ENTITY_RELATIONSHIP WHERE RELATIONSHIP_ID = 'MESSAGE_LOG_SERVICE_ID_FK';
DELETE FROM ENTITY_RELATIONSHIP WHERE RELATIONSHIP_ID = 'MESSAGE_LOG_MESSAGE_TYPE_ID_FK';
DELETE FROM ENTITY_RELATIONSHIP WHERE RELATIONSHIP_ID = 'MESSAGE_LOG_HOST_ID_FK';
DELETE FROM ENTITY_RELATIONSHIP WHERE RELATIONSHIP_ID = 'MESSAGE_LOG_USER_ACCOUNT_ID_FK';
DELETE FROM ENTITY_RELATIONSHIP WHERE RELATIONSHIP_ID = 'MESSAGE_LOG_PROCESS_ID_FK';
DELETE FROM ENTITY_RELATIONSHIP WHERE RELATIONSHIP_ID = 'MESSAGE_LOG_PROCESS_ID_FK';
DELETE FROM ENTITY_RELATIONSHIP WHERE RELATIONSHIP_ID = 'MESSAGE_LOG_PROCESS_ID_FK';

DELETE FROM ENTITY_FIELD  WHERE TABLE_ID = 'SERVER' AND FIELD_ID = 'SERVER_ID';
DELETE FROM ENTITY_FIELD  WHERE TABLE_ID = 'SERVER' AND FIELD_ID = 'NAME';
DELETE FROM ENTITY_FIELD  WHERE TABLE_ID = 'SERVER' AND FIELD_ID = 'URL';
DELETE FROM ENTITY_FIELD  WHERE TABLE_ID = 'CHANNEL' AND FIELD_ID = 'CHANNEL_ID';
DELETE FROM ENTITY_FIELD  WHERE TABLE_ID = 'CHANNEL' AND FIELD_ID = 'NAME';
DELETE FROM ENTITY_FIELD  WHERE TABLE_ID = 'CONTROLLER' AND FIELD_ID = 'CONTROLLER_ID';
DELETE FROM ENTITY_FIELD  WHERE TABLE_ID = 'CONTROLLER' AND FIELD_ID = 'NAME';
DELETE FROM ENTITY_FIELD  WHERE TABLE_ID = 'CONTROLLER' AND FIELD_ID = 'COMPONENT_ID';
DELETE FROM ENTITY_FIELD  WHERE TABLE_ID = 'SERVICE' AND FIELD_ID = 'SERVICE_ID';
DELETE FROM ENTITY_FIELD  WHERE TABLE_ID = 'SERVICE' AND FIELD_ID = 'NAME';
DELETE FROM ENTITY_FIELD  WHERE TABLE_ID = 'SERVICE' AND FIELD_ID = 'SERVER_ID';
DELETE FROM ENTITY_FIELD  WHERE TABLE_ID = 'SERVICE' AND FIELD_ID = 'CHANNEL_ID';
DELETE FROM ENTITY_FIELD  WHERE TABLE_ID = 'SERVICE' AND FIELD_ID = 'CONTROLLER_ID';
DELETE FROM ENTITY_FIELD  WHERE TABLE_ID = 'SERVICE' AND FIELD_ID = 'ENABLE';
DELETE FROM ENTITY_FIELD  WHERE TABLE_ID = 'SERVICE' AND FIELD_ID = 'ONLINE';
DELETE FROM ENTITY_FIELD  WHERE TABLE_ID = 'SERVICE_PARAMETER' AND FIELD_ID = 'SERVICE_ID';
DELETE FROM ENTITY_FIELD  WHERE TABLE_ID = 'SERVICE_PARAMETER' AND FIELD_ID = 'PARAMETER_ID';
DELETE FROM ENTITY_FIELD  WHERE TABLE_ID = 'MESSAGE_TYPE' AND FIELD_ID = 'MESSAGE_TYPE_ID';
DELETE FROM ENTITY_FIELD  WHERE TABLE_ID = 'MESSAGE_TYPE' AND FIELD_ID = 'NAME';
DELETE FROM ENTITY_FIELD  WHERE TABLE_ID = 'MESSAGE_TYPE' AND FIELD_ID = 'COMPONENT_ID';
DELETE FROM ENTITY_FIELD  WHERE TABLE_ID = 'MESSAGE_FIELD' AND FIELD_ID = 'MESSAGE_TYPE_ID';
DELETE FROM ENTITY_FIELD  WHERE TABLE_ID = 'MESSAGE_FIELD' AND FIELD_ID = 'FIELD_NAME';
DELETE FROM ENTITY_FIELD  WHERE TABLE_ID = 'MESSAGE_FIELD' AND FIELD_ID = 'FIELD_ORDER';
DELETE FROM ENTITY_FIELD  WHERE TABLE_ID = 'MESSAGE_FIELD' AND FIELD_ID = 'FIELD_INIT';
DELETE FROM ENTITY_FIELD  WHERE TABLE_ID = 'MESSAGE_FIELD' AND FIELD_ID = 'FIELD_LENGTH';
DELETE FROM ENTITY_FIELD  WHERE TABLE_ID = 'MESSAGE_FIELD' AND FIELD_ID = 'FIELD_FILLED';
DELETE FROM ENTITY_FIELD  WHERE TABLE_ID = 'MESSAGE_FIELD' AND FIELD_ID = 'FIELD_ALIGN';
DELETE FROM ENTITY_FIELD  WHERE TABLE_ID = 'MESSAGE_FIELD' AND FIELD_ID = 'FIELD_VALUE';
DELETE FROM ENTITY_FIELD  WHERE TABLE_ID = 'MESSAGE_MAP' AND FIELD_ID = 'MESSAGE_TYPE_ID';
DELETE FROM ENTITY_FIELD  WHERE TABLE_ID = 'MESSAGE_MAP' AND FIELD_ID = 'FIELD_NAME';
DELETE FROM ENTITY_FIELD  WHERE TABLE_ID = 'MESSAGE_MAP' AND FIELD_ID = 'MESSAGE_TYPE_MAP';
DELETE FROM ENTITY_FIELD  WHERE TABLE_ID = 'MESSAGE_MAP' AND FIELD_ID = 'FIELD_NAME_MAP';
DELETE FROM ENTITY_FIELD  WHERE TABLE_ID = 'MESSAGE_MAP' AND FIELD_ID = 'OPERATION';
DELETE FROM ENTITY_FIELD  WHERE TABLE_ID = 'MESSAGE_MAP' AND FIELD_ID = 'CONSTANT';
DELETE FROM ENTITY_FIELD  WHERE TABLE_ID = 'MESSAGE_MAP' AND FIELD_ID = 'COMPONENT_ID';
DELETE FROM ENTITY_FIELD  WHERE TABLE_ID = 'MESSAGE_COPY' AND FIELD_ID = 'MESSAGE_TYPE_ID';
DELETE FROM ENTITY_FIELD  WHERE TABLE_ID = 'MESSAGE_COPY' AND FIELD_ID = 'FIELD_NAME';
DELETE FROM ENTITY_FIELD  WHERE TABLE_ID = 'MESSAGE_COPY' AND FIELD_ID = 'MESSAGE_TYPE_COPY';
DELETE FROM ENTITY_FIELD  WHERE TABLE_ID = 'MESSAGE_COPY' AND FIELD_ID = 'FIELD_NAME_COPY';
DELETE FROM ENTITY_FIELD  WHERE TABLE_ID = 'MESSAGE_COPY' AND FIELD_ID = 'COPY_SEQUENCE';
DELETE FROM ENTITY_FIELD  WHERE TABLE_ID = 'MESSAGE_COPY' AND FIELD_ID = 'FIELD_VALUE';
DELETE FROM ENTITY_FIELD  WHERE TABLE_ID = 'MESSAGE_COPY' AND FIELD_ID = 'FIELD_VALUE_COPY';
DELETE FROM ENTITY_FIELD  WHERE TABLE_ID = 'MESSAGE_ROUTER' AND FIELD_ID = 'SERVICE_ID';
DELETE FROM ENTITY_FIELD  WHERE TABLE_ID = 'MESSAGE_ROUTER' AND FIELD_ID = 'MESSAGE_TYPE_ID';
DELETE FROM ENTITY_FIELD  WHERE TABLE_ID = 'MESSAGE_ROUTER' AND FIELD_ID = 'SUBSYSTEM_ID';
DELETE FROM ENTITY_FIELD  WHERE TABLE_ID = 'MESSAGE_ROUTER' AND FIELD_ID = 'MODULE_ID';
DELETE FROM ENTITY_FIELD  WHERE TABLE_ID = 'MESSAGE_ROUTER' AND FIELD_ID = 'PROCESS_ID';
DELETE FROM ENTITY_FIELD  WHERE TABLE_ID = 'MESSAGE_ROUTER' AND FIELD_ID = 'ROUTER_SEQUENCE';
DELETE FROM ENTITY_FIELD  WHERE TABLE_ID = 'MESSAGE_ROUTER' AND FIELD_ID = 'SERVICE_ROUTER';
DELETE FROM ENTITY_FIELD  WHERE TABLE_ID = 'MESSAGE_ROUTER' AND FIELD_ID = 'MESSAGE_TYPE_ROUTER';
DELETE FROM ENTITY_FIELD  WHERE TABLE_ID = 'MESSAGE_ROUTER' AND FIELD_ID = 'TIMEOUT';
DELETE FROM ENTITY_FIELD  WHERE TABLE_ID = 'MESSAGE_LOG' AND FIELD_ID = 'MESSAGE_ID';
DELETE FROM ENTITY_FIELD  WHERE TABLE_ID = 'MESSAGE_LOG' AND FIELD_ID = 'MESSAGE_INOUT';
DELETE FROM ENTITY_FIELD  WHERE TABLE_ID = 'MESSAGE_LOG' AND FIELD_ID = 'SERVICE_ID';
DELETE FROM ENTITY_FIELD  WHERE TABLE_ID = 'MESSAGE_LOG' AND FIELD_ID = 'MESSAGE_TYPE_ID';
DELETE FROM ENTITY_FIELD  WHERE TABLE_ID = 'MESSAGE_LOG' AND FIELD_ID = 'HOST_ID';
DELETE FROM ENTITY_FIELD  WHERE TABLE_ID = 'MESSAGE_LOG' AND FIELD_ID = 'USER_ID';
DELETE FROM ENTITY_FIELD  WHERE TABLE_ID = 'MESSAGE_LOG' AND FIELD_ID = 'SUBSYSTEM_ID';
DELETE FROM ENTITY_FIELD  WHERE TABLE_ID = 'MESSAGE_LOG' AND FIELD_ID = 'MODULE_ID';
DELETE FROM ENTITY_FIELD  WHERE TABLE_ID = 'MESSAGE_LOG' AND FIELD_ID = 'PROCESS_ID';
DELETE FROM ENTITY_FIELD  WHERE TABLE_ID = 'MESSAGE_LOG' AND FIELD_ID = 'PROCESSING_TIME';
DELETE FROM ENTITY_FIELD  WHERE TABLE_ID = 'MESSAGE_LOG' AND FIELD_ID = 'MESSAGE_TEXT';
DELETE FROM ENTITY_FIELD  WHERE TABLE_ID = 'MESSAGE_LOG' AND FIELD_ID = 'RESPONSE_ID';
DELETE FROM ENTITY_FIELD  WHERE TABLE_ID = 'MESSAGE_LOG' AND FIELD_ID = 'REVERSE_ID';

DELETE FROM ENTITY_FIELD_ID WHERE TABLE_ID = 'SERVER' AND FIELD_ID = 'SERVER_ID';
DELETE FROM ENTITY_FIELD_ID WHERE TABLE_ID = 'SERVER' AND FIELD_ID = 'NAME';
DELETE FROM ENTITY_FIELD_ID WHERE TABLE_ID = 'SERVER' AND FIELD_ID = 'URL';
DELETE FROM ENTITY_FIELD_ID WHERE TABLE_ID = 'CHANNEL' AND FIELD_ID = 'CHANNEL_ID';
DELETE FROM ENTITY_FIELD_ID WHERE TABLE_ID = 'CHANNEL' AND FIELD_ID = 'NAME';
DELETE FROM ENTITY_FIELD_ID WHERE TABLE_ID = 'CONTROLLER' AND FIELD_ID = 'CONTROLLER_ID';
DELETE FROM ENTITY_FIELD_ID WHERE TABLE_ID = 'CONTROLLER' AND FIELD_ID = 'NAME';
DELETE FROM ENTITY_FIELD_ID WHERE TABLE_ID = 'CONTROLLER' AND FIELD_ID = 'COMPONENT_ID';
DELETE FROM ENTITY_FIELD_ID WHERE TABLE_ID = 'SERVICE_ID' AND FIELD_ID = 'SERVICE_ID';
DELETE FROM ENTITY_FIELD_ID WHERE TABLE_ID = 'SERVICE' AND FIELD_ID = 'COMPANY_ID';
DELETE FROM ENTITY_FIELD_ID WHERE TABLE_ID = 'SERVICE' AND FIELD_ID = 'SERVICE_ID';
DELETE FROM ENTITY_FIELD_ID WHERE TABLE_ID = 'SERVICE' AND FIELD_ID = 'NAME';
DELETE FROM ENTITY_FIELD_ID WHERE TABLE_ID = 'SERVICE' AND FIELD_ID = 'SERVER_ID';
DELETE FROM ENTITY_FIELD_ID WHERE TABLE_ID = 'SERVICE' AND FIELD_ID = 'CHANNEL_ID';
DELETE FROM ENTITY_FIELD_ID WHERE TABLE_ID = 'SERVICE' AND FIELD_ID = 'CONTROLLER_ID';
DELETE FROM ENTITY_FIELD_ID WHERE TABLE_ID = 'SERVICE' AND FIELD_ID = 'ENABLE';
DELETE FROM ENTITY_FIELD_ID WHERE TABLE_ID = 'SERVICE' AND FIELD_ID = 'ONLINE';
DELETE FROM ENTITY_FIELD_ID WHERE TABLE_ID = 'SERVICE_PARAMETER' AND FIELD_ID = 'COMPANY_ID';
DELETE FROM ENTITY_FIELD_ID WHERE TABLE_ID = 'SERVICE_PARAMETER' AND FIELD_ID = 'SERVICE_ID';
DELETE FROM ENTITY_FIELD_ID WHERE TABLE_ID = 'SERVICE_PARAMETER' AND FIELD_ID = 'PARAMETER_ID';
DELETE FROM ENTITY_FIELD_ID WHERE TABLE_ID = 'MESSAGE_TYPE_ID' AND FIELD_ID = 'MESSAGE_TYPE_ID';
DELETE FROM ENTITY_FIELD_ID WHERE TABLE_ID = 'MESSAGE_TYPE' AND FIELD_ID = 'COMPANY_ID';
DELETE FROM ENTITY_FIELD_ID WHERE TABLE_ID = 'MESSAGE_TYPE' AND FIELD_ID = 'MESSAGE_TYPE_ID';
DELETE FROM ENTITY_FIELD_ID WHERE TABLE_ID = 'MESSAGE_TYPE' AND FIELD_ID = 'NAME';
DELETE FROM ENTITY_FIELD_ID WHERE TABLE_ID = 'MESSAGE_TYPE' AND FIELD_ID = 'COMPONENT_ID';
DELETE FROM ENTITY_FIELD_ID WHERE TABLE_ID = 'MESSAGE_FIELD' AND FIELD_ID = 'COMPANY_ID';
DELETE FROM ENTITY_FIELD_ID WHERE TABLE_ID = 'MESSAGE_FIELD' AND FIELD_ID = 'MESSAGE_TYPE_ID';
DELETE FROM ENTITY_FIELD_ID WHERE TABLE_ID = 'MESSAGE_FIELD' AND FIELD_ID = 'FIELD_NAME';
DELETE FROM ENTITY_FIELD_ID WHERE TABLE_ID = 'MESSAGE_FIELD' AND FIELD_ID = 'FIELD_ORDER';
DELETE FROM ENTITY_FIELD_ID WHERE TABLE_ID = 'MESSAGE_FIELD' AND FIELD_ID = 'FIELD_INIT';
DELETE FROM ENTITY_FIELD_ID WHERE TABLE_ID = 'MESSAGE_FIELD' AND FIELD_ID = 'FIELD_LENGTH';
DELETE FROM ENTITY_FIELD_ID WHERE TABLE_ID = 'MESSAGE_FIELD' AND FIELD_ID = 'FIELD_FILLED';
DELETE FROM ENTITY_FIELD_ID WHERE TABLE_ID = 'MESSAGE_FIELD' AND FIELD_ID = 'FIELD_ALIGN';
DELETE FROM ENTITY_FIELD_ID WHERE TABLE_ID = 'MESSAGE_FIELD' AND FIELD_ID = 'FIELD_VALUE';
DELETE FROM ENTITY_FIELD_ID WHERE TABLE_ID = 'MESSAGE_MAP' AND FIELD_ID = 'COMPANY_ID';
DELETE FROM ENTITY_FIELD_ID WHERE TABLE_ID = 'MESSAGE_MAP' AND FIELD_ID = 'MESSAGE_TYPE_ID';
DELETE FROM ENTITY_FIELD_ID WHERE TABLE_ID = 'MESSAGE_MAP' AND FIELD_ID = 'FIELD_NAME';
DELETE FROM ENTITY_FIELD_ID WHERE TABLE_ID = 'MESSAGE_MAP' AND FIELD_ID = 'MESSAGE_TYPE_MAP';
DELETE FROM ENTITY_FIELD_ID WHERE TABLE_ID = 'MESSAGE_MAP' AND FIELD_ID = 'FIELD_NAME_MAP';
DELETE FROM ENTITY_FIELD_ID WHERE TABLE_ID = 'MESSAGE_MAP' AND FIELD_ID = 'OPERATION';
DELETE FROM ENTITY_FIELD_ID WHERE TABLE_ID = 'MESSAGE_MAP' AND FIELD_ID = 'CONSTANT';
DELETE FROM ENTITY_FIELD_ID WHERE TABLE_ID = 'MESSAGE_MAP' AND FIELD_ID = 'COMPONENT_ID';
DELETE FROM ENTITY_FIELD_ID WHERE TABLE_ID = 'MESSAGE_COPY' AND FIELD_ID = 'COMPANY_ID';
DELETE FROM ENTITY_FIELD_ID WHERE TABLE_ID = 'MESSAGE_COPY' AND FIELD_ID = 'MESSAGE_TYPE_ID';
DELETE FROM ENTITY_FIELD_ID WHERE TABLE_ID = 'MESSAGE_COPY' AND FIELD_ID = 'FIELD_NAME';
DELETE FROM ENTITY_FIELD_ID WHERE TABLE_ID = 'MESSAGE_COPY' AND FIELD_ID = 'MESSAGE_TYPE_COPY';
DELETE FROM ENTITY_FIELD_ID WHERE TABLE_ID = 'MESSAGE_COPY' AND FIELD_ID = 'FIELD_NAME_COPY';
DELETE FROM ENTITY_FIELD_ID WHERE TABLE_ID = 'MESSAGE_COPY' AND FIELD_ID = 'COPY_SEQUENCE';
DELETE FROM ENTITY_FIELD_ID WHERE TABLE_ID = 'MESSAGE_COPY' AND FIELD_ID = 'FIELD_VALUE';
DELETE FROM ENTITY_FIELD_ID WHERE TABLE_ID = 'MESSAGE_COPY' AND FIELD_ID = 'FIELD_VALUE_COPY';
DELETE FROM ENTITY_FIELD_ID WHERE TABLE_ID = 'MESSAGE_ROUTER' AND FIELD_ID = 'COMPANY_ID';
DELETE FROM ENTITY_FIELD_ID WHERE TABLE_ID = 'MESSAGE_ROUTER' AND FIELD_ID = 'SERVICE_ID';
DELETE FROM ENTITY_FIELD_ID WHERE TABLE_ID = 'MESSAGE_ROUTER' AND FIELD_ID = 'MESSAGE_TYPE_ID';
DELETE FROM ENTITY_FIELD_ID WHERE TABLE_ID = 'MESSAGE_ROUTER' AND FIELD_ID = 'SUBSYSTEM_ID';
DELETE FROM ENTITY_FIELD_ID WHERE TABLE_ID = 'MESSAGE_ROUTER' AND FIELD_ID = 'MODULE_ID';
DELETE FROM ENTITY_FIELD_ID WHERE TABLE_ID = 'MESSAGE_ROUTER' AND FIELD_ID = 'PROCESS_ID';
DELETE FROM ENTITY_FIELD_ID WHERE TABLE_ID = 'MESSAGE_ROUTER' AND FIELD_ID = 'ROUTER_SEQUENCE';
DELETE FROM ENTITY_FIELD_ID WHERE TABLE_ID = 'MESSAGE_ROUTER' AND FIELD_ID = 'SERVICE_ROUTER';
DELETE FROM ENTITY_FIELD_ID WHERE TABLE_ID = 'MESSAGE_ROUTER' AND FIELD_ID = 'MESSAGE_TYPE_ROUTER';
DELETE FROM ENTITY_FIELD_ID WHERE TABLE_ID = 'MESSAGE_ROUTER' AND FIELD_ID = 'TIMEOUT';
DELETE FROM ENTITY_FIELD_ID WHERE TABLE_ID = 'MESSAGE_LOG' AND FIELD_ID = 'COMPANY_ID';
DELETE FROM ENTITY_FIELD_ID WHERE TABLE_ID = 'MESSAGE_LOG' AND FIELD_ID = 'MESSAGE_ID';
DELETE FROM ENTITY_FIELD_ID WHERE TABLE_ID = 'MESSAGE_LOG' AND FIELD_ID = 'MESSAGE_INOUT';
DELETE FROM ENTITY_FIELD_ID WHERE TABLE_ID = 'MESSAGE_LOG' AND FIELD_ID = 'SERVICE_ID';
DELETE FROM ENTITY_FIELD_ID WHERE TABLE_ID = 'MESSAGE_LOG' AND FIELD_ID = 'MESSAGE_TYPE_ID';
DELETE FROM ENTITY_FIELD_ID WHERE TABLE_ID = 'MESSAGE_LOG' AND FIELD_ID = 'HOST_ID';
DELETE FROM ENTITY_FIELD_ID WHERE TABLE_ID = 'MESSAGE_LOG' AND FIELD_ID = 'USER_ID';
DELETE FROM ENTITY_FIELD_ID WHERE TABLE_ID = 'MESSAGE_LOG' AND FIELD_ID = 'SUBSYSTEM_ID';
DELETE FROM ENTITY_FIELD_ID WHERE TABLE_ID = 'MESSAGE_LOG' AND FIELD_ID = 'MODULE_ID';
DELETE FROM ENTITY_FIELD_ID WHERE TABLE_ID = 'MESSAGE_LOG' AND FIELD_ID = 'PROCESS_ID';
DELETE FROM ENTITY_FIELD_ID WHERE TABLE_ID = 'MESSAGE_LOG' AND FIELD_ID = 'PROCESSING_TIME';
DELETE FROM ENTITY_FIELD_ID WHERE TABLE_ID = 'MESSAGE_LOG' AND FIELD_ID = 'MESSAGE_TEXT';
DELETE FROM ENTITY_FIELD_ID WHERE TABLE_ID = 'MESSAGE_LOG' AND FIELD_ID = 'RESPONSE_ID';
DELETE FROM ENTITY_FIELD_ID WHERE TABLE_ID = 'MESSAGE_LOG' AND FIELD_ID = 'REVERSE_ID';

DELETE FROM ENTITY_TABLE WHERE TABLE_ID = 'SERVER';
DELETE FROM ENTITY_TABLE WHERE TABLE_ID = 'CHANNEL';
DELETE FROM ENTITY_TABLE WHERE TABLE_ID = 'CONTROLLER';
DELETE FROM ENTITY_TABLE WHERE TABLE_ID = 'SERVICE';
DELETE FROM ENTITY_TABLE WHERE TABLE_ID = 'SERVICE_PARAMETER';
DELETE FROM ENTITY_TABLE WHERE TABLE_ID = 'MESSAGE_TYPE';
DELETE FROM ENTITY_TABLE WHERE TABLE_ID = 'MESSAGE_FIELD';
DELETE FROM ENTITY_TABLE WHERE TABLE_ID = 'MESSAGE_MAP';
DELETE FROM ENTITY_TABLE WHERE TABLE_ID = 'MESSAGE_COPY';
DELETE FROM ENTITY_TABLE WHERE TABLE_ID = 'MESSAGE_ROUTER';
DELETE FROM ENTITY_TABLE WHERE TABLE_ID = 'MESSAGE_LOG';

DELETE FROM ENTITY_TABLE_ID WHERE TABLE_ID = 'SERVER';
DELETE FROM ENTITY_TABLE_ID WHERE TABLE_ID = 'CHANNEL';
DELETE FROM ENTITY_TABLE_ID WHERE TABLE_ID = 'CONTROLLER';
DELETE FROM ENTITY_TABLE_ID WHERE TABLE_ID = 'SERVICE';
DELETE FROM ENTITY_TABLE_ID WHERE TABLE_ID = 'SERVICE_PARAMETER';
DELETE FROM ENTITY_TABLE_ID WHERE TABLE_ID = 'MESSAGE_TYPE';
DELETE FROM ENTITY_TABLE_ID WHERE TABLE_ID = 'MESSAGE_FIELD';
DELETE FROM ENTITY_TABLE_ID WHERE TABLE_ID = 'MESSAGE_MAP';
DELETE FROM ENTITY_TABLE_ID WHERE TABLE_ID = 'MESSAGE_COPY';
DELETE FROM ENTITY_TABLE_ID WHERE TABLE_ID = 'MESSAGE_ROUTER';
DELETE FROM ENTITY_TABLE_ID WHERE TABLE_ID = 'MESSAGE_LOG';
DELETE FROM ENTITY_TABLE_ID WHERE TABLE_ID = 'SERVICE_ID';
DELETE FROM ENTITY_TABLE_ID WHERE TABLE_ID = 'MESSAGE_TYPE_ID';

INSERT INTO ENTITY_TABLE_ID VALUES ('SERVICE_ID');
INSERT INTO ENTITY_TABLE_ID VALUES ('MESSAGE_TYPE_ID');
INSERT INTO ENTITY_TABLE_ID VALUES ('SERVER');
INSERT INTO ENTITY_TABLE_ID VALUES ('CHANNEL');
INSERT INTO ENTITY_TABLE_ID VALUES ('CONTROLLER');
INSERT INTO ENTITY_TABLE_ID VALUES ('SERVICE');
INSERT INTO ENTITY_TABLE_ID VALUES ('SERVICE_PARAMETER');
INSERT INTO ENTITY_TABLE_ID VALUES ('MESSAGE_TYPE');
INSERT INTO ENTITY_TABLE_ID VALUES ('MESSAGE_FIELD');
INSERT INTO ENTITY_TABLE_ID VALUES ('MESSAGE_MAP');
INSERT INTO ENTITY_TABLE_ID VALUES ('MESSAGE_COPY');
INSERT INTO ENTITY_TABLE_ID VALUES ('MESSAGE_ROUTER');
INSERT INTO ENTITY_TABLE_ID VALUES ('MESSAGE_LOG');

INSERT INTO ENTITY_TABLE VALUES ('ALL','SERVER','transport','0','0','0','0','0','0','0','Values of servers');
INSERT INTO ENTITY_TABLE VALUES ('ALL','CHANNEL','transport','0','0','0','0','0','1','0','Values of channels');
INSERT INTO ENTITY_TABLE VALUES ('ALL','CONTROLLER','transport','0','0','0','0','0','0','0','Values of controllers');
INSERT INTO ENTITY_TABLE VALUES ('ALL','SERVICE','transport','1','1','0','1','1','0','0','Values of services');
INSERT INTO ENTITY_TABLE VALUES ('ALL','SERVICE_PARAMETER','transport','0','1','0','1','0','0','0','Values of services parameters');
INSERT INTO ENTITY_TABLE VALUES ('ALL','MESSAGE_TYPE','transport','1','1','0','0','0','0','0','Values of message types');
INSERT INTO ENTITY_TABLE VALUES ('ALL','MESSAGE_FIELD','transport','0','1','0','0','0','0','1','Values of message fields');
INSERT INTO ENTITY_TABLE VALUES ('ALL','MESSAGE_MAP','transport','0','1','0','0','0','0','1','Values of message maps');
INSERT INTO ENTITY_TABLE VALUES ('ALL','MESSAGE_COPY','transport','0','1','0','0','0','0','1','Values of message copies');
INSERT INTO ENTITY_TABLE VALUES ('ALL','MESSAGE_ROUTER','transport','0','1','0','1','0','0','1','Values of message routers');
INSERT INTO ENTITY_TABLE VALUES ('ALL','MESSAGE_LOG','transport','0','1','0','1','1','0','0','Values of message logs');

INSERT INTO ENTITY_FIELD_ID VALUES ('SERVER','SERVER_ID');
INSERT INTO ENTITY_FIELD_ID VALUES ('SERVER','NAME');
INSERT INTO ENTITY_FIELD_ID VALUES ('SERVER','URL');
INSERT INTO ENTITY_FIELD_ID VALUES ('CHANNEL','CHANNEL_ID');
INSERT INTO ENTITY_FIELD_ID VALUES ('CHANNEL','NAME');
INSERT INTO ENTITY_FIELD_ID VALUES ('CONTROLLER','CONTROLLER_ID');
INSERT INTO ENTITY_FIELD_ID VALUES ('CONTROLLER','NAME');
INSERT INTO ENTITY_FIELD_ID VALUES ('CONTROLLER','COMPONENT_ID');
INSERT INTO ENTITY_FIELD_ID VALUES ('SERVICE_ID','SERVICE_ID');
INSERT INTO ENTITY_FIELD_ID VALUES ('SERVICE','COMPANY_ID');
INSERT INTO ENTITY_FIELD_ID VALUES ('SERVICE','SERVICE_ID');
INSERT INTO ENTITY_FIELD_ID VALUES ('SERVICE','NAME');
INSERT INTO ENTITY_FIELD_ID VALUES ('SERVICE','SERVER_ID');
INSERT INTO ENTITY_FIELD_ID VALUES ('SERVICE','CHANNEL_ID');
INSERT INTO ENTITY_FIELD_ID VALUES ('SERVICE','CONTROLLER_ID');
INSERT INTO ENTITY_FIELD_ID VALUES ('SERVICE','ENABLE');
INSERT INTO ENTITY_FIELD_ID VALUES ('SERVICE','ONLINE');
INSERT INTO ENTITY_FIELD_ID VALUES ('SERVICE_PARAMETER','COMPANY_ID');
INSERT INTO ENTITY_FIELD_ID VALUES ('SERVICE_PARAMETER','SERVICE_ID');
INSERT INTO ENTITY_FIELD_ID VALUES ('SERVICE_PARAMETER','PARAMETER_ID');
INSERT INTO ENTITY_FIELD_ID VALUES ('MESSAGE_TYPE_ID','MESSAGE_TYPE_ID');
INSERT INTO ENTITY_FIELD_ID VALUES ('MESSAGE_TYPE','COMPANY_ID');
INSERT INTO ENTITY_FIELD_ID VALUES ('MESSAGE_TYPE','MESSAGE_TYPE_ID');
INSERT INTO ENTITY_FIELD_ID VALUES ('MESSAGE_TYPE','NAME');
INSERT INTO ENTITY_FIELD_ID VALUES ('MESSAGE_TYPE','COMPONENT_ID');
INSERT INTO ENTITY_FIELD_ID VALUES ('MESSAGE_FIELD','COMPANY_ID');
INSERT INTO ENTITY_FIELD_ID VALUES ('MESSAGE_FIELD','MESSAGE_TYPE_ID');
INSERT INTO ENTITY_FIELD_ID VALUES ('MESSAGE_FIELD','FIELD_NAME');
INSERT INTO ENTITY_FIELD_ID VALUES ('MESSAGE_FIELD','FIELD_ORDER');
INSERT INTO ENTITY_FIELD_ID VALUES ('MESSAGE_FIELD','FIELD_INIT');
INSERT INTO ENTITY_FIELD_ID VALUES ('MESSAGE_FIELD','FIELD_LENGTH');
INSERT INTO ENTITY_FIELD_ID VALUES ('MESSAGE_FIELD','FIELD_FILLED');
INSERT INTO ENTITY_FIELD_ID VALUES ('MESSAGE_FIELD','FIELD_ALIGN');
INSERT INTO ENTITY_FIELD_ID VALUES ('MESSAGE_FIELD','FIELD_VALUE');
INSERT INTO ENTITY_FIELD_ID VALUES ('MESSAGE_MAP','COMPANY_ID');
INSERT INTO ENTITY_FIELD_ID VALUES ('MESSAGE_MAP','MESSAGE_TYPE_ID');
INSERT INTO ENTITY_FIELD_ID VALUES ('MESSAGE_MAP','FIELD_NAME');
INSERT INTO ENTITY_FIELD_ID VALUES ('MESSAGE_MAP','MESSAGE_TYPE_MAP');
INSERT INTO ENTITY_FIELD_ID VALUES ('MESSAGE_MAP','FIELD_NAME_MAP');
INSERT INTO ENTITY_FIELD_ID VALUES ('MESSAGE_MAP','OPERATION');
INSERT INTO ENTITY_FIELD_ID VALUES ('MESSAGE_MAP','CONSTANT');
INSERT INTO ENTITY_FIELD_ID VALUES ('MESSAGE_MAP','COMPONENT_ID');
INSERT INTO ENTITY_FIELD_ID VALUES ('MESSAGE_COPY','COMPANY_ID');
INSERT INTO ENTITY_FIELD_ID VALUES ('MESSAGE_COPY','MESSAGE_TYPE_ID');
INSERT INTO ENTITY_FIELD_ID VALUES ('MESSAGE_COPY','FIELD_NAME');
INSERT INTO ENTITY_FIELD_ID VALUES ('MESSAGE_COPY','MESSAGE_TYPE_COPY');
INSERT INTO ENTITY_FIELD_ID VALUES ('MESSAGE_COPY','FIELD_NAME_COPY');
INSERT INTO ENTITY_FIELD_ID VALUES ('MESSAGE_COPY','COPY_SEQUENCE');
INSERT INTO ENTITY_FIELD_ID VALUES ('MESSAGE_COPY','FIELD_VALUE');
INSERT INTO ENTITY_FIELD_ID VALUES ('MESSAGE_COPY','FIELD_VALUE_COPY');
INSERT INTO ENTITY_FIELD_ID VALUES ('MESSAGE_ROUTER','COMPANY_ID');
INSERT INTO ENTITY_FIELD_ID VALUES ('MESSAGE_ROUTER','SERVICE_ID');
INSERT INTO ENTITY_FIELD_ID VALUES ('MESSAGE_ROUTER','MESSAGE_TYPE_ID');
INSERT INTO ENTITY_FIELD_ID VALUES ('MESSAGE_ROUTER','SUBSYSTEM_ID');
INSERT INTO ENTITY_FIELD_ID VALUES ('MESSAGE_ROUTER','MODULE_ID');
INSERT INTO ENTITY_FIELD_ID VALUES ('MESSAGE_ROUTER','PROCESS_ID');
INSERT INTO ENTITY_FIELD_ID VALUES ('MESSAGE_ROUTER','ROUTER_SEQUENCE');
INSERT INTO ENTITY_FIELD_ID VALUES ('MESSAGE_ROUTER','SERVICE_ROUTER');
INSERT INTO ENTITY_FIELD_ID VALUES ('MESSAGE_ROUTER','MESSAGE_TYPE_ROUTER');
INSERT INTO ENTITY_FIELD_ID VALUES ('MESSAGE_ROUTER','TIMEOUT');
INSERT INTO ENTITY_FIELD_ID VALUES ('MESSAGE_LOG','COMPANY_ID');
INSERT INTO ENTITY_FIELD_ID VALUES ('MESSAGE_LOG','MESSAGE_ID');
INSERT INTO ENTITY_FIELD_ID VALUES ('MESSAGE_LOG','MESSAGE_INOUT');
INSERT INTO ENTITY_FIELD_ID VALUES ('MESSAGE_LOG','SERVICE_ID');
INSERT INTO ENTITY_FIELD_ID VALUES ('MESSAGE_LOG','MESSAGE_TYPE_ID');
INSERT INTO ENTITY_FIELD_ID VALUES ('MESSAGE_LOG','HOST_ID');
INSERT INTO ENTITY_FIELD_ID VALUES ('MESSAGE_LOG','USER_ID');
INSERT INTO ENTITY_FIELD_ID VALUES ('MESSAGE_LOG','SUBSYSTEM_ID');
INSERT INTO ENTITY_FIELD_ID VALUES ('MESSAGE_LOG','MODULE_ID');
INSERT INTO ENTITY_FIELD_ID VALUES ('MESSAGE_LOG','PROCESS_ID');
INSERT INTO ENTITY_FIELD_ID VALUES ('MESSAGE_LOG','PROCESSING_TIME');
INSERT INTO ENTITY_FIELD_ID VALUES ('MESSAGE_LOG','MESSAGE_TEXT');
INSERT INTO ENTITY_FIELD_ID VALUES ('MESSAGE_LOG','RESPONSE_ID');
INSERT INTO ENTITY_FIELD_ID VALUES ('MESSAGE_LOG','REVERSE_ID');

INSERT INTO ENTITY_FIELD VALUES ('ALL','SERVER','SERVER_ID',1,'String',4,0,'1','0','0',null,null,null,null,0,'0','0','Server Id','serverId',null,null,null,null);
INSERT INTO ENTITY_FIELD VALUES ('ALL','SERVER','NAME',2,'String',40,0,'0','0','0',null,null,null,null,0,'0','0','Name of server','name',null,null,null,null);
INSERT INTO ENTITY_FIELD VALUES ('ALL','SERVER','URL',3,'String',100,0,'0','0','0',null,null,null,null,0,'0','0','URL','url',null,null,null,null);
INSERT INTO ENTITY_FIELD VALUES ('ALL','CHANNEL','CHANNEL_ID',1,'String',4,0,'1','0','0',null,null,null,null,0,'0','0','Channel Id','channelId',null,null,null,null);
INSERT INTO ENTITY_FIELD VALUES ('ALL','CHANNEL','NAME',2,'String',40,0,'0','0','0',null,null,null,null,0,'0','0','Name of channel','name',null,null,null,null);
INSERT INTO ENTITY_FIELD VALUES ('ALL','CONTROLLER','CONTROLLER_ID',1,'String',4,0,'1','0','0',null,null,null,null,0,'0','0','Controller Id','controllerId',null,null,null,null);
INSERT INTO ENTITY_FIELD VALUES ('ALL','CONTROLLER','NAME',2,'String',40,0,'0','0','0',null,null,null,null,0,'0','0','Name of controller','name',null,null,null,null);
INSERT INTO ENTITY_FIELD VALUES ('ALL','CONTROLLER','COMPONENT_ID',3,'String',40,0,'0','0','0',null,null,null,null,0,'0','0','Component Id','componentId',null,null,null,null);
INSERT INTO ENTITY_FIELD VALUES ('ALL','SERVICE','SERVICE_ID',1,'String',4,0,'1','0','0',null,null,null,null,0,'0','0','Service Id','serviceId',null,null,null,null);
INSERT INTO ENTITY_FIELD VALUES ('ALL','SERVICE','NAME',2,'String',40,0,'0','0','0',null,null,null,null,0,'0','0','Name of service','name',null,null,null,null);
INSERT INTO ENTITY_FIELD VALUES ('ALL','SERVICE','SERVER_ID',3,'String',4,0,'0','0','0',null,null,null,null,0,'0','0','Server Id','serverId',null,null,null,null);
INSERT INTO ENTITY_FIELD VALUES ('ALL','SERVICE','CHANNEL_ID',4,'String',4,0,'0','0','0',null,null,null,null,0,'0','0','Channel Id','channelId',null,null,null,null);
INSERT INTO ENTITY_FIELD VALUES ('ALL','SERVICE','CONTROLLER_ID',5,'String',4,0,'0','0','0',null,null,null,null,0,'0','0','Controller Id','controllerId',null,null,null,null);
INSERT INTO ENTITY_FIELD VALUES ('ALL','SERVICE','ENABLE',6,'Boolean',1,0,'0','0','0','0',null,null,null,0,'0','0','Enable','enable',null,null,null,null);
INSERT INTO ENTITY_FIELD VALUES ('ALL','SERVICE','ONLINE',7,'Boolean',1,0,'0','0','0','0',null,null,null,0,'0','0','Online','online',null,null,null,null);
INSERT INTO ENTITY_FIELD VALUES ('ALL','SERVICE_PARAMETER','SERVICE_ID',1,'String',4,0,'1','0','0',null,null,null,null,0,'0','0','Service Id','serviceId',null,null,null,null);
INSERT INTO ENTITY_FIELD VALUES ('ALL','SERVICE_PARAMETER','PARAMETER_ID',2,'String',40,0,'1','0','0',null,null,null,null,0,'0','0','Parameter Id','parameterId',null,null,null,null);
INSERT INTO ENTITY_FIELD VALUES ('ALL','MESSAGE_TYPE','MESSAGE_TYPE_ID',1,'String',4,0,'1','0','0',null,null,null,null,0,'0','0','Message type Id','messageTypeId',null,null,null,null);
INSERT INTO ENTITY_FIELD VALUES ('ALL','MESSAGE_TYPE','NAME',2,'String',40,0,'0','0','0',null,null,null,null,0,'0','0','Name of message type','name',null,null,null,null);
INSERT INTO ENTITY_FIELD VALUES ('ALL','MESSAGE_TYPE','COMPONENT_ID',3,'String',40,0,'0','0','1',null,null,null,null,0,'0','0','Component Id','componentId',null,null,null,null);
INSERT INTO ENTITY_FIELD VALUES ('ALL','MESSAGE_FIELD','MESSAGE_TYPE_ID',1,'String',4,0,'1','0','0',null,null,null,null,0,'0','0','Message type Id','messageTypeId',null,null,null,null);
INSERT INTO ENTITY_FIELD VALUES ('ALL','MESSAGE_FIELD','FIELD_NAME',2,'String',40,0,'1','0','0',null,null,null,null,0,'0','0','Field name','fieldName',null,null,null,null);
INSERT INTO ENTITY_FIELD VALUES ('ALL','MESSAGE_FIELD','FIELD_ORDER',3,'Integer',3,0,'0','0','0',null,null,null,null,0,'0','0','Field order','fieldOrder',null,null,null,null);
INSERT INTO ENTITY_FIELD VALUES ('ALL','MESSAGE_FIELD','FIELD_INIT',4,'Integer',3,0,'0','0','1',null,null,null,null,0,'0','0','Field init','fieldInit',null,null,null,null);
INSERT INTO ENTITY_FIELD VALUES ('ALL','MESSAGE_FIELD','FIELD_LENGTH',5,'Integer',3,0,'0','0','1',null,null,null,null,0,'0','0','Field length','fieldLength',null,null,null,null);
INSERT INTO ENTITY_FIELD VALUES ('ALL','MESSAGE_FIELD','FIELD_FILLED',6,'String',1,0,'0','0','1',null,null,null,null,0,'0','0','Field filled','fieldFilled',null,null,null,null);
INSERT INTO ENTITY_FIELD VALUES ('ALL','MESSAGE_FIELD','FIELD_ALIGN',7,'String',1,0,'0','0','1',null,null,null,null,0,'0','0','Field align','fieldAlign',null,null,null,null);
INSERT INTO ENTITY_FIELD VALUES ('ALL','MESSAGE_FIELD','FIELD_VALUE',8,'String',40,0,'0','0','1',null,null,null,null,0,'0','0','Field value','fieldValue',null,null,null,null);
INSERT INTO ENTITY_FIELD VALUES ('ALL','MESSAGE_MAP','MESSAGE_TYPE_ID',1,'String',4,0,'1','0','0',null,null,null,null,0,'0','0','Message type Id','messageTypeId',null,null,null,null);
INSERT INTO ENTITY_FIELD VALUES ('ALL','MESSAGE_MAP','FIELD_NAME',2,'String',40,0,'1','0','0',null,null,null,null,0,'0','0','Field name','fieldName',null,null,null,null);
INSERT INTO ENTITY_FIELD VALUES ('ALL','MESSAGE_MAP','MESSAGE_TYPE_MAP',3,'String',4,0,'1','0','0',null,null,null,null,0,'0','0','Message type map','messageTypeMap',null,null,null,null);
INSERT INTO ENTITY_FIELD VALUES ('ALL','MESSAGE_MAP','FIELD_NAME_MAP',4,'String',40,0,'1','0','0',null,null,null,null,0,'0','0','Field name map','fieldNameMap',null,null,null,null);
INSERT INTO ENTITY_FIELD VALUES ('ALL','MESSAGE_MAP','OPERATION',5,'String',1,0,'0','0','0',null,null,null,null,0,'0','0','Operation','operation',null,null,null,null);
INSERT INTO ENTITY_FIELD VALUES ('ALL','MESSAGE_MAP','CONSTANT',6,'String',40,0,'0','0','1',null,null,null,null,0,'0','0','Constant','constant',null,null,null,null);
INSERT INTO ENTITY_FIELD VALUES ('ALL','MESSAGE_MAP','COMPONENT_ID',7,'String',40,0,'0','0','1',null,null,null,null,0,'0','0','Component Id','componentId',null,null,null,null);
INSERT INTO ENTITY_FIELD VALUES ('ALL','MESSAGE_COPY','MESSAGE_TYPE_ID',1,'String',4,0,'1','0','0',null,null,null,null,0,'0','0','Message type Id','messageTypeId',null,null,null,null);
INSERT INTO ENTITY_FIELD VALUES ('ALL','MESSAGE_COPY','FIELD_NAME',2,'String',40,0,'1','0','0',null,null,null,null,0,'0','0','Field name','fieldName',null,null,null,null);
INSERT INTO ENTITY_FIELD VALUES ('ALL','MESSAGE_COPY','MESSAGE_TYPE_COPY',3,'String',4,0,'1','0','0',null,null,null,null,0,'0','0','Message type copy','messageTypeCopy',null,null,null,null);
INSERT INTO ENTITY_FIELD VALUES ('ALL','MESSAGE_COPY','FIELD_NAME_COPY',4,'String',40,0,'1','0','0',null,null,null,null,0,'0','0','Field name copy','fieldNameCopy',null,null,null,null);
INSERT INTO ENTITY_FIELD VALUES ('ALL','MESSAGE_COPY','COPY_SEQUENCE',5,'Integer',3,0,'1','0','0',null,null,null,null,0,'0','0','Copy sequence','sequence',null,null,null,null);
INSERT INTO ENTITY_FIELD VALUES ('ALL','MESSAGE_COPY','FIELD_VALUE',6,'String',40,0,'0','0','0',null,null,null,null,0,'0','0','Field value','fieldValue',null,null,null,null);
INSERT INTO ENTITY_FIELD VALUES ('ALL','MESSAGE_COPY','FIELD_VALUE_COPY',7,'String',40,0,'0','0','0',null,null,null,null,0,'0','0','Field value copy','fieldValueCopy',null,null,null,null);
INSERT INTO ENTITY_FIELD VALUES ('ALL','MESSAGE_ROUTER','SERVICE_ID',1,'String',4,0,'1','0','0',null,null,null,null,0,'0','0','Service Id','serviceId',null,null,null,null);
INSERT INTO ENTITY_FIELD VALUES ('ALL','MESSAGE_ROUTER','MESSAGE_TYPE_ID',2,'String',4,0,'1','0','0',null,null,null,null,0,'0','0','Message type Id','messageTypeId',null,null,null,null);
INSERT INTO ENTITY_FIELD VALUES ('ALL','MESSAGE_ROUTER','SUBSYSTEM_ID',3,'String',2,0,'1','0','0',null,null,null,null,0,'0','0','Subsystem Id','subsystemId',null,null,null,null);
INSERT INTO ENTITY_FIELD VALUES ('ALL','MESSAGE_ROUTER','MODULE_ID',4,'String',2,0,'1','0','0',null,null,null,null,0,'0','0','Module Id','moduleId',null,null,null,null);
INSERT INTO ENTITY_FIELD VALUES ('ALL','MESSAGE_ROUTER','PROCESS_ID',5,'String',2,0,'1','0','0',null,null,null,null,0,'0','0','Process Id','processId',null,null,null,null);
INSERT INTO ENTITY_FIELD VALUES ('ALL','MESSAGE_ROUTER','ROUTER_SEQUENCE',6,'Integer',3,0,'1','0','0',null,null,null,null,0,'0','0','Router sequence','sequence',null,null,null,null);
INSERT INTO ENTITY_FIELD VALUES ('ALL','MESSAGE_ROUTER','SERVICE_ROUTER',7,'String',4,0,'0','0','0',null,null,null,null,0,'0','0','Service router','serviceRouter',null,null,null,null);
INSERT INTO ENTITY_FIELD VALUES ('ALL','MESSAGE_ROUTER','MESSAGE_TYPE_ROUTER',8,'String',4,0,'0','0','0',null,null,null,null,0,'0','0','Message type router','messageTypeRouter',null,null,null,null);
INSERT INTO ENTITY_FIELD VALUES ('ALL','MESSAGE_ROUTER','TIMEOUT',9,'Integer',3,0,'0','0','0',null,null,null,null,0,'0','0','Timeout','timeout',null,null,null,null);
INSERT INTO ENTITY_FIELD VALUES ('ALL','MESSAGE_LOG','MESSAGE_ID',1,'String',100,0,'1','0','0',null,null,null,null,0,'0','0','Message Id','messageId',null,null,null,null);
INSERT INTO ENTITY_FIELD VALUES ('ALL','MESSAGE_LOG','MESSAGE_INOUT',2,'String',1,0,'1','0','0',null,null,null,null,0,'0','0','Message In Out','messageInOut',null,null,null,null);
INSERT INTO ENTITY_FIELD VALUES ('ALL','MESSAGE_LOG','SERVICE_ID',3,'String',4,0,'0','0','0',null,null,null,null,0,'0','0','Service Id','serviceId',null,null,null,null);
INSERT INTO ENTITY_FIELD VALUES ('ALL','MESSAGE_LOG','MESSAGE_TYPE_ID',4,'String',4,0,'0','0','0',null,null,null,null,0,'0','0','Message type Id','messageTypeId',null,null,null,null);
INSERT INTO ENTITY_FIELD VALUES ('ALL','MESSAGE_LOG','HOST_ID',5,'String',40,0,'0','0','0',null,null,null,null,0,'0','0','Host Id','hostId',null,null,null,null);
INSERT INTO ENTITY_FIELD VALUES ('ALL','MESSAGE_LOG','USER_ID',6,'String',20,0,'0','0','0',null,null,null,null,0,'0','0','User Id','userId',null,null,null,null);
INSERT INTO ENTITY_FIELD VALUES ('ALL','MESSAGE_LOG','SUBSYSTEM_ID',7,'String',2,0,'0','0','0',null,null,null,null,0,'0','0','Subsystem Id','subsystemId',null,null,null,null);
INSERT INTO ENTITY_FIELD VALUES ('ALL','MESSAGE_LOG','MODULE_ID',8,'String',2,0,'0','0','0',null,null,null,null,0,'0','0','Module Id','moduleId',null,null,null,null);
INSERT INTO ENTITY_FIELD VALUES ('ALL','MESSAGE_LOG','PROCESS_ID',9,'String',2,0,'0','0','0',null,null,null,null,0,'0','0','Process Id','processId',null,null,null,null);
INSERT INTO ENTITY_FIELD VALUES ('ALL','MESSAGE_LOG','PROCESSING_TIME',10,'BigDecimal',6,4,'0','0','1',null,null,null,null,0,'0','0','Processing time','processingTime',null,null,null,null);
INSERT INTO ENTITY_FIELD VALUES ('ALL','MESSAGE_LOG','MESSAGE_TEXT',11,'String',4000,0,'0','0','1',null,null,null,null,0,'0','0','Message text','messageText',null,null,null,null);
INSERT INTO ENTITY_FIELD VALUES ('ALL','MESSAGE_LOG','RESPONSE_ID',12,'String',8,0,'0','0','1',null,null,null,null,0,'0','0','Response Id','responseId',null,null,null,null);
INSERT INTO ENTITY_FIELD VALUES ('ALL','MESSAGE_LOG','REVERSE_ID',13,'String',100,0,'0','0','1',null,null,null,null,0,'0','0','Reverse Id','reverseId',null,null,null,null);

INSERT INTO ENTITY_RELATIONSHIP VALUES ('ALL','SERVICE_ID_FK',1,'SERVICE','SERVICE_ID','SERVICE_ID','SERVICE_ID');
INSERT INTO ENTITY_RELATIONSHIP VALUES ('ALL','MESSAGE_TYPE_ID_FK',1,'MESSAGE_TYPE','MESSAGE_TYPE_ID','MESSAGE_TYPE_ID','MESSAGE_TYPE_ID');
INSERT INTO ENTITY_RELATIONSHIP VALUES ('ALL','SERVICE_COMPANY_FK',1,'SERVICE','COMPANY_ID','COMPANY','COMPANY_ID');
INSERT INTO ENTITY_RELATIONSHIP VALUES ('ALL','SERVICE_PARAMETER_COMPANY_FK',1,'SERVICE_PARAMETER','COMPANY_ID','COMPANY','COMPANY_ID');
INSERT INTO ENTITY_RELATIONSHIP VALUES ('ALL','MESSAGE_TYPE_COMPANY_FK',1,'MESSAGE_TYPE','COMPANY_ID','COMPANY','COMPANY_ID');
INSERT INTO ENTITY_RELATIONSHIP VALUES ('ALL','MESSAGE_FIELD_COMPANY_FK',1,'MESSAGE_FIELD','COMPANY_ID','COMPANY','COMPANY_ID');
INSERT INTO ENTITY_RELATIONSHIP VALUES ('ALL','MESSAGE_MAP_COMPANY_FK',1,'MESSAGE_MAP','COMPANY_ID','COMPANY','COMPANY_ID');
INSERT INTO ENTITY_RELATIONSHIP VALUES ('ALL','MESSAGE_COPY_COMPANY_FK',1,'MESSAGE_COPY','COMPANY_ID','COMPANY','COMPANY_ID');
INSERT INTO ENTITY_RELATIONSHIP VALUES ('ALL','MESSAGE_ROUTER_COMPANY_FK',1,'MESSAGE_ROUTER','COMPANY_ID','COMPANY','COMPANY_ID');
INSERT INTO ENTITY_RELATIONSHIP VALUES ('ALL','MESSAGE_LOG_COMPANY_FK',1,'MESSAGE_LOG','COMPANY_ID','COMPANY','COMPANY_ID');
INSERT INTO ENTITY_RELATIONSHIP VALUES ('ALL','CONTROLLER_COMPONENT_ID_FK',1,'CONTROLLER','COMPONENT_ID','COMPONENT_ID','COMPONENT_ID');
INSERT INTO ENTITY_RELATIONSHIP VALUES ('ALL','SERVICE_SERVICE_ID_FK',1,'SERVICE','SERVER_ID','SERVER','SERVER_ID');
INSERT INTO ENTITY_RELATIONSHIP VALUES ('ALL','SERVICE_CHANNEL_ID_FK',1,'SERVICE','CHANNEL_ID','CHANNEL','CHANNEL_ID');
INSERT INTO ENTITY_RELATIONSHIP VALUES ('ALL','SERVICE_CONTROLLER_ID_FK',1,'SERVICE','CONTROLLER_ID','CONTROLLER','CONTROLLER_ID');
INSERT INTO ENTITY_RELATIONSHIP VALUES ('ALL','SERVICE_PARAM_SERVICE_ID_FK',1,'SERVICE_PARAMETER','SERVICE_ID','SERVICE_ID','SERVICE_ID');
INSERT INTO ENTITY_RELATIONSHIP VALUES ('ALL','SERVICE_PARAM_PARAMETER_ID_FK',1,'SERVICE_PARAMETER','PARAMETER_ID','PARAMETER_ID','PARAMETER_ID');
INSERT INTO ENTITY_RELATIONSHIP VALUES ('ALL','MESSAGE_TYPE_COMPONENT_ID_FK',1,'MESSAGE_TYPE','COMPONENT_ID','COMPONENT_ID','COMPONENT_ID');
INSERT INTO ENTITY_RELATIONSHIP VALUES ('ALL','MESSAGE_FIELD_MESS_TYPE_ID_FK',1,'MESSAGE_FIELD','MESSAGE_TYPE_ID','MESSAGE_TYPE_ID','MESSAGE_TYPE_ID');
INSERT INTO ENTITY_RELATIONSHIP VALUES ('ALL','MESSAGE_MAP_MESSAGE_TYPE_ID_FK',1,'MESSAGE_MAP','MESSAGE_TYPE_ID','MESSAGE_TYPE_ID','MESSAGE_TYPE_ID');
INSERT INTO ENTITY_RELATIONSHIP VALUES ('ALL','MESSAGE_MAP_TYPE_ID_FK',1,'MESSAGE_MAP','MESSAGE_TYPE_MAP','MESSAGE_TYPE_ID','MESSAGE_TYPE_ID');
INSERT INTO ENTITY_RELATIONSHIP VALUES ('ALL','MESSAGE_MAP_COMPONENT_ID_FK',1,'MESSAGE_MAP','COMPONENT_ID','COMPONENT_ID','COMPONENT_ID');
INSERT INTO ENTITY_RELATIONSHIP VALUES ('ALL','MESSAGE_COPY_MESS_TYPE_ID_FK',1,'MESSAGE_COPY','MESSAGE_TYPE_ID','MESSAGE_TYPE_ID','MESSAGE_TYPE_ID');
INSERT INTO ENTITY_RELATIONSHIP VALUES ('ALL','MESSAGE_COPY_TYPE_ID_FK',1,'MESSAGE_COPY','MESSAGE_TYPE_COPY','MESSAGE_TYPE_ID','MESSAGE_TYPE_ID');
INSERT INTO ENTITY_RELATIONSHIP VALUES ('ALL','MESSAGE_ROUTER_SERV_ID_FK',1,'MESSAGE_ROUTER','SERVICE_ID','SERVICE_ID','SERVICE_ID');
INSERT INTO ENTITY_RELATIONSHIP VALUES ('ALL','MESSAGE_ROUTER_MESS_TYPE_ID_FK',1,'MESSAGE_ROUTER','MESSAGE_TYPE_ID','MESSAGE_TYPE_ID','MESSAGE_TYPE_ID');
INSERT INTO ENTITY_RELATIONSHIP VALUES ('ALL','MESSAGE_ROUTER_PROCESS_ID_FK',1,'MESSAGE_ROUTER','SUBSYSTEM_ID','PROCESS_ID','SUBSYSTEM_ID');
INSERT INTO ENTITY_RELATIONSHIP VALUES ('ALL','MESSAGE_ROUTER_PROCESS_ID_FK',2,'MESSAGE_ROUTER','MODULE_ID','PROCESS_ID','MODULE_ID');
INSERT INTO ENTITY_RELATIONSHIP VALUES ('ALL','MESSAGE_ROUTER_PROCESS_ID_FK',3,'MESSAGE_ROUTER','PROCESS_ID','PROCESS_ID','PROCESS_ID');
INSERT INTO ENTITY_RELATIONSHIP VALUES ('ALL','MESSAGE_ROUTER_SERVICE_ID_FK',1,'MESSAGE_ROUTER','SERVICE_ROUTER','SERVICE_ID','SERVICE_ID');
INSERT INTO ENTITY_RELATIONSHIP VALUES ('ALL','MESSAGE_ROUTER_TYPE_ID_FK',1,'MESSAGE_ROUTER','MESSAGE_TYPE_ROUTER','MESSAGE_TYPE_ID','MESSAGE_TYPE_ID');
INSERT INTO ENTITY_RELATIONSHIP VALUES ('ALL','MESSAGE_LOG_SERVICE_ID_FK',1,'MESSAGE_LOG','SERVICE_ID','SERVICE_ID','SERVICE_ID');
INSERT INTO ENTITY_RELATIONSHIP VALUES ('ALL','MESSAGE_LOG_MESSAGE_TYPE_ID_FK',1,'MESSAGE_LOG','MESSAGE_TYPE_ID','MESSAGE_TYPE_ID','MESSAGE_TYPE_ID');
INSERT INTO ENTITY_RELATIONSHIP VALUES ('ALL','MESSAGE_LOG_HOST_ID_FK',1,'MESSAGE_LOG','HOST_ID','HOST_ID','HOST_ID');
INSERT INTO ENTITY_RELATIONSHIP VALUES ('ALL','MESSAGE_LOG_USER_ACCOUNT_ID_FK',1,'MESSAGE_LOG','USER_ID','USER_ACCOUNT_ID','USER_ID');
INSERT INTO ENTITY_RELATIONSHIP VALUES ('ALL','MESSAGE_LOG_PROCESS_ID_FK',1,'MESSAGE_LOG','SUBSYSTEM_ID','PROCESS_ID','SUBSYSTEM_ID');
INSERT INTO ENTITY_RELATIONSHIP VALUES ('ALL','MESSAGE_LOG_PROCESS_ID_FK',2,'MESSAGE_LOG','MODULE_ID','PROCESS_ID','MODULE_ID');
INSERT INTO ENTITY_RELATIONSHIP VALUES ('ALL','MESSAGE_LOG_PROCESS_ID_FK',3,'MESSAGE_LOG','PROCESS_ID','PROCESS_ID','PROCESS_ID');


