DELETE FROM ENTITY_RELATIONSHIP WHERE RELATIONSHIP_ID = 'SUBSYSTEM_ID_FK';
DELETE FROM ENTITY_RELATIONSHIP WHERE RELATIONSHIP_ID = 'MODULE_ID_FK';
DELETE FROM ENTITY_RELATIONSHIP WHERE RELATIONSHIP_ID = 'MODULE_ID_FK';
DELETE FROM ENTITY_RELATIONSHIP WHERE RELATIONSHIP_ID = 'PROCESS_ID_FK';
DELETE FROM ENTITY_RELATIONSHIP WHERE RELATIONSHIP_ID = 'PROCESS_ID_FK';
DELETE FROM ENTITY_RELATIONSHIP WHERE RELATIONSHIP_ID = 'PROCESS_ID_FK';
DELETE FROM ENTITY_RELATIONSHIP WHERE RELATIONSHIP_ID = 'COMPONENT_ID_FK';
DELETE FROM ENTITY_RELATIONSHIP WHERE RELATIONSHIP_ID = 'PROFILE_ID_FK';
DELETE FROM ENTITY_RELATIONSHIP WHERE RELATIONSHIP_ID = 'HOST_ID_FK';
DELETE FROM ENTITY_RELATIONSHIP WHERE RELATIONSHIP_ID = 'USER_TYPE_ID_FK';
DELETE FROM ENTITY_RELATIONSHIP WHERE RELATIONSHIP_ID = 'USER_STATUS_ID_FK';
DELETE FROM ENTITY_RELATIONSHIP WHERE RELATIONSHIP_ID = 'USER_ACCOUNT_ID_FK';
DELETE FROM ENTITY_RELATIONSHIP WHERE RELATIONSHIP_ID = 'USER_NOTIFICATION_TYPE_ID_FK';
DELETE FROM ENTITY_RELATIONSHIP WHERE RELATIONSHIP_ID = 'WORKFLOW_STEP_ID_FK';
DELETE FROM ENTITY_RELATIONSHIP WHERE RELATIONSHIP_ID = 'WORKFLOW_STATUS_ID_FK';
DELETE FROM ENTITY_RELATIONSHIP WHERE RELATIONSHIP_ID = 'WORKFLOW_PROCESS_ID_FK';
DELETE FROM ENTITY_RELATIONSHIP WHERE RELATIONSHIP_ID = 'WORKFLOW_DECISION_ID_FK';
DELETE FROM ENTITY_RELATIONSHIP WHERE RELATIONSHIP_ID = 'SUBSYSTEM_COMPANY_FK';
DELETE FROM ENTITY_RELATIONSHIP WHERE RELATIONSHIP_ID = 'MODULE_COMPANY_FK';
DELETE FROM ENTITY_RELATIONSHIP WHERE RELATIONSHIP_ID = 'PROCESS_COMPANY_FK';
DELETE FROM ENTITY_RELATIONSHIP WHERE RELATIONSHIP_ID = 'COMPONENT_COMPANY_FK';
DELETE FROM ENTITY_RELATIONSHIP WHERE RELATIONSHIP_ID = 'PROCESS_COMPONENT_COMPANY_FK';
DELETE FROM ENTITY_RELATIONSHIP WHERE RELATIONSHIP_ID = 'PROFILE_COMPANY_FK';
DELETE FROM ENTITY_RELATIONSHIP WHERE RELATIONSHIP_ID = 'ROLE_COMPANY_FK';
DELETE FROM ENTITY_RELATIONSHIP WHERE RELATIONSHIP_ID = 'HOST_COMPANY_FK';
DELETE FROM ENTITY_RELATIONSHIP WHERE RELATIONSHIP_ID = 'USER_TYPE_COMPANY_FK';
DELETE FROM ENTITY_RELATIONSHIP WHERE RELATIONSHIP_ID = 'USER_STATUS_COMPANY_FK';
DELETE FROM ENTITY_RELATIONSHIP WHERE RELATIONSHIP_ID = 'USER_ACCOUNT_COMPANY_FK';
DELETE FROM ENTITY_RELATIONSHIP WHERE RELATIONSHIP_ID = 'USER_ACCESS_COMPANY_FK';
DELETE FROM ENTITY_RELATIONSHIP WHERE RELATIONSHIP_ID = 'USER_PROFILE_COMPANY_FK';
DELETE FROM ENTITY_RELATIONSHIP WHERE RELATIONSHIP_ID = 'USER_SESSION_COMPANY_FK';
DELETE FROM ENTITY_RELATIONSHIP WHERE RELATIONSHIP_ID = 'USER_NOTIFICATION_COMPANY_FK';
DELETE FROM ENTITY_RELATIONSHIP WHERE RELATIONSHIP_ID = 'USER_AUTHORIZATION_COMPANY_FK';
DELETE FROM ENTITY_RELATIONSHIP WHERE RELATIONSHIP_ID = 'WORKFLOW_PROCESS_COMPANY_FK';
DELETE FROM ENTITY_RELATIONSHIP WHERE RELATIONSHIP_ID = 'WORKFLOW_DECISION_COMPANY_FK';
DELETE FROM ENTITY_RELATIONSHIP WHERE RELATIONSHIP_ID = 'WORKFLOW_MONITOR_COMPANY_FK';
DELETE FROM ENTITY_RELATIONSHIP WHERE RELATIONSHIP_ID = 'SUBSYSTEM_LANGUAGE_FK';
DELETE FROM ENTITY_RELATIONSHIP WHERE RELATIONSHIP_ID = 'MODULE_LANGUAGE_FK';
DELETE FROM ENTITY_RELATIONSHIP WHERE RELATIONSHIP_ID = 'PROCESS_LANGUAGE_FK';
DELETE FROM ENTITY_RELATIONSHIP WHERE RELATIONSHIP_ID = 'PROFILE_LANGUAGE_FK';
DELETE FROM ENTITY_RELATIONSHIP WHERE RELATIONSHIP_ID = 'USER_TYPE_LANGUAGE_FK';
DELETE FROM ENTITY_RELATIONSHIP WHERE RELATIONSHIP_ID = 'USER_STATUS_LANGUAGE_FK';
DELETE FROM ENTITY_RELATIONSHIP WHERE RELATIONSHIP_ID = 'USER_NOTIFICATION_TYPE_LANG_FK';
DELETE FROM ENTITY_RELATIONSHIP WHERE RELATIONSHIP_ID = 'WORKFLOW_STEP_LANGUAGE_FK';
DELETE FROM ENTITY_RELATIONSHIP WHERE RELATIONSHIP_ID = 'WORKFLOW_STATUS_LANGUAGE_FK';
DELETE FROM ENTITY_RELATIONSHIP WHERE RELATIONSHIP_ID = 'MODULE_ID_SUBSYSTEM_ID_FK';
DELETE FROM ENTITY_RELATIONSHIP WHERE RELATIONSHIP_ID = 'PROCESS_ID_MODULE_ID_FK';
DELETE FROM ENTITY_RELATIONSHIP WHERE RELATIONSHIP_ID = 'PROCESS_ID_MODULE_ID_FK';
DELETE FROM ENTITY_RELATIONSHIP WHERE RELATIONSHIP_ID = 'PROCESS_DATAFILE_ID_FK';
DELETE FROM ENTITY_RELATIONSHIP WHERE RELATIONSHIP_ID = 'PROCESS_WORKFLOW_PROCESS_ID_FK';
DELETE FROM ENTITY_RELATIONSHIP WHERE RELATIONSHIP_ID = 'COMPONENT_SUBSYSTEM_ID_FK';
DELETE FROM ENTITY_RELATIONSHIP WHERE RELATIONSHIP_ID = 'PROCESS_COMPONENT_CHANNE_ID_FK';
DELETE FROM ENTITY_RELATIONSHIP WHERE RELATIONSHIP_ID = 'PROCESS_COMP_PROCESS_ID_FK';
DELETE FROM ENTITY_RELATIONSHIP WHERE RELATIONSHIP_ID = 'PROCESS_COMP_PROCESS_ID_FK';
DELETE FROM ENTITY_RELATIONSHIP WHERE RELATIONSHIP_ID = 'PROCESS_COMP_PROCESS_ID_FK';
DELETE FROM ENTITY_RELATIONSHIP WHERE RELATIONSHIP_ID = 'PROCESS_COMP_COMPONENT_ID_FK';
DELETE FROM ENTITY_RELATIONSHIP WHERE RELATIONSHIP_ID = 'PROCESS_COMP_WORKF_DECIS_ID_FK';
DELETE FROM ENTITY_RELATIONSHIP WHERE RELATIONSHIP_ID = 'ROLE_PROCESS_ID_FK';
DELETE FROM ENTITY_RELATIONSHIP WHERE RELATIONSHIP_ID = 'ROLE_PROCESS_ID_FK';
DELETE FROM ENTITY_RELATIONSHIP WHERE RELATIONSHIP_ID = 'ROLE_PROCESS_ID_FK';
DELETE FROM ENTITY_RELATIONSHIP WHERE RELATIONSHIP_ID = 'HOST_CHANNEL_ID_FK';
DELETE FROM ENTITY_RELATIONSHIP WHERE RELATIONSHIP_ID = 'HOST_OFFICE_ID_FK';
DELETE FROM ENTITY_RELATIONSHIP WHERE RELATIONSHIP_ID = 'HOST_OFFICE_ID_FK';
DELETE FROM ENTITY_RELATIONSHIP WHERE RELATIONSHIP_ID = 'USER_ACCOUNT_USER_TYPE_ID_FK';
DELETE FROM ENTITY_RELATIONSHIP WHERE RELATIONSHIP_ID = 'USER_ACCOUNT_USER_STATUS_ID_FK';
DELETE FROM ENTITY_RELATIONSHIP WHERE RELATIONSHIP_ID = 'USER_ACCOUNT_PERSON_ID_FK';
DELETE FROM ENTITY_RELATIONSHIP WHERE RELATIONSHIP_ID = 'USER_ACCESS_USER_ACCOUNT_ID_FK';
DELETE FROM ENTITY_RELATIONSHIP WHERE RELATIONSHIP_ID = 'USER_PROF_USER_ACCOUNT_ID_FK';
DELETE FROM ENTITY_RELATIONSHIP WHERE RELATIONSHIP_ID = 'USER_PROFILE_PROFILE_ID_FK';
DELETE FROM ENTITY_RELATIONSHIP WHERE RELATIONSHIP_ID = 'USER_SESS_USER_ACCOUNT_ID_FK';
DELETE FROM ENTITY_RELATIONSHIP WHERE RELATIONSHIP_ID = 'USER_SESSION_HOST_ID_FK';
DELETE FROM ENTITY_RELATIONSHIP WHERE RELATIONSHIP_ID = 'USER_NOTIF_USER_ACCOUNT_ID_FK';
DELETE FROM ENTITY_RELATIONSHIP WHERE RELATIONSHIP_ID = 'USER_NOTIF_USER_NOT_TYPE_ID_FK';
DELETE FROM ENTITY_RELATIONSHIP WHERE RELATIONSHIP_ID = 'USER_AUTH_USER_ACCOUNT_ID_FK';
DELETE FROM ENTITY_RELATIONSHIP WHERE RELATIONSHIP_ID = 'USER_AUTH_USER_AUTH_ID_FK';
DELETE FROM ENTITY_RELATIONSHIP WHERE RELATIONSHIP_ID = 'USER_AUTH_PROCESS_ID_FK';
DELETE FROM ENTITY_RELATIONSHIP WHERE RELATIONSHIP_ID = 'USER_AUTH_PROCESS_ID_FK';
DELETE FROM ENTITY_RELATIONSHIP WHERE RELATIONSHIP_ID = 'USER_AUTH_PROCESS_ID_FK';
DELETE FROM ENTITY_RELATIONSHIP WHERE RELATIONSHIP_ID = 'WORKFLOW_PROCESS_PROCESS_ID_FK';
DELETE FROM ENTITY_RELATIONSHIP WHERE RELATIONSHIP_ID = 'WORKFLOW_PROCESS_PROCESS_ID_FK';
DELETE FROM ENTITY_RELATIONSHIP WHERE RELATIONSHIP_ID = 'WORKFLOW_PROCESS_PROCESS_ID_FK';
DELETE FROM ENTITY_RELATIONSHIP WHERE RELATIONSHIP_ID = 'WORKFLOW_DECIS_STEP_ID_FK';
DELETE FROM ENTITY_RELATIONSHIP WHERE RELATIONSHIP_ID = 'WORKFLOW_DECIS_CHANNEL_ID_FK';
DELETE FROM ENTITY_RELATIONSHIP WHERE RELATIONSHIP_ID = 'WORKFLOW_DECIS_PROCESS_ID_FK';
DELETE FROM ENTITY_RELATIONSHIP WHERE RELATIONSHIP_ID = 'WORKFLOW_DECIS_PROCESS_ID_FK';
DELETE FROM ENTITY_RELATIONSHIP WHERE RELATIONSHIP_ID = 'WORKFLOW_DECIS_PROCESS_ID_FK';
DELETE FROM ENTITY_RELATIONSHIP WHERE RELATIONSHIP_ID = 'WORKFLOW_MONITOR_USER_ID_FK';
DELETE FROM ENTITY_RELATIONSHIP WHERE RELATIONSHIP_ID = 'WORKFLOW_MONITOR_WF_PROC_ID_FK';
DELETE FROM ENTITY_RELATIONSHIP WHERE RELATIONSHIP_ID = 'WORKFLOW_MONITOR_STATUS_ID_FK';
DELETE FROM ENTITY_RELATIONSHIP WHERE RELATIONSHIP_ID = 'WORKFLOW_MONITOR_PROCESS_ID_FK';
DELETE FROM ENTITY_RELATIONSHIP WHERE RELATIONSHIP_ID = 'WORKFLOW_MONITOR_PROCESS_ID_FK';
DELETE FROM ENTITY_RELATIONSHIP WHERE RELATIONSHIP_ID = 'WORKFLOW_MONITOR_PROCESS_ID_FK';
DELETE FROM ENTITY_RELATIONSHIP WHERE RELATIONSHIP_ID = 'WORKFLOW_MONITOR_USER_ID_FK';

DELETE FROM ENTITY_FIELD  WHERE TABLE_ID = 'SUBSYSTEM' AND FIELD_ID = 'SUBSYSTEM_ID';
DELETE FROM ENTITY_FIELD  WHERE TABLE_ID = 'SUBSYSTEM' AND FIELD_ID = 'NAME';
DELETE FROM ENTITY_FIELD  WHERE TABLE_ID = 'MODULE' AND FIELD_ID = 'SUBSYSTEM_ID';
DELETE FROM ENTITY_FIELD  WHERE TABLE_ID = 'MODULE' AND FIELD_ID = 'MODULE_ID';
DELETE FROM ENTITY_FIELD  WHERE TABLE_ID = 'MODULE' AND FIELD_ID = 'NAME';
DELETE FROM ENTITY_FIELD  WHERE TABLE_ID = 'PROCESS' AND FIELD_ID = 'SUBSYSTEM_ID';
DELETE FROM ENTITY_FIELD  WHERE TABLE_ID = 'PROCESS' AND FIELD_ID = 'MODULE_ID';
DELETE FROM ENTITY_FIELD  WHERE TABLE_ID = 'PROCESS' AND FIELD_ID = 'PROCESS_ID';
DELETE FROM ENTITY_FIELD  WHERE TABLE_ID = 'PROCESS' AND FIELD_ID = 'NAME';
DELETE FROM ENTITY_FIELD  WHERE TABLE_ID = 'PROCESS' AND FIELD_ID = 'ENABLE';
DELETE FROM ENTITY_FIELD  WHERE TABLE_ID = 'PROCESS' AND FIELD_ID = 'URL';
DELETE FROM ENTITY_FIELD  WHERE TABLE_ID = 'PROCESS' AND FIELD_ID = 'DATAFILE_ID';
DELETE FROM ENTITY_FIELD  WHERE TABLE_ID = 'PROCESS' AND FIELD_ID = 'WORKFLOW_ID';
DELETE FROM ENTITY_FIELD  WHERE TABLE_ID = 'COMPONENT' AND FIELD_ID = 'COMPONENT_ID';
DELETE FROM ENTITY_FIELD  WHERE TABLE_ID = 'COMPONENT' AND FIELD_ID = 'SUBSYSTEM_ID';
DELETE FROM ENTITY_FIELD  WHERE TABLE_ID = 'COMPONENT' AND FIELD_ID = 'CLASS_NAME';
DELETE FROM ENTITY_FIELD  WHERE TABLE_ID = 'COMPONENT' AND FIELD_ID = 'METHOD_NAME';
DELETE FROM ENTITY_FIELD  WHERE TABLE_ID = 'COMPONENT' AND FIELD_ID = 'DESCRIPTION';
DELETE FROM ENTITY_FIELD  WHERE TABLE_ID = 'PROCESS_COMPONENT' AND FIELD_ID = 'CHANNEL_ID';
DELETE FROM ENTITY_FIELD  WHERE TABLE_ID = 'PROCESS_COMPONENT' AND FIELD_ID = 'SUBSYSTEM_ID';
DELETE FROM ENTITY_FIELD  WHERE TABLE_ID = 'PROCESS_COMPONENT' AND FIELD_ID = 'MODULE_ID';
DELETE FROM ENTITY_FIELD  WHERE TABLE_ID = 'PROCESS_COMPONENT' AND FIELD_ID = 'PROCESS_ID';
DELETE FROM ENTITY_FIELD  WHERE TABLE_ID = 'PROCESS_COMPONENT' AND FIELD_ID = 'PROCESS_SEQUENCE';
DELETE FROM ENTITY_FIELD  WHERE TABLE_ID = 'PROCESS_COMPONENT' AND FIELD_ID = 'COMPONENT_ID';
DELETE FROM ENTITY_FIELD  WHERE TABLE_ID = 'PROCESS_COMPONENT' AND FIELD_ID = 'ENABLE';
DELETE FROM ENTITY_FIELD  WHERE TABLE_ID = 'PROCESS_COMPONENT' AND FIELD_ID = 'AUTHORIZE';
DELETE FROM ENTITY_FIELD  WHERE TABLE_ID = 'PROCESS_COMPONENT' AND FIELD_ID = 'DECISION_ID';
DELETE FROM ENTITY_FIELD  WHERE TABLE_ID = 'PROFILE' AND FIELD_ID = 'PROFILE_ID';
DELETE FROM ENTITY_FIELD  WHERE TABLE_ID = 'PROFILE' AND FIELD_ID = 'NAME';
DELETE FROM ENTITY_FIELD  WHERE TABLE_ID = 'ROLE' AND FIELD_ID = 'PROFILE_ID';
DELETE FROM ENTITY_FIELD  WHERE TABLE_ID = 'ROLE' AND FIELD_ID = 'SUBSYSTEM_ID';
DELETE FROM ENTITY_FIELD  WHERE TABLE_ID = 'ROLE' AND FIELD_ID = 'MODULE_ID';
DELETE FROM ENTITY_FIELD  WHERE TABLE_ID = 'ROLE' AND FIELD_ID = 'PROCESS_ID';
DELETE FROM ENTITY_FIELD  WHERE TABLE_ID = 'ROLE' AND FIELD_ID = 'DAY_ID';
DELETE FROM ENTITY_FIELD  WHERE TABLE_ID = 'ROLE' AND FIELD_ID = 'HOUR_FROM';
DELETE FROM ENTITY_FIELD  WHERE TABLE_ID = 'ROLE' AND FIELD_ID = 'HOUR_TO';
DELETE FROM ENTITY_FIELD  WHERE TABLE_ID = 'ROLE' AND FIELD_ID = 'EDITABLE';
DELETE FROM ENTITY_FIELD  WHERE TABLE_ID = 'HOST' AND FIELD_ID = 'HOST_ID';
DELETE FROM ENTITY_FIELD  WHERE TABLE_ID = 'HOST' AND FIELD_ID = 'ADDRESS';
DELETE FROM ENTITY_FIELD  WHERE TABLE_ID = 'HOST' AND FIELD_ID = 'CHANNEL_ID';
DELETE FROM ENTITY_FIELD  WHERE TABLE_ID = 'HOST' AND FIELD_ID = 'BRANCH_ID';
DELETE FROM ENTITY_FIELD  WHERE TABLE_ID = 'HOST' AND FIELD_ID = 'OFFICE_ID';
DELETE FROM ENTITY_FIELD  WHERE TABLE_ID = 'HOST' AND FIELD_ID = 'TIME_ZONE';
DELETE FROM ENTITY_FIELD  WHERE TABLE_ID = 'USER_TYPE' AND FIELD_ID = 'USER_TYPE_ID';
DELETE FROM ENTITY_FIELD  WHERE TABLE_ID = 'USER_TYPE' AND FIELD_ID = 'NAME';
DELETE FROM ENTITY_FIELD  WHERE TABLE_ID = 'USER_STATUS' AND FIELD_ID = 'USER_STATUS_ID';
DELETE FROM ENTITY_FIELD  WHERE TABLE_ID = 'USER_STATUS' AND FIELD_ID = 'NAME';
DELETE FROM ENTITY_FIELD  WHERE TABLE_ID = 'USER_ACCOUNT' AND FIELD_ID = 'USER_ID';
DELETE FROM ENTITY_FIELD  WHERE TABLE_ID = 'USER_ACCOUNT' AND FIELD_ID = 'NAME';
DELETE FROM ENTITY_FIELD  WHERE TABLE_ID = 'USER_ACCOUNT' AND FIELD_ID = 'USER_TYPE_ID';
DELETE FROM ENTITY_FIELD  WHERE TABLE_ID = 'USER_ACCOUNT' AND FIELD_ID = 'USER_STATUS_ID';
DELETE FROM ENTITY_FIELD  WHERE TABLE_ID = 'USER_ACCOUNT' AND FIELD_ID = 'LANGUAGE_ID';
DELETE FROM ENTITY_FIELD  WHERE TABLE_ID = 'USER_ACCOUNT' AND FIELD_ID = 'EMAIL';
DELETE FROM ENTITY_FIELD  WHERE TABLE_ID = 'USER_ACCOUNT' AND FIELD_ID = 'PERSON_ID';
DELETE FROM ENTITY_FIELD  WHERE TABLE_ID = 'USER_ACCESS' AND FIELD_ID = 'USER_ID';
DELETE FROM ENTITY_FIELD  WHERE TABLE_ID = 'USER_ACCESS' AND FIELD_ID = 'USER_KEY';
DELETE FROM ENTITY_FIELD  WHERE TABLE_ID = 'USER_ACCESS' AND FIELD_ID = 'LAST_CHANGE';
DELETE FROM ENTITY_FIELD  WHERE TABLE_ID = 'USER_ACCESS' AND FIELD_ID = 'QUESTION';
DELETE FROM ENTITY_FIELD  WHERE TABLE_ID = 'USER_ACCESS' AND FIELD_ID = 'ANSWER';
DELETE FROM ENTITY_FIELD  WHERE TABLE_ID = 'USER_PROFILE' AND FIELD_ID = 'USER_ID';
DELETE FROM ENTITY_FIELD  WHERE TABLE_ID = 'USER_PROFILE' AND FIELD_ID = 'PROFILE_ID';
DELETE FROM ENTITY_FIELD  WHERE TABLE_ID = 'USER_SESSION' AND FIELD_ID = 'USER_ID';
DELETE FROM ENTITY_FIELD  WHERE TABLE_ID = 'USER_SESSION' AND FIELD_ID = 'HOST_ID';
DELETE FROM ENTITY_FIELD  WHERE TABLE_ID = 'USER_SESSION' AND FIELD_ID = 'TOKEN';
DELETE FROM ENTITY_FIELD  WHERE TABLE_ID = 'USER_NOTIFICATION_TYPE' AND FIELD_ID = 'USER_NOTIFICATION_TYPE_ID';
DELETE FROM ENTITY_FIELD  WHERE TABLE_ID = 'USER_NOTIFICATION_TYPE' AND FIELD_ID = 'NAME';
DELETE FROM ENTITY_FIELD  WHERE TABLE_ID = 'USER_NOTIFICATION' AND FIELD_ID = 'USER_ID';
DELETE FROM ENTITY_FIELD  WHERE TABLE_ID = 'USER_NOTIFICATION' AND FIELD_ID = 'USER_NOTIFICATION_TYPE_ID';
DELETE FROM ENTITY_FIELD  WHERE TABLE_ID = 'USER_NOTIFICATION' AND FIELD_ID = 'SUBJECT';
DELETE FROM ENTITY_FIELD  WHERE TABLE_ID = 'USER_NOTIFICATION' AND FIELD_ID = 'MESSAGE';
DELETE FROM ENTITY_FIELD  WHERE TABLE_ID = 'USER_NOTIFICATION' AND FIELD_ID = 'READ';
DELETE FROM ENTITY_FIELD  WHERE TABLE_ID = 'USER_AUTHORIZATION' AND FIELD_ID = 'USER_ID';
DELETE FROM ENTITY_FIELD  WHERE TABLE_ID = 'USER_AUTHORIZATION' AND FIELD_ID = 'AUTHORIZER_ID';
DELETE FROM ENTITY_FIELD  WHERE TABLE_ID = 'USER_AUTHORIZATION' AND FIELD_ID = 'SUBSYSTEM_ID';
DELETE FROM ENTITY_FIELD  WHERE TABLE_ID = 'USER_AUTHORIZATION' AND FIELD_ID = 'MODULE_ID';
DELETE FROM ENTITY_FIELD  WHERE TABLE_ID = 'USER_AUTHORIZATION' AND FIELD_ID = 'PROCESS_ID';
DELETE FROM ENTITY_FIELD  WHERE TABLE_ID = 'WORKFLOW_STEP' AND FIELD_ID = 'WORKFLOW_STEP_ID';
DELETE FROM ENTITY_FIELD  WHERE TABLE_ID = 'WORKFLOW_STEP' AND FIELD_ID = 'NAME';
DELETE FROM ENTITY_FIELD  WHERE TABLE_ID = 'WORKFLOW_STATUS' AND FIELD_ID = 'WORKFLOW_STATUS_ID';
DELETE FROM ENTITY_FIELD  WHERE TABLE_ID = 'WORKFLOW_STATUS' AND FIELD_ID = 'NAME';
DELETE FROM ENTITY_FIELD  WHERE TABLE_ID = 'WORKFLOW_PROCESS' AND FIELD_ID = 'WORKFLOW_ID';
DELETE FROM ENTITY_FIELD  WHERE TABLE_ID = 'WORKFLOW_PROCESS' AND FIELD_ID = 'WORKFLOW_SEQUENCE';
DELETE FROM ENTITY_FIELD  WHERE TABLE_ID = 'WORKFLOW_PROCESS' AND FIELD_ID = 'SUBSYSTEM_ID';
DELETE FROM ENTITY_FIELD  WHERE TABLE_ID = 'WORKFLOW_PROCESS' AND FIELD_ID = 'MODULE_ID';
DELETE FROM ENTITY_FIELD  WHERE TABLE_ID = 'WORKFLOW_PROCESS' AND FIELD_ID = 'PROCESS_ID';
DELETE FROM ENTITY_FIELD  WHERE TABLE_ID = 'WORKFLOW_DECISION' AND FIELD_ID = 'DECISION_ID';
DELETE FROM ENTITY_FIELD  WHERE TABLE_ID = 'WORKFLOW_DECISION' AND FIELD_ID = 'DECISION_SEQUENCE';
DELETE FROM ENTITY_FIELD  WHERE TABLE_ID = 'WORKFLOW_DECISION' AND FIELD_ID = 'DECISION_RULE';
DELETE FROM ENTITY_FIELD  WHERE TABLE_ID = 'WORKFLOW_DECISION' AND FIELD_ID = 'WORKFLOW_STEP_ID';
DELETE FROM ENTITY_FIELD  WHERE TABLE_ID = 'WORKFLOW_DECISION' AND FIELD_ID = 'CHANNEL_ID';
DELETE FROM ENTITY_FIELD  WHERE TABLE_ID = 'WORKFLOW_DECISION' AND FIELD_ID = 'SUBSYSTEM_ID';
DELETE FROM ENTITY_FIELD  WHERE TABLE_ID = 'WORKFLOW_DECISION' AND FIELD_ID = 'MODULE_ID';
DELETE FROM ENTITY_FIELD  WHERE TABLE_ID = 'WORKFLOW_DECISION' AND FIELD_ID = 'PROCESS_ID';
DELETE FROM ENTITY_FIELD  WHERE TABLE_ID = 'WORKFLOW_DECISION' AND FIELD_ID = 'PROCESS_SEQUENCE';
DELETE FROM ENTITY_FIELD  WHERE TABLE_ID = 'WORKFLOW_MONITOR' AND FIELD_ID = 'JOB_NUMBER';
DELETE FROM ENTITY_FIELD  WHERE TABLE_ID = 'WORKFLOW_MONITOR' AND FIELD_ID = 'JOB_DATE';
DELETE FROM ENTITY_FIELD  WHERE TABLE_ID = 'WORKFLOW_MONITOR' AND FIELD_ID = 'USER_ID';
DELETE FROM ENTITY_FIELD  WHERE TABLE_ID = 'WORKFLOW_MONITOR' AND FIELD_ID = 'WORKFLOW_ID';
DELETE FROM ENTITY_FIELD  WHERE TABLE_ID = 'WORKFLOW_MONITOR' AND FIELD_ID = 'WORKFLOW_SEQUENCE';
DELETE FROM ENTITY_FIELD  WHERE TABLE_ID = 'WORKFLOW_MONITOR' AND FIELD_ID = 'WORKFLOW_STATUS_ID';
DELETE FROM ENTITY_FIELD  WHERE TABLE_ID = 'WORKFLOW_MONITOR' AND FIELD_ID = 'SUBSYSTEM_ID';
DELETE FROM ENTITY_FIELD  WHERE TABLE_ID = 'WORKFLOW_MONITOR' AND FIELD_ID = 'MODULE_ID';
DELETE FROM ENTITY_FIELD  WHERE TABLE_ID = 'WORKFLOW_MONITOR' AND FIELD_ID = 'PROCESS_ID';
DELETE FROM ENTITY_FIELD  WHERE TABLE_ID = 'WORKFLOW_MONITOR' AND FIELD_ID = 'AUTHORIZER_ID';

DELETE FROM ENTITY_FIELD_ID WHERE TABLE_ID = 'SUBSYSTEM_ID' AND FIELD_ID = 'SUBSYSTEM_ID';
DELETE FROM ENTITY_FIELD_ID WHERE TABLE_ID = 'SUBSYSTEM' AND FIELD_ID = 'COMPANY_ID';
DELETE FROM ENTITY_FIELD_ID WHERE TABLE_ID = 'SUBSYSTEM' AND FIELD_ID = 'LANGUAGE_ID';
DELETE FROM ENTITY_FIELD_ID WHERE TABLE_ID = 'SUBSYSTEM' AND FIELD_ID = 'SUBSYSTEM_ID';
DELETE FROM ENTITY_FIELD_ID WHERE TABLE_ID = 'SUBSYSTEM' AND FIELD_ID = 'NAME';
DELETE FROM ENTITY_FIELD_ID WHERE TABLE_ID = 'MODULE_ID' AND FIELD_ID = 'SUBSYSTEM_ID';
DELETE FROM ENTITY_FIELD_ID WHERE TABLE_ID = 'MODULE_ID' AND FIELD_ID = 'MODULE_ID';
DELETE FROM ENTITY_FIELD_ID WHERE TABLE_ID = 'MODULE' AND FIELD_ID = 'COMPANY_ID';
DELETE FROM ENTITY_FIELD_ID WHERE TABLE_ID = 'MODULE' AND FIELD_ID = 'LANGUAGE_ID';
DELETE FROM ENTITY_FIELD_ID WHERE TABLE_ID = 'MODULE' AND FIELD_ID = 'SUBSYSTEM_ID';
DELETE FROM ENTITY_FIELD_ID WHERE TABLE_ID = 'MODULE' AND FIELD_ID = 'MODULE_ID';
DELETE FROM ENTITY_FIELD_ID WHERE TABLE_ID = 'MODULE' AND FIELD_ID = 'NAME';
DELETE FROM ENTITY_FIELD_ID WHERE TABLE_ID = 'PROCESS_ID' AND FIELD_ID = 'SUBSYSTEM_ID';
DELETE FROM ENTITY_FIELD_ID WHERE TABLE_ID = 'PROCESS_ID' AND FIELD_ID = 'MODULE_ID';
DELETE FROM ENTITY_FIELD_ID WHERE TABLE_ID = 'PROCESS_ID' AND FIELD_ID = 'PROCESS_ID';
DELETE FROM ENTITY_FIELD_ID WHERE TABLE_ID = 'PROCESS' AND FIELD_ID = 'COMPANY_ID';
DELETE FROM ENTITY_FIELD_ID WHERE TABLE_ID = 'PROCESS' AND FIELD_ID = 'LANGUAGE_ID';
DELETE FROM ENTITY_FIELD_ID WHERE TABLE_ID = 'PROCESS' AND FIELD_ID = 'SUBSYSTEM_ID';
DELETE FROM ENTITY_FIELD_ID WHERE TABLE_ID = 'PROCESS' AND FIELD_ID = 'MODULE_ID';
DELETE FROM ENTITY_FIELD_ID WHERE TABLE_ID = 'PROCESS' AND FIELD_ID = 'PROCESS_ID';
DELETE FROM ENTITY_FIELD_ID WHERE TABLE_ID = 'PROCESS' AND FIELD_ID = 'NAME';
DELETE FROM ENTITY_FIELD_ID WHERE TABLE_ID = 'PROCESS' AND FIELD_ID = 'ENABLE';
DELETE FROM ENTITY_FIELD_ID WHERE TABLE_ID = 'PROCESS' AND FIELD_ID = 'URL';
DELETE FROM ENTITY_FIELD_ID WHERE TABLE_ID = 'PROCESS' AND FIELD_ID = 'DATAFILE_ID';
DELETE FROM ENTITY_FIELD_ID WHERE TABLE_ID = 'PROCESS' AND FIELD_ID = 'WORKFLOW_ID';
DELETE FROM ENTITY_FIELD_ID WHERE TABLE_ID = 'COMPONENT_ID' AND FIELD_ID = 'COMPONENT_ID';
DELETE FROM ENTITY_FIELD_ID WHERE TABLE_ID = 'COMPONENT' AND FIELD_ID = 'COMPANY_ID';
DELETE FROM ENTITY_FIELD_ID WHERE TABLE_ID = 'COMPONENT' AND FIELD_ID = 'COMPONENT_ID';
DELETE FROM ENTITY_FIELD_ID WHERE TABLE_ID = 'COMPONENT' AND FIELD_ID = 'SUBSYSTEM_ID';
DELETE FROM ENTITY_FIELD_ID WHERE TABLE_ID = 'COMPONENT' AND FIELD_ID = 'CLASS_NAME';
DELETE FROM ENTITY_FIELD_ID WHERE TABLE_ID = 'COMPONENT' AND FIELD_ID = 'METHOD_NAME';
DELETE FROM ENTITY_FIELD_ID WHERE TABLE_ID = 'COMPONENT' AND FIELD_ID = 'DESCRIPTION';
DELETE FROM ENTITY_FIELD_ID WHERE TABLE_ID = 'PROCESS_COMPONENT' AND FIELD_ID = 'COMPANY_ID';
DELETE FROM ENTITY_FIELD_ID WHERE TABLE_ID = 'PROCESS_COMPONENT' AND FIELD_ID = 'CHANNEL_ID';
DELETE FROM ENTITY_FIELD_ID WHERE TABLE_ID = 'PROCESS_COMPONENT' AND FIELD_ID = 'SUBSYSTEM_ID';
DELETE FROM ENTITY_FIELD_ID WHERE TABLE_ID = 'PROCESS_COMPONENT' AND FIELD_ID = 'MODULE_ID';
DELETE FROM ENTITY_FIELD_ID WHERE TABLE_ID = 'PROCESS_COMPONENT' AND FIELD_ID = 'PROCESS_ID';
DELETE FROM ENTITY_FIELD_ID WHERE TABLE_ID = 'PROCESS_COMPONENT' AND FIELD_ID = 'PROCESS_SEQUENCE';
DELETE FROM ENTITY_FIELD_ID WHERE TABLE_ID = 'PROCESS_COMPONENT' AND FIELD_ID = 'COMPONENT_ID';
DELETE FROM ENTITY_FIELD_ID WHERE TABLE_ID = 'PROCESS_COMPONENT' AND FIELD_ID = 'ENABLE';
DELETE FROM ENTITY_FIELD_ID WHERE TABLE_ID = 'PROCESS_COMPONENT' AND FIELD_ID = 'AUTHORIZE';
DELETE FROM ENTITY_FIELD_ID WHERE TABLE_ID = 'PROCESS_COMPONENT' AND FIELD_ID = 'DECISION_ID';
DELETE FROM ENTITY_FIELD_ID WHERE TABLE_ID = 'PROFILE_ID' AND FIELD_ID = 'PROFILE_ID';
DELETE FROM ENTITY_FIELD_ID WHERE TABLE_ID = 'PROFILE' AND FIELD_ID = 'COMPANY_ID';
DELETE FROM ENTITY_FIELD_ID WHERE TABLE_ID = 'PROFILE' AND FIELD_ID = 'LANGUAGE_ID';
DELETE FROM ENTITY_FIELD_ID WHERE TABLE_ID = 'PROFILE' AND FIELD_ID = 'PROFILE_ID';
DELETE FROM ENTITY_FIELD_ID WHERE TABLE_ID = 'PROFILE' AND FIELD_ID = 'NAME';
DELETE FROM ENTITY_FIELD_ID WHERE TABLE_ID = 'ROLE' AND FIELD_ID = 'COMPANY_ID';
DELETE FROM ENTITY_FIELD_ID WHERE TABLE_ID = 'ROLE' AND FIELD_ID = 'PROFILE_ID';
DELETE FROM ENTITY_FIELD_ID WHERE TABLE_ID = 'ROLE' AND FIELD_ID = 'SUBSYSTEM_ID';
DELETE FROM ENTITY_FIELD_ID WHERE TABLE_ID = 'ROLE' AND FIELD_ID = 'MODULE_ID';
DELETE FROM ENTITY_FIELD_ID WHERE TABLE_ID = 'ROLE' AND FIELD_ID = 'PROCESS_ID';
DELETE FROM ENTITY_FIELD_ID WHERE TABLE_ID = 'ROLE' AND FIELD_ID = 'DAY_ID';
DELETE FROM ENTITY_FIELD_ID WHERE TABLE_ID = 'ROLE' AND FIELD_ID = 'HOUR_FROM';
DELETE FROM ENTITY_FIELD_ID WHERE TABLE_ID = 'ROLE' AND FIELD_ID = 'HOUR_TO';
DELETE FROM ENTITY_FIELD_ID WHERE TABLE_ID = 'ROLE' AND FIELD_ID = 'EDITABLE';
DELETE FROM ENTITY_FIELD_ID WHERE TABLE_ID = 'HOST_ID' AND FIELD_ID = 'HOST_ID';
DELETE FROM ENTITY_FIELD_ID WHERE TABLE_ID = 'HOST' AND FIELD_ID = 'COMPANY_ID';
DELETE FROM ENTITY_FIELD_ID WHERE TABLE_ID = 'HOST' AND FIELD_ID = 'HOST_ID';
DELETE FROM ENTITY_FIELD_ID WHERE TABLE_ID = 'HOST' AND FIELD_ID = 'ADDRESS';
DELETE FROM ENTITY_FIELD_ID WHERE TABLE_ID = 'HOST' AND FIELD_ID = 'CHANNEL_ID';
DELETE FROM ENTITY_FIELD_ID WHERE TABLE_ID = 'HOST' AND FIELD_ID = 'BRANCH_ID';
DELETE FROM ENTITY_FIELD_ID WHERE TABLE_ID = 'HOST' AND FIELD_ID = 'OFFICE_ID';
DELETE FROM ENTITY_FIELD_ID WHERE TABLE_ID = 'HOST' AND FIELD_ID = 'TIME_ZONE';
DELETE FROM ENTITY_FIELD_ID WHERE TABLE_ID = 'USER_TYPE_ID' AND FIELD_ID = 'USER_TYPE_ID';
DELETE FROM ENTITY_FIELD_ID WHERE TABLE_ID = 'USER_TYPE' AND FIELD_ID = 'COMPANY_ID';
DELETE FROM ENTITY_FIELD_ID WHERE TABLE_ID = 'USER_TYPE' AND FIELD_ID = 'LANGUAGE_ID';
DELETE FROM ENTITY_FIELD_ID WHERE TABLE_ID = 'USER_TYPE' AND FIELD_ID = 'USER_TYPE_ID';
DELETE FROM ENTITY_FIELD_ID WHERE TABLE_ID = 'USER_TYPE' AND FIELD_ID = 'NAME';
DELETE FROM ENTITY_FIELD_ID WHERE TABLE_ID = 'USER_STATUS_ID' AND FIELD_ID = 'USER_STATUS_ID';
DELETE FROM ENTITY_FIELD_ID WHERE TABLE_ID = 'USER_STATUS' AND FIELD_ID = 'COMPANY_ID';
DELETE FROM ENTITY_FIELD_ID WHERE TABLE_ID = 'USER_STATUS' AND FIELD_ID = 'LANGUAGE_ID';
DELETE FROM ENTITY_FIELD_ID WHERE TABLE_ID = 'USER_STATUS' AND FIELD_ID = 'USER_STATUS_ID';
DELETE FROM ENTITY_FIELD_ID WHERE TABLE_ID = 'USER_STATUS' AND FIELD_ID = 'NAME';
DELETE FROM ENTITY_FIELD_ID WHERE TABLE_ID = 'USER_ACCOUNT_ID' AND FIELD_ID = 'USER_ID';
DELETE FROM ENTITY_FIELD_ID WHERE TABLE_ID = 'USER_ACCOUNT' AND FIELD_ID = 'COMPANY_ID';
DELETE FROM ENTITY_FIELD_ID WHERE TABLE_ID = 'USER_ACCOUNT' AND FIELD_ID = 'USER_ID';
DELETE FROM ENTITY_FIELD_ID WHERE TABLE_ID = 'USER_ACCOUNT' AND FIELD_ID = 'NAME';
DELETE FROM ENTITY_FIELD_ID WHERE TABLE_ID = 'USER_ACCOUNT' AND FIELD_ID = 'USER_TYPE_ID';
DELETE FROM ENTITY_FIELD_ID WHERE TABLE_ID = 'USER_ACCOUNT' AND FIELD_ID = 'USER_STATUS_ID';
DELETE FROM ENTITY_FIELD_ID WHERE TABLE_ID = 'USER_ACCOUNT' AND FIELD_ID = 'LANGUAGE_ID';
DELETE FROM ENTITY_FIELD_ID WHERE TABLE_ID = 'USER_ACCOUNT' AND FIELD_ID = 'EMAIL';
DELETE FROM ENTITY_FIELD_ID WHERE TABLE_ID = 'USER_ACCOUNT' AND FIELD_ID = 'PERSON_ID';
DELETE FROM ENTITY_FIELD_ID WHERE TABLE_ID = 'USER_ACCESS' AND FIELD_ID = 'COMPANY_ID';
DELETE FROM ENTITY_FIELD_ID WHERE TABLE_ID = 'USER_ACCESS' AND FIELD_ID = 'USER_ID';
DELETE FROM ENTITY_FIELD_ID WHERE TABLE_ID = 'USER_ACCESS' AND FIELD_ID = 'USER_KEY';
DELETE FROM ENTITY_FIELD_ID WHERE TABLE_ID = 'USER_ACCESS' AND FIELD_ID = 'LAST_CHANGE';
DELETE FROM ENTITY_FIELD_ID WHERE TABLE_ID = 'USER_ACCESS' AND FIELD_ID = 'QUESTION';
DELETE FROM ENTITY_FIELD_ID WHERE TABLE_ID = 'USER_ACCESS' AND FIELD_ID = 'ANSWER';
DELETE FROM ENTITY_FIELD_ID WHERE TABLE_ID = 'USER_PROFILE' AND FIELD_ID = 'COMPANY_ID';
DELETE FROM ENTITY_FIELD_ID WHERE TABLE_ID = 'USER_PROFILE' AND FIELD_ID = 'USER_ID';
DELETE FROM ENTITY_FIELD_ID WHERE TABLE_ID = 'USER_PROFILE' AND FIELD_ID = 'PROFILE_ID';
DELETE FROM ENTITY_FIELD_ID WHERE TABLE_ID = 'USER_SESSION' AND FIELD_ID = 'COMPANY_ID';
DELETE FROM ENTITY_FIELD_ID WHERE TABLE_ID = 'USER_SESSION' AND FIELD_ID = 'USER_ID';
DELETE FROM ENTITY_FIELD_ID WHERE TABLE_ID = 'USER_SESSION' AND FIELD_ID = 'HOST_ID';
DELETE FROM ENTITY_FIELD_ID WHERE TABLE_ID = 'USER_SESSION' AND FIELD_ID = 'TOKEN';
DELETE FROM ENTITY_FIELD_ID WHERE TABLE_ID = 'USER_NOTIFICATION_TYPE_ID' AND FIELD_ID = 'USER_NOTIFICATION_TYPE_ID';
DELETE FROM ENTITY_FIELD_ID WHERE TABLE_ID = 'USER_NOTIFICATION_TYPE' AND FIELD_ID = 'LANGUAGE_ID';
DELETE FROM ENTITY_FIELD_ID WHERE TABLE_ID = 'USER_NOTIFICATION_TYPE' AND FIELD_ID = 'USER_NOTIFICATION_TYPE_ID';
DELETE FROM ENTITY_FIELD_ID WHERE TABLE_ID = 'USER_NOTIFICATION_TYPE' AND FIELD_ID = 'NAME';
DELETE FROM ENTITY_FIELD_ID WHERE TABLE_ID = 'USER_NOTIFICATION' AND FIELD_ID = 'COMPANY_ID';
DELETE FROM ENTITY_FIELD_ID WHERE TABLE_ID = 'USER_NOTIFICATION' AND FIELD_ID = 'USER_ID';
DELETE FROM ENTITY_FIELD_ID WHERE TABLE_ID = 'USER_NOTIFICATION' AND FIELD_ID = 'USER_NOTIFICATION_TYPE_ID';
DELETE FROM ENTITY_FIELD_ID WHERE TABLE_ID = 'USER_NOTIFICATION' AND FIELD_ID = 'SUBJECT';
DELETE FROM ENTITY_FIELD_ID WHERE TABLE_ID = 'USER_NOTIFICATION' AND FIELD_ID = 'MESSAGE';
DELETE FROM ENTITY_FIELD_ID WHERE TABLE_ID = 'USER_NOTIFICATION' AND FIELD_ID = 'READ';
DELETE FROM ENTITY_FIELD_ID WHERE TABLE_ID = 'USER_AUTHORIZATION' AND FIELD_ID = 'COMPANY_ID';
DELETE FROM ENTITY_FIELD_ID WHERE TABLE_ID = 'USER_AUTHORIZATION' AND FIELD_ID = 'USER_ID';
DELETE FROM ENTITY_FIELD_ID WHERE TABLE_ID = 'USER_AUTHORIZATION' AND FIELD_ID = 'AUTHORIZER_ID';
DELETE FROM ENTITY_FIELD_ID WHERE TABLE_ID = 'USER_AUTHORIZATION' AND FIELD_ID = 'SUBSYSTEM_ID';
DELETE FROM ENTITY_FIELD_ID WHERE TABLE_ID = 'USER_AUTHORIZATION' AND FIELD_ID = 'MODULE_ID';
DELETE FROM ENTITY_FIELD_ID WHERE TABLE_ID = 'USER_AUTHORIZATION' AND FIELD_ID = 'PROCESS_ID';
DELETE FROM ENTITY_FIELD_ID WHERE TABLE_ID = 'WORKFLOW_STEP_ID' AND FIELD_ID = 'WORKFLOW_STEP_ID';
DELETE FROM ENTITY_FIELD_ID WHERE TABLE_ID = 'WORKFLOW_STEP' AND FIELD_ID = 'LANGUAGE_ID';
DELETE FROM ENTITY_FIELD_ID WHERE TABLE_ID = 'WORKFLOW_STEP' AND FIELD_ID = 'WORKFLOW_STEP_ID';
DELETE FROM ENTITY_FIELD_ID WHERE TABLE_ID = 'WORKFLOW_STEP' AND FIELD_ID = 'NAME';
DELETE FROM ENTITY_FIELD_ID WHERE TABLE_ID = 'WORKFLOW_STATUS_ID' AND FIELD_ID = 'WORKFLOW_STATUS_ID';
DELETE FROM ENTITY_FIELD_ID WHERE TABLE_ID = 'WORKFLOW_STATUS' AND FIELD_ID = 'LANGUAGE_ID';
DELETE FROM ENTITY_FIELD_ID WHERE TABLE_ID = 'WORKFLOW_STATUS' AND FIELD_ID = 'WORKFLOW_STATUS_ID';
DELETE FROM ENTITY_FIELD_ID WHERE TABLE_ID = 'WORKFLOW_STATUS' AND FIELD_ID = 'NAME';
DELETE FROM ENTITY_FIELD_ID WHERE TABLE_ID = 'WORKFLOW_PROCESS_ID' AND FIELD_ID = 'WORKFLOW_ID';
DELETE FROM ENTITY_FIELD_ID WHERE TABLE_ID = 'WORKFLOW_PROCESS' AND FIELD_ID = 'COMPANY_ID';
DELETE FROM ENTITY_FIELD_ID WHERE TABLE_ID = 'WORKFLOW_PROCESS' AND FIELD_ID = 'WORKFLOW_ID';
DELETE FROM ENTITY_FIELD_ID WHERE TABLE_ID = 'WORKFLOW_PROCESS' AND FIELD_ID = 'WORKFLOW_SEQUENCE';
DELETE FROM ENTITY_FIELD_ID WHERE TABLE_ID = 'WORKFLOW_PROCESS' AND FIELD_ID = 'SUBSYSTEM_ID';
DELETE FROM ENTITY_FIELD_ID WHERE TABLE_ID = 'WORKFLOW_PROCESS' AND FIELD_ID = 'MODULE_ID';
DELETE FROM ENTITY_FIELD_ID WHERE TABLE_ID = 'WORKFLOW_PROCESS' AND FIELD_ID = 'PROCESS_ID';
DELETE FROM ENTITY_FIELD_ID WHERE TABLE_ID = 'WORKFLOW_DECISION_ID' AND FIELD_ID = 'DECISION_ID';
DELETE FROM ENTITY_FIELD_ID WHERE TABLE_ID = 'WORKFLOW_DECISION' AND FIELD_ID = 'COMPANY_ID';
DELETE FROM ENTITY_FIELD_ID WHERE TABLE_ID = 'WORKFLOW_DECISION' AND FIELD_ID = 'DECISION_ID';
DELETE FROM ENTITY_FIELD_ID WHERE TABLE_ID = 'WORKFLOW_DECISION' AND FIELD_ID = 'DECISION_SEQUENCE';
DELETE FROM ENTITY_FIELD_ID WHERE TABLE_ID = 'WORKFLOW_DECISION' AND FIELD_ID = 'DECISION_RULE';
DELETE FROM ENTITY_FIELD_ID WHERE TABLE_ID = 'WORKFLOW_DECISION' AND FIELD_ID = 'WORKFLOW_STEP_ID';
DELETE FROM ENTITY_FIELD_ID WHERE TABLE_ID = 'WORKFLOW_DECISION' AND FIELD_ID = 'CHANNEL_ID';
DELETE FROM ENTITY_FIELD_ID WHERE TABLE_ID = 'WORKFLOW_DECISION' AND FIELD_ID = 'SUBSYSTEM_ID';
DELETE FROM ENTITY_FIELD_ID WHERE TABLE_ID = 'WORKFLOW_DECISION' AND FIELD_ID = 'MODULE_ID';
DELETE FROM ENTITY_FIELD_ID WHERE TABLE_ID = 'WORKFLOW_DECISION' AND FIELD_ID = 'PROCESS_ID';
DELETE FROM ENTITY_FIELD_ID WHERE TABLE_ID = 'WORKFLOW_DECISION' AND FIELD_ID = 'PROCESS_SEQUENCE';
DELETE FROM ENTITY_FIELD_ID WHERE TABLE_ID = 'WORKFLOW_MONITOR' AND FIELD_ID = 'COMPANY_ID';
DELETE FROM ENTITY_FIELD_ID WHERE TABLE_ID = 'WORKFLOW_MONITOR' AND FIELD_ID = 'JOB_NUMBER';
DELETE FROM ENTITY_FIELD_ID WHERE TABLE_ID = 'WORKFLOW_MONITOR' AND FIELD_ID = 'JOB_DATE';
DELETE FROM ENTITY_FIELD_ID WHERE TABLE_ID = 'WORKFLOW_MONITOR' AND FIELD_ID = 'USER_ID';
DELETE FROM ENTITY_FIELD_ID WHERE TABLE_ID = 'WORKFLOW_MONITOR' AND FIELD_ID = 'WORKFLOW_ID';
DELETE FROM ENTITY_FIELD_ID WHERE TABLE_ID = 'WORKFLOW_MONITOR' AND FIELD_ID = 'WORKFLOW_SEQUENCE';
DELETE FROM ENTITY_FIELD_ID WHERE TABLE_ID = 'WORKFLOW_MONITOR' AND FIELD_ID = 'WORKFLOW_STATUS_ID';
DELETE FROM ENTITY_FIELD_ID WHERE TABLE_ID = 'WORKFLOW_MONITOR' AND FIELD_ID = 'SUBSYSTEM_ID';
DELETE FROM ENTITY_FIELD_ID WHERE TABLE_ID = 'WORKFLOW_MONITOR' AND FIELD_ID = 'MODULE_ID';
DELETE FROM ENTITY_FIELD_ID WHERE TABLE_ID = 'WORKFLOW_MONITOR' AND FIELD_ID = 'PROCESS_ID';
DELETE FROM ENTITY_FIELD_ID WHERE TABLE_ID = 'WORKFLOW_MONITOR' AND FIELD_ID = 'AUTHORIZER_ID';

DELETE FROM ENTITY_TABLE WHERE TABLE_ID = 'SUBSYSTEM';
DELETE FROM ENTITY_TABLE WHERE TABLE_ID = 'MODULE';
DELETE FROM ENTITY_TABLE WHERE TABLE_ID = 'PROCESS';
DELETE FROM ENTITY_TABLE WHERE TABLE_ID = 'COMPONENT';
DELETE FROM ENTITY_TABLE WHERE TABLE_ID = 'PROCESS_COMPONENT';
DELETE FROM ENTITY_TABLE WHERE TABLE_ID = 'PROFILE';
DELETE FROM ENTITY_TABLE WHERE TABLE_ID = 'ROLE';
DELETE FROM ENTITY_TABLE WHERE TABLE_ID = 'HOST';
DELETE FROM ENTITY_TABLE WHERE TABLE_ID = 'USER_TYPE';
DELETE FROM ENTITY_TABLE WHERE TABLE_ID = 'USER_STATUS';
DELETE FROM ENTITY_TABLE WHERE TABLE_ID = 'USER_ACCOUNT';
DELETE FROM ENTITY_TABLE WHERE TABLE_ID = 'USER_ACCESS';
DELETE FROM ENTITY_TABLE WHERE TABLE_ID = 'USER_PROFILE';
DELETE FROM ENTITY_TABLE WHERE TABLE_ID = 'USER_SESSION';
DELETE FROM ENTITY_TABLE WHERE TABLE_ID = 'USER_NOTIFICATION_TYPE';
DELETE FROM ENTITY_TABLE WHERE TABLE_ID = 'USER_NOTIFICATION';
DELETE FROM ENTITY_TABLE WHERE TABLE_ID = 'USER_AUTHORIZATION';
DELETE FROM ENTITY_TABLE WHERE TABLE_ID = 'WORKFLOW_STEP';
DELETE FROM ENTITY_TABLE WHERE TABLE_ID = 'WORKFLOW_STATUS';
DELETE FROM ENTITY_TABLE WHERE TABLE_ID = 'WORKFLOW_PROCESS';
DELETE FROM ENTITY_TABLE WHERE TABLE_ID = 'WORKFLOW_DECISION';
DELETE FROM ENTITY_TABLE WHERE TABLE_ID = 'WORKFLOW_MONITOR';

DELETE FROM ENTITY_TABLE_ID WHERE TABLE_ID = 'SUBSYSTEM';
DELETE FROM ENTITY_TABLE_ID WHERE TABLE_ID = 'MODULE';
DELETE FROM ENTITY_TABLE_ID WHERE TABLE_ID = 'PROCESS';
DELETE FROM ENTITY_TABLE_ID WHERE TABLE_ID = 'COMPONENT';
DELETE FROM ENTITY_TABLE_ID WHERE TABLE_ID = 'PROCESS_COMPONENT';
DELETE FROM ENTITY_TABLE_ID WHERE TABLE_ID = 'PROFILE';
DELETE FROM ENTITY_TABLE_ID WHERE TABLE_ID = 'ROLE';
DELETE FROM ENTITY_TABLE_ID WHERE TABLE_ID = 'HOST';
DELETE FROM ENTITY_TABLE_ID WHERE TABLE_ID = 'USER_TYPE';
DELETE FROM ENTITY_TABLE_ID WHERE TABLE_ID = 'USER_STATUS';
DELETE FROM ENTITY_TABLE_ID WHERE TABLE_ID = 'USER_ACCOUNT';
DELETE FROM ENTITY_TABLE_ID WHERE TABLE_ID = 'USER_ACCESS';
DELETE FROM ENTITY_TABLE_ID WHERE TABLE_ID = 'USER_PROFILE';
DELETE FROM ENTITY_TABLE_ID WHERE TABLE_ID = 'USER_SESSION';
DELETE FROM ENTITY_TABLE_ID WHERE TABLE_ID = 'USER_NOTIFICATION_TYPE';
DELETE FROM ENTITY_TABLE_ID WHERE TABLE_ID = 'USER_NOTIFICATION';
DELETE FROM ENTITY_TABLE_ID WHERE TABLE_ID = 'USER_AUTHORIZATION';
DELETE FROM ENTITY_TABLE_ID WHERE TABLE_ID = 'WORKFLOW_STEP';
DELETE FROM ENTITY_TABLE_ID WHERE TABLE_ID = 'WORKFLOW_STATUS';
DELETE FROM ENTITY_TABLE_ID WHERE TABLE_ID = 'WORKFLOW_PROCESS';
DELETE FROM ENTITY_TABLE_ID WHERE TABLE_ID = 'WORKFLOW_DECISION';
DELETE FROM ENTITY_TABLE_ID WHERE TABLE_ID = 'WORKFLOW_MONITOR';
DELETE FROM ENTITY_TABLE_ID WHERE TABLE_ID = 'SUBSYSTEM_ID';
DELETE FROM ENTITY_TABLE_ID WHERE TABLE_ID = 'MODULE_ID';
DELETE FROM ENTITY_TABLE_ID WHERE TABLE_ID = 'PROCESS_ID';
DELETE FROM ENTITY_TABLE_ID WHERE TABLE_ID = 'COMPONENT_ID';
DELETE FROM ENTITY_TABLE_ID WHERE TABLE_ID = 'PROFILE_ID';
DELETE FROM ENTITY_TABLE_ID WHERE TABLE_ID = 'HOST_ID';
DELETE FROM ENTITY_TABLE_ID WHERE TABLE_ID = 'USER_TYPE_ID';
DELETE FROM ENTITY_TABLE_ID WHERE TABLE_ID = 'USER_STATUS_ID';
DELETE FROM ENTITY_TABLE_ID WHERE TABLE_ID = 'USER_ACCOUNT_ID';
DELETE FROM ENTITY_TABLE_ID WHERE TABLE_ID = 'USER_NOTIFICATION_TYPE_ID';
DELETE FROM ENTITY_TABLE_ID WHERE TABLE_ID = 'WORKFLOW_STEP_ID';
DELETE FROM ENTITY_TABLE_ID WHERE TABLE_ID = 'WORKFLOW_STATUS_ID';
DELETE FROM ENTITY_TABLE_ID WHERE TABLE_ID = 'WORKFLOW_PROCESS_ID';
DELETE FROM ENTITY_TABLE_ID WHERE TABLE_ID = 'WORKFLOW_DECISION_ID';

INSERT INTO ENTITY_TABLE_ID VALUES ('SUBSYSTEM_ID');
INSERT INTO ENTITY_TABLE_ID VALUES ('MODULE_ID');
INSERT INTO ENTITY_TABLE_ID VALUES ('PROCESS_ID');
INSERT INTO ENTITY_TABLE_ID VALUES ('COMPONENT_ID');
INSERT INTO ENTITY_TABLE_ID VALUES ('PROFILE_ID');
INSERT INTO ENTITY_TABLE_ID VALUES ('HOST_ID');
INSERT INTO ENTITY_TABLE_ID VALUES ('USER_TYPE_ID');
INSERT INTO ENTITY_TABLE_ID VALUES ('USER_STATUS_ID');
INSERT INTO ENTITY_TABLE_ID VALUES ('USER_ACCOUNT_ID');
INSERT INTO ENTITY_TABLE_ID VALUES ('USER_NOTIFICATION_TYPE_ID');
INSERT INTO ENTITY_TABLE_ID VALUES ('WORKFLOW_STEP_ID');
INSERT INTO ENTITY_TABLE_ID VALUES ('WORKFLOW_STATUS_ID');
INSERT INTO ENTITY_TABLE_ID VALUES ('WORKFLOW_PROCESS_ID');
INSERT INTO ENTITY_TABLE_ID VALUES ('WORKFLOW_DECISION_ID');
INSERT INTO ENTITY_TABLE_ID VALUES ('SUBSYSTEM');
INSERT INTO ENTITY_TABLE_ID VALUES ('MODULE');
INSERT INTO ENTITY_TABLE_ID VALUES ('PROCESS');
INSERT INTO ENTITY_TABLE_ID VALUES ('COMPONENT');
INSERT INTO ENTITY_TABLE_ID VALUES ('PROCESS_COMPONENT');
INSERT INTO ENTITY_TABLE_ID VALUES ('PROFILE');
INSERT INTO ENTITY_TABLE_ID VALUES ('ROLE');
INSERT INTO ENTITY_TABLE_ID VALUES ('HOST');
INSERT INTO ENTITY_TABLE_ID VALUES ('USER_TYPE');
INSERT INTO ENTITY_TABLE_ID VALUES ('USER_STATUS');
INSERT INTO ENTITY_TABLE_ID VALUES ('USER_ACCOUNT');
INSERT INTO ENTITY_TABLE_ID VALUES ('USER_ACCESS');
INSERT INTO ENTITY_TABLE_ID VALUES ('USER_PROFILE');
INSERT INTO ENTITY_TABLE_ID VALUES ('USER_SESSION');
INSERT INTO ENTITY_TABLE_ID VALUES ('USER_NOTIFICATION_TYPE');
INSERT INTO ENTITY_TABLE_ID VALUES ('USER_NOTIFICATION');
INSERT INTO ENTITY_TABLE_ID VALUES ('USER_AUTHORIZATION');
INSERT INTO ENTITY_TABLE_ID VALUES ('WORKFLOW_STEP');
INSERT INTO ENTITY_TABLE_ID VALUES ('WORKFLOW_STATUS');
INSERT INTO ENTITY_TABLE_ID VALUES ('WORKFLOW_PROCESS');
INSERT INTO ENTITY_TABLE_ID VALUES ('WORKFLOW_DECISION');
INSERT INTO ENTITY_TABLE_ID VALUES ('WORKFLOW_MONITOR');

INSERT INTO ENTITY_TABLE VALUES ('ALL','SUBSYSTEM','security','1','1','1','0','0','1','0','Values of subsystems');
INSERT INTO ENTITY_TABLE VALUES ('ALL','MODULE','security','1','1','1','0','0','0','0','Values of modules');
INSERT INTO ENTITY_TABLE VALUES ('ALL','PROCESS','security','1','1','1','1','0','0','1','Values of processes');
INSERT INTO ENTITY_TABLE VALUES ('ALL','COMPONENT','security','1','1','0','0','0','0','1','Values of components');
INSERT INTO ENTITY_TABLE VALUES ('ALL','PROCESS_COMPONENT','security','0','1','0','0','0','0','1','Values of process components');
INSERT INTO ENTITY_TABLE VALUES ('ALL','PROFILE','security','1','1','1','0','0','0','0','Values of profiles');
INSERT INTO ENTITY_TABLE VALUES ('ALL','ROLE','security','0','1','0','1','0','0','0','Values of roles');
INSERT INTO ENTITY_TABLE VALUES ('ALL','HOST','security','1','1','0','1','0','0','0','Values of hosts');
INSERT INTO ENTITY_TABLE VALUES ('ALL','USER_TYPE','security','1','1','1','0','0','1','0','Values of user types');
INSERT INTO ENTITY_TABLE VALUES ('ALL','USER_STATUS','security','1','1','1','0','0','1','0','Values of user status');
INSERT INTO ENTITY_TABLE VALUES ('ALL','USER_ACCOUNT','security','1','1','0','1','1','0','0','Values of user accounts');
INSERT INTO ENTITY_TABLE VALUES ('ALL','USER_ACCESS','security','0','1','0','1','0','0','0','Values of user access');
INSERT INTO ENTITY_TABLE VALUES ('ALL','USER_PROFILE','security','0','1','0','1','0','0','0','Values of user profiles');
INSERT INTO ENTITY_TABLE VALUES ('ALL','USER_SESSION','security','0','1','0','1','1','0','0','Values of user sessions');
INSERT INTO ENTITY_TABLE VALUES ('ALL','USER_NOTIFICATION_TYPE','security','1','0','1','0','0','1','0','Values of user notification types');
INSERT INTO ENTITY_TABLE VALUES ('ALL','USER_NOTIFICATION','security','0','1','0','1','0','0','0','Values of user notification');
INSERT INTO ENTITY_TABLE VALUES ('ALL','USER_AUTHORIZATION','security','0','1','0','1','0','0','0','Values of user authorizations');
INSERT INTO ENTITY_TABLE VALUES ('ALL','WORKFLOW_STEP','security','1','0','1','0','0','1','0','Values of workflow steps');
INSERT INTO ENTITY_TABLE VALUES ('ALL','WORKFLOW_STATUS','security','1','0','1','0','0','1','0','Values of workflow status');
INSERT INTO ENTITY_TABLE VALUES ('ALL','WORKFLOW_PROCESS','security','1','1','0','0','0','0','1','Values of workflow processes');
INSERT INTO ENTITY_TABLE VALUES ('ALL','WORKFLOW_DECISION','security','1','1','0','0','0','0','1','Values of workflow decisions');
INSERT INTO ENTITY_TABLE VALUES ('ALL','WORKFLOW_MONITOR','security','0','1','0','1','1','0','0','Values of workflow monitor');

INSERT INTO ENTITY_FIELD_ID VALUES ('SUBSYSTEM_ID','SUBSYSTEM_ID');
INSERT INTO ENTITY_FIELD_ID VALUES ('SUBSYSTEM','COMPANY_ID');
INSERT INTO ENTITY_FIELD_ID VALUES ('SUBSYSTEM','LANGUAGE_ID');
INSERT INTO ENTITY_FIELD_ID VALUES ('SUBSYSTEM','SUBSYSTEM_ID');
INSERT INTO ENTITY_FIELD_ID VALUES ('SUBSYSTEM','NAME');
INSERT INTO ENTITY_FIELD_ID VALUES ('MODULE_ID','SUBSYSTEM_ID');
INSERT INTO ENTITY_FIELD_ID VALUES ('MODULE_ID','MODULE_ID');
INSERT INTO ENTITY_FIELD_ID VALUES ('MODULE','COMPANY_ID');
INSERT INTO ENTITY_FIELD_ID VALUES ('MODULE','LANGUAGE_ID');
INSERT INTO ENTITY_FIELD_ID VALUES ('MODULE','SUBSYSTEM_ID');
INSERT INTO ENTITY_FIELD_ID VALUES ('MODULE','MODULE_ID');
INSERT INTO ENTITY_FIELD_ID VALUES ('MODULE','NAME');
INSERT INTO ENTITY_FIELD_ID VALUES ('PROCESS_ID','SUBSYSTEM_ID');
INSERT INTO ENTITY_FIELD_ID VALUES ('PROCESS_ID','MODULE_ID');
INSERT INTO ENTITY_FIELD_ID VALUES ('PROCESS_ID','PROCESS_ID');
INSERT INTO ENTITY_FIELD_ID VALUES ('PROCESS','COMPANY_ID');
INSERT INTO ENTITY_FIELD_ID VALUES ('PROCESS','LANGUAGE_ID');
INSERT INTO ENTITY_FIELD_ID VALUES ('PROCESS','SUBSYSTEM_ID');
INSERT INTO ENTITY_FIELD_ID VALUES ('PROCESS','MODULE_ID');
INSERT INTO ENTITY_FIELD_ID VALUES ('PROCESS','PROCESS_ID');
INSERT INTO ENTITY_FIELD_ID VALUES ('PROCESS','NAME');
INSERT INTO ENTITY_FIELD_ID VALUES ('PROCESS','ENABLE');
INSERT INTO ENTITY_FIELD_ID VALUES ('PROCESS','URL');
INSERT INTO ENTITY_FIELD_ID VALUES ('PROCESS','DATAFILE_ID');
INSERT INTO ENTITY_FIELD_ID VALUES ('PROCESS','WORKFLOW_ID');
INSERT INTO ENTITY_FIELD_ID VALUES ('COMPONENT_ID','COMPONENT_ID');
INSERT INTO ENTITY_FIELD_ID VALUES ('COMPONENT','COMPANY_ID');
INSERT INTO ENTITY_FIELD_ID VALUES ('COMPONENT','COMPONENT_ID');
INSERT INTO ENTITY_FIELD_ID VALUES ('COMPONENT','SUBSYSTEM_ID');
INSERT INTO ENTITY_FIELD_ID VALUES ('COMPONENT','CLASS_NAME');
INSERT INTO ENTITY_FIELD_ID VALUES ('COMPONENT','METHOD_NAME');
INSERT INTO ENTITY_FIELD_ID VALUES ('COMPONENT','DESCRIPTION');
INSERT INTO ENTITY_FIELD_ID VALUES ('PROCESS_COMPONENT','COMPANY_ID');
INSERT INTO ENTITY_FIELD_ID VALUES ('PROCESS_COMPONENT','CHANNEL_ID');
INSERT INTO ENTITY_FIELD_ID VALUES ('PROCESS_COMPONENT','SUBSYSTEM_ID');
INSERT INTO ENTITY_FIELD_ID VALUES ('PROCESS_COMPONENT','MODULE_ID');
INSERT INTO ENTITY_FIELD_ID VALUES ('PROCESS_COMPONENT','PROCESS_ID');
INSERT INTO ENTITY_FIELD_ID VALUES ('PROCESS_COMPONENT','PROCESS_SEQUENCE');
INSERT INTO ENTITY_FIELD_ID VALUES ('PROCESS_COMPONENT','COMPONENT_ID');
INSERT INTO ENTITY_FIELD_ID VALUES ('PROCESS_COMPONENT','ENABLE');
INSERT INTO ENTITY_FIELD_ID VALUES ('PROCESS_COMPONENT','AUTHORIZE');
INSERT INTO ENTITY_FIELD_ID VALUES ('PROCESS_COMPONENT','DECISION_ID');
INSERT INTO ENTITY_FIELD_ID VALUES ('PROFILE_ID','PROFILE_ID');
INSERT INTO ENTITY_FIELD_ID VALUES ('PROFILE','COMPANY_ID');
INSERT INTO ENTITY_FIELD_ID VALUES ('PROFILE','LANGUAGE_ID');
INSERT INTO ENTITY_FIELD_ID VALUES ('PROFILE','PROFILE_ID');
INSERT INTO ENTITY_FIELD_ID VALUES ('PROFILE','NAME');
INSERT INTO ENTITY_FIELD_ID VALUES ('ROLE','COMPANY_ID');
INSERT INTO ENTITY_FIELD_ID VALUES ('ROLE','PROFILE_ID');
INSERT INTO ENTITY_FIELD_ID VALUES ('ROLE','SUBSYSTEM_ID');
INSERT INTO ENTITY_FIELD_ID VALUES ('ROLE','MODULE_ID');
INSERT INTO ENTITY_FIELD_ID VALUES ('ROLE','PROCESS_ID');
INSERT INTO ENTITY_FIELD_ID VALUES ('ROLE','DAY_ID');
INSERT INTO ENTITY_FIELD_ID VALUES ('ROLE','HOUR_FROM');
INSERT INTO ENTITY_FIELD_ID VALUES ('ROLE','HOUR_TO');
INSERT INTO ENTITY_FIELD_ID VALUES ('ROLE','EDITABLE');
INSERT INTO ENTITY_FIELD_ID VALUES ('HOST_ID','HOST_ID');
INSERT INTO ENTITY_FIELD_ID VALUES ('HOST','COMPANY_ID');
INSERT INTO ENTITY_FIELD_ID VALUES ('HOST','HOST_ID');
INSERT INTO ENTITY_FIELD_ID VALUES ('HOST','ADDRESS');
INSERT INTO ENTITY_FIELD_ID VALUES ('HOST','CHANNEL_ID');
INSERT INTO ENTITY_FIELD_ID VALUES ('HOST','BRANCH_ID');
INSERT INTO ENTITY_FIELD_ID VALUES ('HOST','OFFICE_ID');
INSERT INTO ENTITY_FIELD_ID VALUES ('HOST','TIME_ZONE');
INSERT INTO ENTITY_FIELD_ID VALUES ('USER_TYPE_ID','USER_TYPE_ID');
INSERT INTO ENTITY_FIELD_ID VALUES ('USER_TYPE','COMPANY_ID');
INSERT INTO ENTITY_FIELD_ID VALUES ('USER_TYPE','LANGUAGE_ID');
INSERT INTO ENTITY_FIELD_ID VALUES ('USER_TYPE','USER_TYPE_ID');
INSERT INTO ENTITY_FIELD_ID VALUES ('USER_TYPE','NAME');
INSERT INTO ENTITY_FIELD_ID VALUES ('USER_STATUS_ID','USER_STATUS_ID');
INSERT INTO ENTITY_FIELD_ID VALUES ('USER_STATUS','COMPANY_ID');
INSERT INTO ENTITY_FIELD_ID VALUES ('USER_STATUS','LANGUAGE_ID');
INSERT INTO ENTITY_FIELD_ID VALUES ('USER_STATUS','USER_STATUS_ID');
INSERT INTO ENTITY_FIELD_ID VALUES ('USER_STATUS','NAME');
INSERT INTO ENTITY_FIELD_ID VALUES ('USER_ACCOUNT_ID','USER_ID');
INSERT INTO ENTITY_FIELD_ID VALUES ('USER_ACCOUNT','COMPANY_ID');
INSERT INTO ENTITY_FIELD_ID VALUES ('USER_ACCOUNT','USER_ID');
INSERT INTO ENTITY_FIELD_ID VALUES ('USER_ACCOUNT','NAME');
INSERT INTO ENTITY_FIELD_ID VALUES ('USER_ACCOUNT','USER_TYPE_ID');
INSERT INTO ENTITY_FIELD_ID VALUES ('USER_ACCOUNT','USER_STATUS_ID');
INSERT INTO ENTITY_FIELD_ID VALUES ('USER_ACCOUNT','LANGUAGE_ID');
INSERT INTO ENTITY_FIELD_ID VALUES ('USER_ACCOUNT','EMAIL');
INSERT INTO ENTITY_FIELD_ID VALUES ('USER_ACCOUNT','PERSON_ID');
INSERT INTO ENTITY_FIELD_ID VALUES ('USER_ACCESS','COMPANY_ID');
INSERT INTO ENTITY_FIELD_ID VALUES ('USER_ACCESS','USER_ID');
INSERT INTO ENTITY_FIELD_ID VALUES ('USER_ACCESS','USER_KEY');
INSERT INTO ENTITY_FIELD_ID VALUES ('USER_ACCESS','LAST_CHANGE');
INSERT INTO ENTITY_FIELD_ID VALUES ('USER_ACCESS','QUESTION');
INSERT INTO ENTITY_FIELD_ID VALUES ('USER_ACCESS','ANSWER');
INSERT INTO ENTITY_FIELD_ID VALUES ('USER_PROFILE','COMPANY_ID');
INSERT INTO ENTITY_FIELD_ID VALUES ('USER_PROFILE','USER_ID');
INSERT INTO ENTITY_FIELD_ID VALUES ('USER_PROFILE','PROFILE_ID');
INSERT INTO ENTITY_FIELD_ID VALUES ('USER_SESSION','COMPANY_ID');
INSERT INTO ENTITY_FIELD_ID VALUES ('USER_SESSION','USER_ID');
INSERT INTO ENTITY_FIELD_ID VALUES ('USER_SESSION','HOST_ID');
INSERT INTO ENTITY_FIELD_ID VALUES ('USER_SESSION','TOKEN');
INSERT INTO ENTITY_FIELD_ID VALUES ('USER_NOTIFICATION_TYPE_ID','USER_NOTIFICATION_TYPE_ID');
INSERT INTO ENTITY_FIELD_ID VALUES ('USER_NOTIFICATION_TYPE','LANGUAGE_ID');
INSERT INTO ENTITY_FIELD_ID VALUES ('USER_NOTIFICATION_TYPE','USER_NOTIFICATION_TYPE_ID');
INSERT INTO ENTITY_FIELD_ID VALUES ('USER_NOTIFICATION_TYPE','NAME');
INSERT INTO ENTITY_FIELD_ID VALUES ('USER_NOTIFICATION','COMPANY_ID');
INSERT INTO ENTITY_FIELD_ID VALUES ('USER_NOTIFICATION','USER_ID');
INSERT INTO ENTITY_FIELD_ID VALUES ('USER_NOTIFICATION','USER_NOTIFICATION_TYPE_ID');
INSERT INTO ENTITY_FIELD_ID VALUES ('USER_NOTIFICATION','SUBJECT');
INSERT INTO ENTITY_FIELD_ID VALUES ('USER_NOTIFICATION','MESSAGE');
INSERT INTO ENTITY_FIELD_ID VALUES ('USER_NOTIFICATION','READ');
INSERT INTO ENTITY_FIELD_ID VALUES ('USER_AUTHORIZATION','COMPANY_ID');
INSERT INTO ENTITY_FIELD_ID VALUES ('USER_AUTHORIZATION','USER_ID');
INSERT INTO ENTITY_FIELD_ID VALUES ('USER_AUTHORIZATION','AUTHORIZER_ID');
INSERT INTO ENTITY_FIELD_ID VALUES ('USER_AUTHORIZATION','SUBSYSTEM_ID');
INSERT INTO ENTITY_FIELD_ID VALUES ('USER_AUTHORIZATION','MODULE_ID');
INSERT INTO ENTITY_FIELD_ID VALUES ('USER_AUTHORIZATION','PROCESS_ID');
INSERT INTO ENTITY_FIELD_ID VALUES ('WORKFLOW_STEP_ID','WORKFLOW_STEP_ID');
INSERT INTO ENTITY_FIELD_ID VALUES ('WORKFLOW_STEP','LANGUAGE_ID');
INSERT INTO ENTITY_FIELD_ID VALUES ('WORKFLOW_STEP','WORKFLOW_STEP_ID');
INSERT INTO ENTITY_FIELD_ID VALUES ('WORKFLOW_STEP','NAME');
INSERT INTO ENTITY_FIELD_ID VALUES ('WORKFLOW_STATUS_ID','WORKFLOW_STATUS_ID');
INSERT INTO ENTITY_FIELD_ID VALUES ('WORKFLOW_STATUS','LANGUAGE_ID');
INSERT INTO ENTITY_FIELD_ID VALUES ('WORKFLOW_STATUS','WORKFLOW_STATUS_ID');
INSERT INTO ENTITY_FIELD_ID VALUES ('WORKFLOW_STATUS','NAME');
INSERT INTO ENTITY_FIELD_ID VALUES ('WORKFLOW_PROCESS_ID','WORKFLOW_ID');
INSERT INTO ENTITY_FIELD_ID VALUES ('WORKFLOW_PROCESS','COMPANY_ID');
INSERT INTO ENTITY_FIELD_ID VALUES ('WORKFLOW_PROCESS','WORKFLOW_ID');
INSERT INTO ENTITY_FIELD_ID VALUES ('WORKFLOW_PROCESS','WORKFLOW_SEQUENCE');
INSERT INTO ENTITY_FIELD_ID VALUES ('WORKFLOW_PROCESS','SUBSYSTEM_ID');
INSERT INTO ENTITY_FIELD_ID VALUES ('WORKFLOW_PROCESS','MODULE_ID');
INSERT INTO ENTITY_FIELD_ID VALUES ('WORKFLOW_PROCESS','PROCESS_ID');
INSERT INTO ENTITY_FIELD_ID VALUES ('WORKFLOW_DECISION_ID','DECISION_ID');
INSERT INTO ENTITY_FIELD_ID VALUES ('WORKFLOW_DECISION','COMPANY_ID');
INSERT INTO ENTITY_FIELD_ID VALUES ('WORKFLOW_DECISION','DECISION_ID');
INSERT INTO ENTITY_FIELD_ID VALUES ('WORKFLOW_DECISION','DECISION_SEQUENCE');
INSERT INTO ENTITY_FIELD_ID VALUES ('WORKFLOW_DECISION','DECISION_RULE');
INSERT INTO ENTITY_FIELD_ID VALUES ('WORKFLOW_DECISION','WORKFLOW_STEP_ID');
INSERT INTO ENTITY_FIELD_ID VALUES ('WORKFLOW_DECISION','CHANNEL_ID');
INSERT INTO ENTITY_FIELD_ID VALUES ('WORKFLOW_DECISION','SUBSYSTEM_ID');
INSERT INTO ENTITY_FIELD_ID VALUES ('WORKFLOW_DECISION','MODULE_ID');
INSERT INTO ENTITY_FIELD_ID VALUES ('WORKFLOW_DECISION','PROCESS_ID');
INSERT INTO ENTITY_FIELD_ID VALUES ('WORKFLOW_DECISION','PROCESS_SEQUENCE');
INSERT INTO ENTITY_FIELD_ID VALUES ('WORKFLOW_MONITOR','COMPANY_ID');
INSERT INTO ENTITY_FIELD_ID VALUES ('WORKFLOW_MONITOR','JOB_NUMBER');
INSERT INTO ENTITY_FIELD_ID VALUES ('WORKFLOW_MONITOR','JOB_DATE');
INSERT INTO ENTITY_FIELD_ID VALUES ('WORKFLOW_MONITOR','USER_ID');
INSERT INTO ENTITY_FIELD_ID VALUES ('WORKFLOW_MONITOR','WORKFLOW_ID');
INSERT INTO ENTITY_FIELD_ID VALUES ('WORKFLOW_MONITOR','WORKFLOW_SEQUENCE');
INSERT INTO ENTITY_FIELD_ID VALUES ('WORKFLOW_MONITOR','WORKFLOW_STATUS_ID');
INSERT INTO ENTITY_FIELD_ID VALUES ('WORKFLOW_MONITOR','SUBSYSTEM_ID');
INSERT INTO ENTITY_FIELD_ID VALUES ('WORKFLOW_MONITOR','MODULE_ID');
INSERT INTO ENTITY_FIELD_ID VALUES ('WORKFLOW_MONITOR','PROCESS_ID');
INSERT INTO ENTITY_FIELD_ID VALUES ('WORKFLOW_MONITOR','AUTHORIZER_ID');

INSERT INTO ENTITY_FIELD VALUES ('ALL','SUBSYSTEM','SUBSYSTEM_ID',1,'String',2,0,'1','0','0',null,null,null,null,0,'0','0','Subsystem Id','subsystemId',null,null,null,null);
INSERT INTO ENTITY_FIELD VALUES ('ALL','SUBSYSTEM','NAME',2,'String',40,0,'0','0','0',null,null,null,null,0,'0','0','Name of subsystem','name',null,null,null,null);
INSERT INTO ENTITY_FIELD VALUES ('ALL','MODULE','SUBSYSTEM_ID',1,'String',2,0,'1','0','0',null,null,null,null,0,'0','0','Subsystem Id','subsystemId',null,null,null,null);
INSERT INTO ENTITY_FIELD VALUES ('ALL','MODULE','MODULE_ID',2,'String',2,0,'1','0','0',null,null,null,null,0,'0','0','Module Id','moduleId',null,null,null,null);
INSERT INTO ENTITY_FIELD VALUES ('ALL','MODULE','NAME',3,'String',40,0,'0','0','0',null,null,null,null,0,'0','0','Name of module','name',null,null,null,null);
INSERT INTO ENTITY_FIELD VALUES ('ALL','PROCESS','SUBSYSTEM_ID',1,'String',2,0,'1','0','0',null,null,null,null,0,'0','0','Subsystem Id','subsystemId',null,null,null,null);
INSERT INTO ENTITY_FIELD VALUES ('ALL','PROCESS','MODULE_ID',2,'String',2,0,'1','0','0',null,null,null,null,0,'0','0','Module Id','moduleId',null,null,null,null);
INSERT INTO ENTITY_FIELD VALUES ('ALL','PROCESS','PROCESS_ID',3,'String',2,0,'1','0','0',null,null,null,null,0,'0','0','Process Id','processId',null,null,null,null);
INSERT INTO ENTITY_FIELD VALUES ('ALL','PROCESS','NAME',4,'String',40,0,'0','0','0',null,null,null,null,0,'0','0','Name of process','name',null,null,null,null);
INSERT INTO ENTITY_FIELD VALUES ('ALL','PROCESS','ENABLE',5,'Boolean',1,0,'0','0','0','0',null,null,null,0,'0','0','Enable','enable',null,null,null,null);
INSERT INTO ENTITY_FIELD VALUES ('ALL','PROCESS','URL',6,'String',100,0,'0','0','0',null,null,null,null,0,'0','0','URL','url',null,null,null,null);
INSERT INTO ENTITY_FIELD VALUES ('ALL','PROCESS','DATAFILE_ID',7,'Long',10,0,'0','0','1',null,null,null,null,0,'0','0','Datafile Id','datafileId',null,null,null,null);
INSERT INTO ENTITY_FIELD VALUES ('ALL','PROCESS','WORKFLOW_ID',8,'Long',10,0,'0','0','1',null,null,null,null,0,'0','0','Workflow Id','workflowId',null,null,null,null);
INSERT INTO ENTITY_FIELD VALUES ('ALL','COMPONENT','COMPONENT_ID',1,'String',40,0,'1','0','0',null,null,null,null,0,'0','0','Component Id','componentId',null,null,null,null);
INSERT INTO ENTITY_FIELD VALUES ('ALL','COMPONENT','SUBSYSTEM_ID',2,'String',2,0,'0','0','0',null,null,null,null,0,'0','0','Subsystem Id','subsystemId',null,null,null,null);
INSERT INTO ENTITY_FIELD VALUES ('ALL','COMPONENT','CLASS_NAME',3,'String',100,0,'0','0','0',null,null,null,null,0,'0','0','Class name','className',null,null,null,null);
INSERT INTO ENTITY_FIELD VALUES ('ALL','COMPONENT','METHOD_NAME',4,'String',100,0,'0','0','0',null,null,null,null,0,'0','0','Method name','methodName',null,null,null,null);
INSERT INTO ENTITY_FIELD VALUES ('ALL','COMPONENT','DESCRIPTION',5,'String',100,0,'0','0','0',null,null,null,null,0,'0','0','Description','description',null,null,null,null);
INSERT INTO ENTITY_FIELD VALUES ('ALL','PROCESS_COMPONENT','CHANNEL_ID',1,'String',4,0,'1','0','0',null,null,null,null,0,'0','0','Channel Id','channelId',null,null,null,null);
INSERT INTO ENTITY_FIELD VALUES ('ALL','PROCESS_COMPONENT','SUBSYSTEM_ID',2,'String',2,0,'1','0','0',null,null,null,null,0,'0','0','Subsystem Id','subsystemId',null,null,null,null);
INSERT INTO ENTITY_FIELD VALUES ('ALL','PROCESS_COMPONENT','MODULE_ID',3,'String',2,0,'1','0','0',null,null,null,null,0,'0','0','Module Id','moduleId',null,null,null,null);
INSERT INTO ENTITY_FIELD VALUES ('ALL','PROCESS_COMPONENT','PROCESS_ID',4,'String',2,0,'1','0','0',null,null,null,null,0,'0','0','Process Id','processId',null,null,null,null);
INSERT INTO ENTITY_FIELD VALUES ('ALL','PROCESS_COMPONENT','PROCESS_SEQUENCE',5,'Integer',3,0,'1','0','0',null,null,null,null,0,'0','0','Process sequence','sequence',null,null,null,null);
INSERT INTO ENTITY_FIELD VALUES ('ALL','PROCESS_COMPONENT','COMPONENT_ID',6,'String',40,0,'0','0','0',null,null,null,null,0,'0','0','Component Id','componentId',null,null,null,null);
INSERT INTO ENTITY_FIELD VALUES ('ALL','PROCESS_COMPONENT','ENABLE',7,'Boolean',1,0,'0','0','0','0',null,null,null,0,'0','0','Enable','enable',null,null,null,null);
INSERT INTO ENTITY_FIELD VALUES ('ALL','PROCESS_COMPONENT','AUTHORIZE',8,'Boolean',1,0,'0','0','0','0',null,null,null,0,'0','0','Enable','enable',null,null,null,null);
INSERT INTO ENTITY_FIELD VALUES ('ALL','PROCESS_COMPONENT','DECISION_ID',9,'String',4,0,'0','0','1',null,null,null,null,0,'0','0','Workflow step Id','workflowStepId',null,null,null,null);
INSERT INTO ENTITY_FIELD VALUES ('ALL','PROFILE','PROFILE_ID',1,'String',4,0,'1','0','0',null,null,null,null,0,'0','0','Profile Id','profileId',null,null,null,null);
INSERT INTO ENTITY_FIELD VALUES ('ALL','PROFILE','NAME',2,'String',40,0,'0','0','0',null,null,null,null,0,'0','0','Name of profile','name',null,null,null,null);
INSERT INTO ENTITY_FIELD VALUES ('ALL','ROLE','PROFILE_ID',1,'String',4,0,'1','0','0',null,null,null,null,0,'0','0','Profile Id','profileId',null,null,null,null);
INSERT INTO ENTITY_FIELD VALUES ('ALL','ROLE','SUBSYSTEM_ID',2,'String',2,0,'1','0','0',null,null,null,null,0,'0','0','Subsystem Id','subsystemId',null,null,null,null);
INSERT INTO ENTITY_FIELD VALUES ('ALL','ROLE','MODULE_ID',3,'String',2,0,'1','0','0',null,null,null,null,0,'0','0','Module Id','moduleId',null,null,null,null);
INSERT INTO ENTITY_FIELD VALUES ('ALL','ROLE','PROCESS_ID',4,'String',2,0,'1','0','0',null,null,null,null,0,'0','0','Process Id','processId',null,null,null,null);
INSERT INTO ENTITY_FIELD VALUES ('ALL','ROLE','DAY_ID',5,'String',3,0,'1','0','0',null,null,null,null,0,'0','0','Day Id','dayId',null,null,null,null);
INSERT INTO ENTITY_FIELD VALUES ('ALL','ROLE','HOUR_FROM',6,'String',4,0,'0','0','1',null,null,null,null,0,'0','0','Hour From','hourFrom',null,null,null,null);
INSERT INTO ENTITY_FIELD VALUES ('ALL','ROLE','HOUR_TO',7,'String',4,0,'0','0','1',null,null,null,null,0,'0','0','Hour To','hourTo',null,null,null,null);
INSERT INTO ENTITY_FIELD VALUES ('ALL','ROLE','EDITABLE',8,'Boolean',1,0,'0','0','0','0',null,null,null,0,'0','0','Editable','editable',null,null,null,null);
INSERT INTO ENTITY_FIELD VALUES ('ALL','HOST','HOST_ID',1,'String',40,0,'1','0','0',null,null,null,null,0,'0','0','Host Id','hostId',null,null,null,null);
INSERT INTO ENTITY_FIELD VALUES ('ALL','HOST','ADDRESS',2,'String',60,0,'0','0','0',null,null,null,null,0,'0','0','Address','address',null,null,null,null);
INSERT INTO ENTITY_FIELD VALUES ('ALL','HOST','CHANNEL_ID',3,'String',4,0,'0','0','1',null,null,null,null,0,'0','0','Channel Id','channelId',null,null,null,null);
INSERT INTO ENTITY_FIELD VALUES ('ALL','HOST','BRANCH_ID',4,'String',4,0,'0','0','1',null,null,null,null,0,'0','0','Branch Id','branchId',null,null,null,null);
INSERT INTO ENTITY_FIELD VALUES ('ALL','HOST','OFFICE_ID',5,'String',4,0,'0','0','1',null,null,null,null,0,'0','0','Office Id','officeId',null,null,null,null);
INSERT INTO ENTITY_FIELD VALUES ('ALL','HOST','TIME_ZONE',6,'String',4,0,'0','0','1',null,null,null,null,0,'0','0','Time zone','timeZone',null,null,null,null);
INSERT INTO ENTITY_FIELD VALUES ('ALL','USER_TYPE','USER_TYPE_ID',1,'String',4,0,'1','0','0',null,null,null,null,0,'0','0','User type Id','userTypeId',null,null,null,null);
INSERT INTO ENTITY_FIELD VALUES ('ALL','USER_TYPE','NAME',2,'String',40,0,'0','0','0',null,null,null,null,0,'0','0','Name of user type','name',null,null,null,null);
INSERT INTO ENTITY_FIELD VALUES ('ALL','USER_STATUS','USER_STATUS_ID',1,'String',4,0,'1','0','0',null,null,null,null,0,'0','0','User status Id','userStatusId',null,null,null,null);
INSERT INTO ENTITY_FIELD VALUES ('ALL','USER_STATUS','NAME',2,'String',40,0,'0','0','0',null,null,null,null,0,'0','0','Name of user status','name',null,null,null,null);
INSERT INTO ENTITY_FIELD VALUES ('ALL','USER_ACCOUNT','USER_ID',1,'String',20,0,'1','0','0',null,null,null,null,0,'0','0','User Id','userId',null,null,null,null);
INSERT INTO ENTITY_FIELD VALUES ('ALL','USER_ACCOUNT','NAME',2,'String',40,0,'0','0','0',null,null,null,null,0,'0','0','Name of user','name',null,null,null,null);
INSERT INTO ENTITY_FIELD VALUES ('ALL','USER_ACCOUNT','USER_TYPE_ID',3,'String',4,0,'0','0','0',null,null,null,null,0,'0','0','User type Id','userTypeId',null,null,null,null);
INSERT INTO ENTITY_FIELD VALUES ('ALL','USER_ACCOUNT','USER_STATUS_ID',4,'String',4,0,'0','0','0',null,null,null,null,0,'0','0','User status Id','userStatusId',null,null,null,null);
INSERT INTO ENTITY_FIELD VALUES ('ALL','USER_ACCOUNT','LANGUAGE_ID',5,'String',4,0,'0','0','0',null,null,null,null,0,'0','0','Language Id','languageId',null,null,null,null);
INSERT INTO ENTITY_FIELD VALUES ('ALL','USER_ACCOUNT','EMAIL',6,'String',100,0,'0','0','0',null,null,null,null,0,'0','0','Email','email',null,null,null,null);
INSERT INTO ENTITY_FIELD VALUES ('ALL','USER_ACCOUNT','PERSON_ID',7,'Long',10,0,'0','0','1',null,null,null,null,0,'0','0','Person Id','personId',null,null,null,null);
INSERT INTO ENTITY_FIELD VALUES ('ALL','USER_ACCESS','USER_ID',1,'String',20,0,'1','0','0',null,null,null,null,0,'0','0','User Id','userId',null,null,null,null);
INSERT INTO ENTITY_FIELD VALUES ('ALL','USER_ACCESS','USER_KEY',2,'String',20,0,'0','0','0',null,null,null,null,0,'0','0','User Key','userKey',null,null,null,null);
INSERT INTO ENTITY_FIELD VALUES ('ALL','USER_ACCESS','LAST_CHANGE',3,'Date',0,0,'0','0','0',null,null,null,null,0,'0','0','Last change','lastChange',null,null,null,null);
INSERT INTO ENTITY_FIELD VALUES ('ALL','USER_ACCESS','QUESTION',4,'String',100,0,'0','0','1',null,null,null,null,0,'0','0','Question','question',null,null,null,null);
INSERT INTO ENTITY_FIELD VALUES ('ALL','USER_ACCESS','ANSWER',5,'String',100,0,'0','0','1',null,null,null,null,0,'0','0','Answer','answer',null,null,null,null);
INSERT INTO ENTITY_FIELD VALUES ('ALL','USER_PROFILE','USER_ID',1,'String',20,0,'1','0','0',null,null,null,null,0,'0','0','User Id','userId',null,null,null,null);
INSERT INTO ENTITY_FIELD VALUES ('ALL','USER_PROFILE','PROFILE_ID',2,'String',4,0,'1','0','0',null,null,null,null,0,'0','0','Profile Id','profileId',null,null,null,null);
INSERT INTO ENTITY_FIELD VALUES ('ALL','USER_SESSION','USER_ID',1,'String',20,0,'1','0','0',null,null,null,null,0,'0','0','User Id','userId',null,null,null,null);
INSERT INTO ENTITY_FIELD VALUES ('ALL','USER_SESSION','HOST_ID',2,'String',40,0,'1','0','0',null,null,null,null,0,'0','0','Host Id','hostId',null,null,null,null);
INSERT INTO ENTITY_FIELD VALUES ('ALL','USER_SESSION','TOKEN',3,'String',100,0,'0','0','0',null,null,null,null,0,'0','0','Token','token',null,null,null,null);
INSERT INTO ENTITY_FIELD VALUES ('ALL','USER_NOTIFICATION_TYPE','USER_NOTIFICATION_TYPE_ID',1,'String',4,0,'1','0','0',null,null,null,null,0,'0','0','User notification type Id','userNotificationTypeId',null,null,null,null);
INSERT INTO ENTITY_FIELD VALUES ('ALL','USER_NOTIFICATION_TYPE','NAME',2,'String',40,0,'0','0','0',null,null,null,null,0,'0','0','Name of user notification type','name',null,null,null,null);
INSERT INTO ENTITY_FIELD VALUES ('ALL','USER_NOTIFICATION','USER_ID',1,'String',20,0,'1','0','0',null,null,null,null,0,'0','0','User Id','userId',null,null,null,null);
INSERT INTO ENTITY_FIELD VALUES ('ALL','USER_NOTIFICATION','USER_NOTIFICATION_TYPE_ID',2,'String',4,0,'0','0','0',null,null,null,null,0,'0','0','User notification type Id','userNotificationTypeId',null,null,null,null);
INSERT INTO ENTITY_FIELD VALUES ('ALL','USER_NOTIFICATION','SUBJECT',3,'String',100,0,'0','0','0',null,null,null,null,0,'0','0','Subject','subject',null,null,null,null);
INSERT INTO ENTITY_FIELD VALUES ('ALL','USER_NOTIFICATION','MESSAGE',4,'String',4000,0,'0','0','0',null,null,null,null,0,'0','0','Message','message',null,null,null,null);
INSERT INTO ENTITY_FIELD VALUES ('ALL','USER_NOTIFICATION','READ',5,'Boolean',1,0,'0','0','0','0',null,null,null,0,'0','0','Read','read',null,null,null,null);
INSERT INTO ENTITY_FIELD VALUES ('ALL','USER_AUTHORIZATION','USER_ID',1,'String',20,0,'1','0','0',null,null,null,null,0,'0','0','User Id','userId',null,null,null,null);
INSERT INTO ENTITY_FIELD VALUES ('ALL','USER_AUTHORIZATION','AUTHORIZER_ID',2,'String',20,0,'1','0','0',null,null,null,null,0,'0','0','Authorizer Id','authorizerId',null,null,null,null);
INSERT INTO ENTITY_FIELD VALUES ('ALL','USER_AUTHORIZATION','SUBSYSTEM_ID',3,'String',2,0,'1','0','0',null,null,null,null,0,'0','0','Subsystem Id','subsystemId',null,null,null,null);
INSERT INTO ENTITY_FIELD VALUES ('ALL','USER_AUTHORIZATION','MODULE_ID',4,'String',2,0,'1','0','0',null,null,null,null,0,'0','0','Module Id','moduleId',null,null,null,null);
INSERT INTO ENTITY_FIELD VALUES ('ALL','USER_AUTHORIZATION','PROCESS_ID',5,'String',2,0,'1','0','0',null,null,null,null,0,'0','0','Process Id','processId',null,null,null,null);
INSERT INTO ENTITY_FIELD VALUES ('ALL','WORKFLOW_STEP','WORKFLOW_STEP_ID',1,'String',4,0,'1','0','0',null,null,null,null,0,'0','0','Workflow step Id','workflowStepId',null,null,null,null);
INSERT INTO ENTITY_FIELD VALUES ('ALL','WORKFLOW_STEP','NAME',2,'String',40,0,'0','0','0',null,null,null,null,0,'0','0','Name of workflow step','name',null,null,null,null);
INSERT INTO ENTITY_FIELD VALUES ('ALL','WORKFLOW_STATUS','WORKFLOW_STATUS_ID',1,'String',4,0,'1','0','0',null,null,null,null,0,'0','0','Workflow status Id','workflowStatusId',null,null,null,null);
INSERT INTO ENTITY_FIELD VALUES ('ALL','WORKFLOW_STATUS','NAME',2,'String',40,0,'0','0','0',null,null,null,null,0,'0','0','Name of workflow step','name',null,null,null,null);
INSERT INTO ENTITY_FIELD VALUES ('ALL','WORKFLOW_PROCESS','WORKFLOW_ID',1,'Long',10,0,'1','0','0',null,null,null,null,0,'0','0','Workflow Id','workflowId',null,null,null,null);
INSERT INTO ENTITY_FIELD VALUES ('ALL','WORKFLOW_PROCESS','WORKFLOW_SEQUENCE',2,'Integer',3,0,'1','0','0',null,null,null,null,0,'0','0','Workflow sequence','sequence',null,null,null,null);
INSERT INTO ENTITY_FIELD VALUES ('ALL','WORKFLOW_PROCESS','SUBSYSTEM_ID',3,'String',2,0,'0','0','0',null,null,null,null,0,'0','0','Subsystem Id','subsystemId',null,null,null,null);
INSERT INTO ENTITY_FIELD VALUES ('ALL','WORKFLOW_PROCESS','MODULE_ID',4,'String',2,0,'0','0','0',null,null,null,null,0,'0','0','Module Id','moduleId',null,null,null,null);
INSERT INTO ENTITY_FIELD VALUES ('ALL','WORKFLOW_PROCESS','PROCESS_ID',5,'String',2,0,'0','0','0',null,null,null,null,0,'0','0','Process Id','processId',null,null,null,null);
INSERT INTO ENTITY_FIELD VALUES ('ALL','WORKFLOW_DECISION','DECISION_ID',1,'String',4,0,'1','0','0',null,null,null,null,0,'0','0','Decision Id','decisionId',null,null,null,null);
INSERT INTO ENTITY_FIELD VALUES ('ALL','WORKFLOW_DECISION','DECISION_SEQUENCE',2,'Integer',3,0,'1','0','0',null,null,null,null,0,'0','0','Decision sequence','sequence',null,null,null,null);
INSERT INTO ENTITY_FIELD VALUES ('ALL','WORKFLOW_DECISION','DECISION_RULE',3,'String',4000,0,'0','0','0',null,null,null,null,0,'0','0','Decision rule','decisionRule',null,null,null,null);
INSERT INTO ENTITY_FIELD VALUES ('ALL','WORKFLOW_DECISION','WORKFLOW_STEP_ID',4,'String',4,0,'0','0','0',null,null,null,null,0,'0','0','Workflow step Id','workflowStepId',null,null,null,null);
INSERT INTO ENTITY_FIELD VALUES ('ALL','WORKFLOW_DECISION','CHANNEL_ID',5,'String',4,0,'0','0','1',null,null,null,null,0,'0','0','Channel Id','channelId',null,null,null,null);
INSERT INTO ENTITY_FIELD VALUES ('ALL','WORKFLOW_DECISION','SUBSYSTEM_ID',6,'String',2,0,'0','0','1',null,null,null,null,0,'0','0','Subsystem Id','subsystemId',null,null,null,null);
INSERT INTO ENTITY_FIELD VALUES ('ALL','WORKFLOW_DECISION','MODULE_ID',7,'String',2,0,'0','0','1',null,null,null,null,0,'0','0','Module Id','moduleId',null,null,null,null);
INSERT INTO ENTITY_FIELD VALUES ('ALL','WORKFLOW_DECISION','PROCESS_ID',8,'String',2,0,'0','0','1',null,null,null,null,0,'0','0','Process Id','processId',null,null,null,null);
INSERT INTO ENTITY_FIELD VALUES ('ALL','WORKFLOW_DECISION','PROCESS_SEQUENCE',9,'Integer',3,0,'0','0','1',null,null,null,null,0,'0','0','Process sequence','sequence',null,null,null,null);
INSERT INTO ENTITY_FIELD VALUES ('ALL','WORKFLOW_MONITOR','JOB_NUMBER',1,'Long',10,0,'1','0','0',null,null,null,null,0,'0','0','Workflow Id','workflowId',null,null,null,null);
INSERT INTO ENTITY_FIELD VALUES ('ALL','WORKFLOW_MONITOR','JOB_DATE',2,'Date',0,0,'0','0','0',null,null,null,null,0,'0','0','Name of workflow step','name',null,null,null,null);
INSERT INTO ENTITY_FIELD VALUES ('ALL','WORKFLOW_MONITOR','USER_ID',3,'String',20,0,'0','0','0',null,null,null,null,0,'0','0','User Id','userId',null,null,null,null);
INSERT INTO ENTITY_FIELD VALUES ('ALL','WORKFLOW_MONITOR','WORKFLOW_ID',4,'Long',10,0,'0','0','0',null,null,null,null,0,'0','0','Workflow Id','workflowId',null,null,null,null);
INSERT INTO ENTITY_FIELD VALUES ('ALL','WORKFLOW_MONITOR','WORKFLOW_SEQUENCE',5,'Integer',3,0,'0','0','0',null,null,null,null,0,'0','0','Workflow sequence','sequence',null,null,null,null);
INSERT INTO ENTITY_FIELD VALUES ('ALL','WORKFLOW_MONITOR','WORKFLOW_STATUS_ID',6,'String',4,0,'0','0','0',null,null,null,null,0,'0','0','Workflow status Id','workflowStatusId',null,null,null,null);
INSERT INTO ENTITY_FIELD VALUES ('ALL','WORKFLOW_MONITOR','SUBSYSTEM_ID',7,'String',2,0,'0','0','0',null,null,null,null,0,'0','0','Subsystem Id','subsystemId',null,null,null,null);
INSERT INTO ENTITY_FIELD VALUES ('ALL','WORKFLOW_MONITOR','MODULE_ID',8,'String',2,0,'0','0','0',null,null,null,null,0,'0','0','Module Id','moduleId',null,null,null,null);
INSERT INTO ENTITY_FIELD VALUES ('ALL','WORKFLOW_MONITOR','PROCESS_ID',9,'String',2,0,'0','0','0',null,null,null,null,0,'0','0','Process Id','processId',null,null,null,null);
INSERT INTO ENTITY_FIELD VALUES ('ALL','WORKFLOW_MONITOR','AUTHORIZER_ID',10,'String',20,0,'0','0','0',null,null,null,null,0,'0','0','Authorizer Id','authorizerId',null,null,null,null);

INSERT INTO ENTITY_RELATIONSHIP VALUES ('ALL','SUBSYSTEM_ID_FK',1,'SUBSYSTEM','SUBSYSTEM_ID','SUBSYSTEM_ID','SUBSYSTEM_ID');
INSERT INTO ENTITY_RELATIONSHIP VALUES ('ALL','MODULE_ID_FK',1,'MODULE','SUBSYSTEM_ID','MODULE_ID','SUBSYSTEM_ID');
INSERT INTO ENTITY_RELATIONSHIP VALUES ('ALL','MODULE_ID_FK',2,'MODULE','MODULE_ID','MODULE_ID','MODULE_ID');
INSERT INTO ENTITY_RELATIONSHIP VALUES ('ALL','PROCESS_ID_FK',1,'PROCESS','SUBSYSTEM_ID','PROCESS_ID','SUBSYSTEM_ID');
INSERT INTO ENTITY_RELATIONSHIP VALUES ('ALL','PROCESS_ID_FK',2,'PROCESS','MODULE_ID','PROCESS_ID','MODULE_ID');
INSERT INTO ENTITY_RELATIONSHIP VALUES ('ALL','PROCESS_ID_FK',3,'PROCESS','PROCESS_ID','PROCESS_ID','PROCESS_ID');
INSERT INTO ENTITY_RELATIONSHIP VALUES ('ALL','COMPONENT_ID_FK',1,'COMPONENT','COMPONENT_ID','COMPONENT_ID','COMPONENT_ID');
INSERT INTO ENTITY_RELATIONSHIP VALUES ('ALL','PROFILE_ID_FK',1,'PROFILE','PROFILE_ID','PROFILE_ID','PROFILE_ID');
INSERT INTO ENTITY_RELATIONSHIP VALUES ('ALL','HOST_ID_FK',1,'HOST','HOST_ID','HOST_ID','HOST_ID');
INSERT INTO ENTITY_RELATIONSHIP VALUES ('ALL','USER_TYPE_ID_FK',1,'USER_TYPE','USER_TYPE_ID','USER_TYPE_ID','USER_TYPE_ID');
INSERT INTO ENTITY_RELATIONSHIP VALUES ('ALL','USER_STATUS_ID_FK',1,'USER_STATUS','USER_STATUS_ID','USER_STATUS_ID','USER_STATUS_ID');
INSERT INTO ENTITY_RELATIONSHIP VALUES ('ALL','USER_ACCOUNT_ID_FK',1,'USER_ACCOUNT','USER_ID','USER_ACCOUNT_ID','USER_ID');
INSERT INTO ENTITY_RELATIONSHIP VALUES ('ALL','USER_NOTIFICATION_TYPE_ID_FK',1,'USER_NOTIFICATION_TYPE','USER_NOTIFICATION_TYPE_ID','USER_NOTIFICATION_TYPE_ID','USER_NOTIFICATION_TYPE_ID');
INSERT INTO ENTITY_RELATIONSHIP VALUES ('ALL','WORKFLOW_STEP_ID_FK',1,'WORKFLOW_STEP','WORKFLOW_STEP_ID','WORKFLOW_STEP_ID','WORKFLOW_STEP_ID');
INSERT INTO ENTITY_RELATIONSHIP VALUES ('ALL','WORKFLOW_STATUS_ID_FK',1,'WORKFLOW_STATUS','WORKFLOW_STATUS_ID','WORKFLOW_STATUS_ID','WORKFLOW_STATUS_ID');
INSERT INTO ENTITY_RELATIONSHIP VALUES ('ALL','WORKFLOW_PROCESS_ID_FK',1,'WORKFLOW_PROCESS','WORKFLOW_ID','WORKFLOW_PROCESS_ID','WORKFLOW_ID');
INSERT INTO ENTITY_RELATIONSHIP VALUES ('ALL','WORKFLOW_DECISION_ID_FK',1,'WORKFLOW_DECISION','DECISION_ID','WORKFLOW_DECISION_ID','DECISION_ID');
INSERT INTO ENTITY_RELATIONSHIP VALUES ('ALL','SUBSYSTEM_COMPANY_FK',1,'SUBSYSTEM','COMPANY_ID','COMPANY','COMPANY_ID');
INSERT INTO ENTITY_RELATIONSHIP VALUES ('ALL','MODULE_COMPANY_FK',1,'MODULE','COMPANY_ID','COMPANY','COMPANY_ID');
INSERT INTO ENTITY_RELATIONSHIP VALUES ('ALL','PROCESS_COMPANY_FK',1,'PROCESS','COMPANY_ID','COMPANY','COMPANY_ID');
INSERT INTO ENTITY_RELATIONSHIP VALUES ('ALL','COMPONENT_COMPANY_FK',1,'COMPONENT','COMPANY_ID','COMPANY','COMPANY_ID');
INSERT INTO ENTITY_RELATIONSHIP VALUES ('ALL','PROCESS_COMPONENT_COMPANY_FK',1,'PROCESS_COMPONENT','COMPANY_ID','COMPANY','COMPANY_ID');
INSERT INTO ENTITY_RELATIONSHIP VALUES ('ALL','PROFILE_COMPANY_FK',1,'PROFILE','COMPANY_ID','COMPANY','COMPANY_ID');
INSERT INTO ENTITY_RELATIONSHIP VALUES ('ALL','ROLE_COMPANY_FK',1,'ROLE','COMPANY_ID','COMPANY','COMPANY_ID');
INSERT INTO ENTITY_RELATIONSHIP VALUES ('ALL','HOST_COMPANY_FK',1,'HOST','COMPANY_ID','COMPANY','COMPANY_ID');
INSERT INTO ENTITY_RELATIONSHIP VALUES ('ALL','USER_TYPE_COMPANY_FK',1,'USER_TYPE','COMPANY_ID','COMPANY','COMPANY_ID');
INSERT INTO ENTITY_RELATIONSHIP VALUES ('ALL','USER_STATUS_COMPANY_FK',1,'USER_STATUS','COMPANY_ID','COMPANY','COMPANY_ID');
INSERT INTO ENTITY_RELATIONSHIP VALUES ('ALL','USER_ACCOUNT_COMPANY_FK',1,'USER_ACCOUNT','COMPANY_ID','COMPANY','COMPANY_ID');
INSERT INTO ENTITY_RELATIONSHIP VALUES ('ALL','USER_ACCESS_COMPANY_FK',1,'USER_ACCESS','COMPANY_ID','COMPANY','COMPANY_ID');
INSERT INTO ENTITY_RELATIONSHIP VALUES ('ALL','USER_PROFILE_COMPANY_FK',1,'USER_PROFILE','COMPANY_ID','COMPANY','COMPANY_ID');
INSERT INTO ENTITY_RELATIONSHIP VALUES ('ALL','USER_SESSION_COMPANY_FK',1,'USER_SESSION','COMPANY_ID','COMPANY','COMPANY_ID');
INSERT INTO ENTITY_RELATIONSHIP VALUES ('ALL','USER_NOTIFICATION_COMPANY_FK',1,'USER_NOTIFICATION','COMPANY_ID','COMPANY','COMPANY_ID');
INSERT INTO ENTITY_RELATIONSHIP VALUES ('ALL','USER_AUTHORIZATION_COMPANY_FK',1,'USER_AUTHORIZATION','COMPANY_ID','COMPANY','COMPANY_ID');
INSERT INTO ENTITY_RELATIONSHIP VALUES ('ALL','WORKFLOW_PROCESS_COMPANY_FK',1,'WORKFLOW_PROCESS','COMPANY_ID','COMPANY','COMPANY_ID');
INSERT INTO ENTITY_RELATIONSHIP VALUES ('ALL','WORKFLOW_DECISION_COMPANY_FK',1,'WORKFLOW_DECISION','COMPANY_ID','COMPANY','COMPANY_ID');
INSERT INTO ENTITY_RELATIONSHIP VALUES ('ALL','WORKFLOW_MONITOR_COMPANY_FK',1,'WORKFLOW_MONITOR','COMPANY_ID','COMPANY','COMPANY_ID');
INSERT INTO ENTITY_RELATIONSHIP VALUES ('ALL','SUBSYSTEM_LANGUAGE_FK',1,'SUBSYSTEM','LANGUAGE_ID','LANGUAGE','LANGUAGE_ID');
INSERT INTO ENTITY_RELATIONSHIP VALUES ('ALL','MODULE_LANGUAGE_FK',1,'MODULE','LANGUAGE_ID','LANGUAGE','LANGUAGE_ID');
INSERT INTO ENTITY_RELATIONSHIP VALUES ('ALL','PROCESS_LANGUAGE_FK',1,'PROCESS','LANGUAGE_ID','LANGUAGE','LANGUAGE_ID');
INSERT INTO ENTITY_RELATIONSHIP VALUES ('ALL','PROFILE_LANGUAGE_FK',1,'PROFILE','LANGUAGE_ID','LANGUAGE','LANGUAGE_ID');
INSERT INTO ENTITY_RELATIONSHIP VALUES ('ALL','USER_TYPE_LANGUAGE_FK',1,'USER_TYPE','LANGUAGE_ID','LANGUAGE','LANGUAGE_ID');
INSERT INTO ENTITY_RELATIONSHIP VALUES ('ALL','USER_STATUS_LANGUAGE_FK',1,'USER_STATUS','LANGUAGE_ID','LANGUAGE','LANGUAGE_ID');
INSERT INTO ENTITY_RELATIONSHIP VALUES ('ALL','USER_NOTIFICATION_TYPE_LANG_FK',1,'USER_NOTIFICATION_TYPE','LANGUAGE_ID','LANGUAGE','LANGUAGE_ID');
INSERT INTO ENTITY_RELATIONSHIP VALUES ('ALL','WORKFLOW_STEP_LANGUAGE_FK',1,'WORKFLOW_STEP','LANGUAGE_ID','LANGUAGE','LANGUAGE_ID');
INSERT INTO ENTITY_RELATIONSHIP VALUES ('ALL','WORKFLOW_STATUS_LANGUAGE_FK',1,'WORKFLOW_STATUS','LANGUAGE_ID','LANGUAGE','LANGUAGE_ID');
INSERT INTO ENTITY_RELATIONSHIP VALUES ('ALL','MODULE_ID_SUBSYSTEM_ID_FK',1,'MODULE_ID','SUBSYSTEM_ID','SUBSYSTEM_ID','SUBSYSTEM_ID');
INSERT INTO ENTITY_RELATIONSHIP VALUES ('ALL','PROCESS_ID_MODULE_ID_FK',1,'PROCESS_ID','SUBSYSTEM_ID','MODULE_ID','SUBSYSTEM_ID');
INSERT INTO ENTITY_RELATIONSHIP VALUES ('ALL','PROCESS_ID_MODULE_ID_FK',2,'PROCESS_ID','MODULE_ID','MODULE_ID','MODULE_ID');
INSERT INTO ENTITY_RELATIONSHIP VALUES ('ALL','PROCESS_DATAFILE_ID_FK',1,'PROCESS','DATAFILE_ID','DATAFILE_ID','DATAFILE_ID');
INSERT INTO ENTITY_RELATIONSHIP VALUES ('ALL','PROCESS_WORKFLOW_PROCESS_ID_FK',1,'PROCESS','WORKFLOW_ID','WORKFLOW_PROCESS_ID','WORKFLOW_ID');
INSERT INTO ENTITY_RELATIONSHIP VALUES ('ALL','COMPONENT_SUBSYSTEM_ID_FK',1,'COMPONENT','SUBSYSTEM_ID','SUBSYSTEM_ID','SUBSYSTEM_ID');
INSERT INTO ENTITY_RELATIONSHIP VALUES ('ALL','PROCESS_COMPONENT_CHANNE_ID_FK',1,'PROCESS_COMPONENT','CHANNEL_ID','CHANNEL','CHANNEL_ID');
INSERT INTO ENTITY_RELATIONSHIP VALUES ('ALL','PROCESS_COMP_PROCESS_ID_FK',1,'PROCESS_COMPONENT','SUBSYSTEM_ID','PROCESS_ID','SUBSYSTEM_ID');
INSERT INTO ENTITY_RELATIONSHIP VALUES ('ALL','PROCESS_COMP_PROCESS_ID_FK',2,'PROCESS_COMPONENT','MODULE_ID','PROCESS_ID','MODULE_ID');
INSERT INTO ENTITY_RELATIONSHIP VALUES ('ALL','PROCESS_COMP_PROCESS_ID_FK',3,'PROCESS_COMPONENT','PROCESS_ID','PROCESS_ID','PROCESS_ID');
INSERT INTO ENTITY_RELATIONSHIP VALUES ('ALL','PROCESS_COMP_COMPONENT_ID_FK',1,'PROCESS_COMPONENT','COMPONENT_ID','COMPONENT_ID','COMPONENT_ID');
INSERT INTO ENTITY_RELATIONSHIP VALUES ('ALL','PROCESS_COMP_WORKF_DECIS_ID_FK',1,'PROCESS_COMPONENT','DECISION_ID','WORKFLOW_DECISION_ID','DECISION_ID');
INSERT INTO ENTITY_RELATIONSHIP VALUES ('ALL','ROLE_PROCESS_ID_FK',1,'ROLE','SUBSYSTEM_ID','PROCESS_ID','SUBSYSTEM_ID');
INSERT INTO ENTITY_RELATIONSHIP VALUES ('ALL','ROLE_PROCESS_ID_FK',2,'ROLE','MODULE_ID','PROCESS_ID','MODULE_ID');
INSERT INTO ENTITY_RELATIONSHIP VALUES ('ALL','ROLE_PROCESS_ID_FK',3,'ROLE','PROCESS_ID','PROCESS_ID','PROCESS_ID');
INSERT INTO ENTITY_RELATIONSHIP VALUES ('ALL','HOST_CHANNEL_ID_FK',1,'HOST','CHANNEL_ID','CHANNEL','CHANNEL_ID');
INSERT INTO ENTITY_RELATIONSHIP VALUES ('ALL','HOST_OFFICE_ID_FK',1,'HOST','BRANCH_ID','OFFICE_ID','BRANCH_ID');
INSERT INTO ENTITY_RELATIONSHIP VALUES ('ALL','HOST_OFFICE_ID_FK',2,'HOST','OFFICE_ID','OFFICE_ID','OFFICE_ID');
INSERT INTO ENTITY_RELATIONSHIP VALUES ('ALL','USER_ACCOUNT_USER_TYPE_ID_FK',1,'USER_ACCOUNT','USER_TYPE_ID','USER_TYPE_ID','USER_TYPE_ID');
INSERT INTO ENTITY_RELATIONSHIP VALUES ('ALL','USER_ACCOUNT_USER_STATUS_ID_FK',1,'USER_ACCOUNT','USER_STATUS_ID','USER_STATUS_ID','USER_STATUS_ID');
INSERT INTO ENTITY_RELATIONSHIP VALUES ('ALL','USER_ACCOUNT_PERSON_ID_FK',1,'USER_ACCOUNT','PERSON_ID','PERSON_ID','PERSON_ID');
INSERT INTO ENTITY_RELATIONSHIP VALUES ('ALL','USER_ACCESS_USER_ACCOUNT_ID_FK',1,'USER_ACCESS','USER_ID','USER_ACCOUNT_ID','USER_ID');
INSERT INTO ENTITY_RELATIONSHIP VALUES ('ALL','USER_PROF_USER_ACCOUNT_ID_FK',1,'USER_PROFILE','USER_ID','USER_ACCOUNT_ID','USER_ID');
INSERT INTO ENTITY_RELATIONSHIP VALUES ('ALL','USER_PROFILE_PROFILE_ID_FK',1,'USER_PROFILE','PROFILE_ID','PROFILE_ID','PROFILE_ID');
INSERT INTO ENTITY_RELATIONSHIP VALUES ('ALL','USER_SESS_USER_ACCOUNT_ID_FK',1,'USER_SESSION','USER_ID','USER_ACCOUNT_ID','USER_ID');
INSERT INTO ENTITY_RELATIONSHIP VALUES ('ALL','USER_SESSION_HOST_ID_FK',1,'USER_SESSION','HOST_ID','HOST_ID','HOST_ID');
INSERT INTO ENTITY_RELATIONSHIP VALUES ('ALL','USER_NOTIF_USER_ACCOUNT_ID_FK',1,'USER_NOTIFICATION','USER_ID','USER_ACCOUNT_ID','USER_ID');
INSERT INTO ENTITY_RELATIONSHIP VALUES ('ALL','USER_NOTIF_USER_NOT_TYPE_ID_FK',1,'USER_NOTIFICATION','USER_NOTIFICATION_TYPE_ID','USER_NOTIFICATION_TYPE_ID','USER_NOTIFICATION_TYPE_ID');
INSERT INTO ENTITY_RELATIONSHIP VALUES ('ALL','USER_AUTH_USER_ACCOUNT_ID_FK',1,'USER_AUTHORIZATION','USER_ID','USER_ACCOUNT_ID','USER_ID');
INSERT INTO ENTITY_RELATIONSHIP VALUES ('ALL','USER_AUTH_USER_AUTH_ID_FK',1,'USER_AUTHORIZATION','AUTHORIZER_ID','USER_ACCOUNT_ID','USER_ID');
INSERT INTO ENTITY_RELATIONSHIP VALUES ('ALL','USER_AUTH_PROCESS_ID_FK',1,'USER_AUTHORIZATION','SUBSYSTEM_ID','PROCESS_ID','SUBSYSTEM_ID');
INSERT INTO ENTITY_RELATIONSHIP VALUES ('ALL','USER_AUTH_PROCESS_ID_FK',2,'USER_AUTHORIZATION','MODULE_ID','PROCESS_ID','MODULE_ID');
INSERT INTO ENTITY_RELATIONSHIP VALUES ('ALL','USER_AUTH_PROCESS_ID_FK',3,'USER_AUTHORIZATION','PROCESS_ID','PROCESS_ID','PROCESS_ID');
INSERT INTO ENTITY_RELATIONSHIP VALUES ('ALL','WORKFLOW_PROCESS_PROCESS_ID_FK',1,'WORKFLOW_PROCESS','SUBSYSTEM_ID','PROCESS_ID','SUBSYSTEM_ID');
INSERT INTO ENTITY_RELATIONSHIP VALUES ('ALL','WORKFLOW_PROCESS_PROCESS_ID_FK',2,'WORKFLOW_PROCESS','MODULE_ID','PROCESS_ID','MODULE_ID');
INSERT INTO ENTITY_RELATIONSHIP VALUES ('ALL','WORKFLOW_PROCESS_PROCESS_ID_FK',3,'WORKFLOW_PROCESS','PROCESS_ID','PROCESS_ID','PROCESS_ID');
INSERT INTO ENTITY_RELATIONSHIP VALUES ('ALL','WORKFLOW_DECIS_STEP_ID_FK',1,'WORKFLOW_DECISION','WORKFLOW_STEP_ID','WORKFLOW_STEP_ID','WORKFLOW_STEP_ID');
INSERT INTO ENTITY_RELATIONSHIP VALUES ('ALL','WORKFLOW_DECIS_CHANNEL_ID_FK',1,'WORKFLOW_DECISION','CHANNEL_ID','CHANNEL','CHANNEL_ID');
INSERT INTO ENTITY_RELATIONSHIP VALUES ('ALL','WORKFLOW_DECIS_PROCESS_ID_FK',1,'WORKFLOW_DECISION','SUBSYSTEM_ID','PROCESS_ID','SUBSYSTEM_ID');
INSERT INTO ENTITY_RELATIONSHIP VALUES ('ALL','WORKFLOW_DECIS_PROCESS_ID_FK',2,'WORKFLOW_DECISION','MODULE_ID','PROCESS_ID','MODULE_ID');
INSERT INTO ENTITY_RELATIONSHIP VALUES ('ALL','WORKFLOW_DECIS_PROCESS_ID_FK',3,'WORKFLOW_DECISION','PROCESS_ID','PROCESS_ID','PROCESS_ID');
INSERT INTO ENTITY_RELATIONSHIP VALUES ('ALL','WORKFLOW_MONITOR_USER_ID_FK',1,'WORKFLOW_MONITOR','USER_ID','USER_ACCOUNT_ID','USER_ID');
INSERT INTO ENTITY_RELATIONSHIP VALUES ('ALL','WORKFLOW_MONITOR_WF_PROC_ID_FK',1,'WORKFLOW_MONITOR','WORKFLOW_ID','WORKFLOW_PROCESS_ID','WORKFLOW_ID');
INSERT INTO ENTITY_RELATIONSHIP VALUES ('ALL','WORKFLOW_MONITOR_STATUS_ID_FK',1,'WORKFLOW_MONITOR','WORKFLOW_STATUS_ID','WORKFLOW_STATUS_ID','WORKFLOW_STATUS_ID');
INSERT INTO ENTITY_RELATIONSHIP VALUES ('ALL','WORKFLOW_MONITOR_PROCESS_ID_FK',1,'WORKFLOW_MONITOR','SUBSYSTEM_ID','PROCESS_ID','SUBSYSTEM_ID');
INSERT INTO ENTITY_RELATIONSHIP VALUES ('ALL','WORKFLOW_MONITOR_PROCESS_ID_FK',2,'WORKFLOW_MONITOR','MODULE_ID','PROCESS_ID','MODULE_ID');
INSERT INTO ENTITY_RELATIONSHIP VALUES ('ALL','WORKFLOW_MONITOR_PROCESS_ID_FK',3,'WORKFLOW_MONITOR','PROCESS_ID','PROCESS_ID','PROCESS_ID');
INSERT INTO ENTITY_RELATIONSHIP VALUES ('ALL','WORKFLOW_MONITOR_AUTH_ID_FK',1,'WORKFLOW_MONITOR','AUTHORIZER_ID','USER_ACCOUNT_ID','USER_ID');
