-- phpMyAdmin SQL Dump
-- version 3.3.9
-- http://www.phpmyadmin.net
--
-- Servidor: localhost
-- Tiempo de generación: 06-09-2011 a las 06:40:43
-- Versión del servidor: 5.5.8
-- Versión de PHP: 5.3.5

SET SQL_MODE="NO_AUTO_VALUE_ON_ZERO";


/*!40101 SET @OLD_CHARACTER_SET_CLIENT=@@CHARACTER_SET_CLIENT */;
/*!40101 SET @OLD_CHARACTER_SET_RESULTS=@@CHARACTER_SET_RESULTS */;
/*!40101 SET @OLD_COLLATION_CONNECTION=@@COLLATION_CONNECTION */;
/*!40101 SET NAMES utf8 */;

--
-- Base de datos: `thesis2`
--

-- --------------------------------------------------------

--
-- Estructura de tabla para la tabla `COMPANY`
--

CREATE TABLE IF NOT EXISTS `COMPANY` (
  `COMPANY_ID` varchar(4) NOT NULL,
  `NAME` varchar(40) NOT NULL,
  `DATAFILE_ID` int(10) DEFAULT NULL,
  `UPGRADE_NUMBER` decimal(4,2) DEFAULT NULL,
  `LICENSE_DATE` date DEFAULT NULL,
  `ENABLE` varchar(1) NOT NULL DEFAULT '0',
  PRIMARY KEY (`COMPANY_ID`)
) ENGINE=InnoDB DEFAULT CHARSET=latin1;

--
-- Volcar la base de datos para la tabla `COMPANY`
--

INSERT INTO `COMPANY` (`COMPANY_ID`, `NAME`, `DATAFILE_ID`, `UPGRADE_NUMBER`, `LICENSE_DATE`, `ENABLE`) VALUES
('ALL', 'DEFAULT COMPANY', NULL, 1.10, '2011-01-01', '1');

-- --------------------------------------------------------

--
-- Estructura de tabla para la tabla `DATABASE_TYPE`
--

CREATE TABLE IF NOT EXISTS `DATABASE_TYPE` (
  `DATA_TYPE_ID` varchar(30) NOT NULL,
  `DATABASE_ID` varchar(30) NOT NULL,
  `DATA_SIZE` smallint(5) NOT NULL,
  `DATABASE_TYPE` varchar(30) NOT NULL,
  PRIMARY KEY (`DATA_TYPE_ID`,`DATABASE_ID`,`DATA_SIZE`)
) ENGINE=InnoDB DEFAULT CHARSET=latin1;

--
-- Volcar la base de datos para la tabla `DATABASE_TYPE`
--

INSERT INTO `DATABASE_TYPE` (`DATA_TYPE_ID`, `DATABASE_ID`, `DATA_SIZE`, `DATABASE_TYPE`) VALUES
('BigDecimal', 'MYSQL', 0, 'DECIMAL'),
('BigDecimal', 'ORACLE', 0, 'NUMBER'),
('Blob', 'MYSQL', 0, 'BLOB'),
('Blob', 'ORACLE', 0, 'BLOB'),
('Boolean', 'MYSQL', 0, 'VARCHAR'),
('Boolean', 'ORACLE', 0, 'VARCHAR2'),
('Clob', 'MYSQL', 0, 'TEXT'),
('Clob', 'ORACLE', 0, 'CLOB'),
('Date', 'MYSQL', 0, 'DATETIME'),
('Date', 'ORACLE', 0, 'DATE'),
('Integer', 'MYSQL', 0, 'INTEGER'),
('Integer', 'MYSQL', 3, 'TINYINT'),
('Integer', 'MYSQL', 5, 'SMALLINT'),
('Integer', 'MYSQL', 7, 'MEDIUMINT'),
('Integer', 'ORACLE', 0, 'NUMBER'),
('Long', 'MYSQL', 0, 'BIGINT'),
('Long', 'MYSQL', 10, 'INTEGER'),
('Long', 'ORACLE', 0, 'NUMBER'),
('String', 'MYSQL', 0, 'VARCHAR'),
('String', 'ORACLE', 0, 'VARCHAR2'),
('Timestamp', 'MYSQL', 0, 'TIMESTAMP'),
('Timestamp', 'ORACLE', 0, 'TIMESTAMP');

-- --------------------------------------------------------

--
-- Estructura de tabla para la tabla `DATA_TYPE`
--

CREATE TABLE IF NOT EXISTS `DATA_TYPE` (
  `DATA_TYPE_ID` varchar(30) NOT NULL,
  `DESCRIPTION` varchar(100) NOT NULL,
  PRIMARY KEY (`DATA_TYPE_ID`)
) ENGINE=InnoDB DEFAULT CHARSET=latin1;

--
-- Volcar la base de datos para la tabla `DATA_TYPE`
--

INSERT INTO `DATA_TYPE` (`DATA_TYPE_ID`, `DESCRIPTION`) VALUES
('BigDecimal', 'Number with decimal fractions'),
('Blob', 'Binary large object'),
('Boolean', 'Logic values true and false'),
('Clob', 'Character large object'),
('Date', 'Sequence of characters that denoting the date'),
('Integer', 'Sequence of digits less than 10'),
('Long', 'Sequence of digits greater than 10 or equal'),
('String', 'Sequence of characters'),
('Timestamp', 'Sequence of characters that denoting the date and/or time');

-- --------------------------------------------------------

--
-- Estructura de tabla para la tabla `ENTITY_FIELD`
--

CREATE TABLE IF NOT EXISTS `ENTITY_FIELD` (
  `COMPANY_ID` varchar(4) NOT NULL,
  `TABLE_ID` varchar(30) NOT NULL,
  `FIELD_ID` varchar(30) NOT NULL,
  `FIELD_ORDER` tinyint(3) NOT NULL,
  `DATA_TYPE_ID` varchar(30) NOT NULL,
  `DATA_SIZE` smallint(5) NOT NULL,
  `DATA_SCALE` tinyint(3) NOT NULL DEFAULT '0',
  `PRIMARY_KEY` varchar(1) NOT NULL DEFAULT '0',
  `UNIQUE_KEY` varchar(1) NOT NULL DEFAULT '0',
  `NULLABLE` varchar(1) NOT NULL DEFAULT '0',
  `DEFAULT_VALUE` varchar(30) DEFAULT NULL,
  `SEQUENTIAL_ID` varchar(30) DEFAULT NULL,
  `MINIMUM_VALUE` varchar(30) DEFAULT NULL,
  `MAXIMUM_VALUE` varchar(30) DEFAULT NULL,
  `SECURITY_LEVEL` tinyint(3) NOT NULL DEFAULT '0',
  `READONLY` varchar(1) NOT NULL DEFAULT '0',
  `HIDDEN` varchar(1) NOT NULL DEFAULT '0',
  `DESCRIPTION` varchar(100) DEFAULT NULL,
  `LABEL` varchar(100) DEFAULT NULL,
  `TOOLTIP` varchar(100) DEFAULT NULL,
  `MASK` varchar(100) DEFAULT NULL,
  `VALIDATION` varchar(100) DEFAULT NULL,
  `CALCULATION` varchar(100) DEFAULT NULL,
  PRIMARY KEY (`COMPANY_ID`,`TABLE_ID`,`FIELD_ID`),
  UNIQUE KEY `ENTITY_FIELD_UK` (`COMPANY_ID`,`TABLE_ID`,`FIELD_ID`,`FIELD_ORDER`),
  KEY `ENTITY_FIELD_ID_FK` (`TABLE_ID`,`FIELD_ID`),
  KEY `ENTITY_FIELD_DATA_TYPE_FK` (`DATA_TYPE_ID`),
  KEY `ENTITY_FIELD_SEQUENTIAL_ID_FK` (`SEQUENTIAL_ID`)
) ENGINE=InnoDB DEFAULT CHARSET=latin1;

--
-- Volcar la base de datos para la tabla `ENTITY_FIELD`
--

INSERT INTO `ENTITY_FIELD` (`COMPANY_ID`, `TABLE_ID`, `FIELD_ID`, `FIELD_ORDER`, `DATA_TYPE_ID`, `DATA_SIZE`, `DATA_SCALE`, `PRIMARY_KEY`, `UNIQUE_KEY`, `NULLABLE`, `DEFAULT_VALUE`, `SEQUENTIAL_ID`, `MINIMUM_VALUE`, `MAXIMUM_VALUE`, `SECURITY_LEVEL`, `READONLY`, `HIDDEN`, `DESCRIPTION`, `LABEL`, `TOOLTIP`, `MASK`, `VALIDATION`, `CALCULATION`) VALUES
('ALL', 'ADDRESS_TYPE', 'ADDRESS_TYPE_ID', 1, 'String', 4, 0, '1', '0', '0', NULL, NULL, NULL, NULL, 0, '0', '0', 'Address type Id', 'addressTypeId', NULL, NULL, NULL, NULL),
('ALL', 'ADDRESS_TYPE', 'NAME', 2, 'String', 40, 0, '0', '0', '0', NULL, NULL, NULL, NULL, 0, '0', '0', 'Name of address type', 'name', NULL, NULL, NULL, NULL),
('ALL', 'BRANCH', 'BRANCH_ID', 1, 'String', 4, 0, '1', '0', '0', NULL, NULL, NULL, NULL, 0, '0', '0', 'Branch Id', 'branchId', NULL, NULL, NULL, NULL),
('ALL', 'BRANCH', 'NAME', 2, 'String', 40, 0, '0', '0', '0', NULL, NULL, NULL, NULL, 0, '0', '0', 'Name of branch', 'name', NULL, NULL, NULL, NULL),
('ALL', 'CHANNEL', 'CHANNEL_ID', 1, 'String', 4, 0, '1', '0', '0', NULL, NULL, NULL, NULL, 0, '0', '0', 'Channel Id', 'channelId', NULL, NULL, NULL, NULL),
('ALL', 'CHANNEL', 'NAME', 2, 'String', 40, 0, '0', '0', '0', NULL, NULL, NULL, NULL, 0, '0', '0', 'Name of channel', 'name', NULL, NULL, NULL, NULL),
('ALL', 'CITY', 'CITY_ID', 3, 'String', 3, 0, '1', '0', '0', NULL, NULL, NULL, NULL, 0, '0', '0', 'City Id', 'cityId', NULL, NULL, NULL, NULL),
('ALL', 'CITY', 'COUNTRY_ID', 1, 'String', 2, 0, '1', '0', '0', NULL, NULL, NULL, NULL, 0, '0', '0', 'Country Id', 'countryId', NULL, NULL, NULL, NULL),
('ALL', 'CITY', 'NAME', 4, 'String', 40, 0, '0', '0', '0', NULL, NULL, NULL, NULL, 0, '0', '0', 'Name of city', 'name', NULL, NULL, NULL, NULL),
('ALL', 'CITY', 'PROVINCE_ID', 2, 'String', 2, 0, '1', '0', '0', NULL, NULL, NULL, NULL, 0, '0', '0', 'Province Id', 'provinceId', NULL, NULL, NULL, NULL),
('ALL', 'CIVIL_STATUS', 'CIVIL_STATUS_ID', 1, 'String', 4, 0, '1', '0', '0', NULL, NULL, NULL, NULL, 0, '0', '0', 'Civil type status Id', 'civilStatusId', NULL, NULL, NULL, NULL),
('ALL', 'CIVIL_STATUS', 'NAME', 2, 'String', 40, 0, '0', '0', '0', NULL, NULL, NULL, NULL, 0, '0', '0', 'Name of civil status', 'name', NULL, NULL, NULL, NULL),
('ALL', 'COMPANY', 'COMPANY_ID', 1, 'String', 4, 0, '1', '0', '0', NULL, NULL, NULL, NULL, 0, '0', '0', 'Company Id', 'companyId', NULL, NULL, NULL, NULL),
('ALL', 'COMPANY', 'DATAFILE_ID', 3, 'Long', 10, 0, '0', '0', '1', NULL, NULL, NULL, NULL, 0, '0', '0', 'Document Id', 'documentId', NULL, NULL, NULL, NULL),
('ALL', 'COMPANY', 'ENABLE', 6, 'Boolean', 1, 0, '0', '0', '0', '0', NULL, NULL, NULL, 0, '0', '0', 'Enable', 'enable', NULL, NULL, NULL, NULL),
('ALL', 'COMPANY', 'LICENSE_DATE', 5, 'Date', 0, 0, '0', '0', '1', NULL, NULL, NULL, NULL, 0, '0', '0', 'License date of company', 'licenseDate', NULL, NULL, NULL, NULL),
('ALL', 'COMPANY', 'NAME', 2, 'String', 40, 0, '0', '0', '0', NULL, NULL, NULL, NULL, 0, '0', '0', 'Name of company', 'name', NULL, NULL, NULL, NULL),
('ALL', 'COMPANY', 'UPGRADE_NUMBER', 4, 'BigDecimal', 4, 2, '0', '0', '1', NULL, NULL, NULL, NULL, 0, '0', '0', 'Upgrade number of company', 'upgradeNumber', NULL, NULL, NULL, NULL),
('ALL', 'COMPONENT', 'CLASS_NAME', 3, 'String', 100, 0, '0', '0', '0', NULL, NULL, NULL, NULL, 0, '0', '0', 'Class name', 'className', NULL, NULL, NULL, NULL),
('ALL', 'COMPONENT', 'COMPONENT_ID', 1, 'String', 40, 0, '1', '0', '0', NULL, NULL, NULL, NULL, 0, '0', '0', 'Component Id', 'componentId', NULL, NULL, NULL, NULL),
('ALL', 'COMPONENT', 'DESCRIPTION', 5, 'String', 100, 0, '0', '0', '0', NULL, NULL, NULL, NULL, 0, '0', '0', 'Description', 'description', NULL, NULL, NULL, NULL),
('ALL', 'COMPONENT', 'METHOD_NAME', 4, 'String', 100, 0, '0', '0', '0', NULL, NULL, NULL, NULL, 0, '0', '0', 'Method name', 'methodName', NULL, NULL, NULL, NULL),
('ALL', 'COMPONENT', 'SUBSYSTEM_ID', 2, 'String', 2, 0, '0', '0', '0', NULL, NULL, NULL, NULL, 0, '0', '0', 'Subsystem Id', 'subsystemId', NULL, NULL, NULL, NULL),
('ALL', 'CONTROLLER', 'COMPONENT_ID', 3, 'String', 40, 0, '0', '0', '0', NULL, NULL, NULL, NULL, 0, '0', '0', 'Component Id', 'componentId', NULL, NULL, NULL, NULL),
('ALL', 'CONTROLLER', 'CONTROLLER_ID', 1, 'String', 4, 0, '1', '0', '0', NULL, NULL, NULL, NULL, 0, '0', '0', 'Controller Id', 'controllerId', NULL, NULL, NULL, NULL),
('ALL', 'CONTROLLER', 'NAME', 2, 'String', 40, 0, '0', '0', '0', NULL, NULL, NULL, NULL, 0, '0', '0', 'Name of controller', 'name', NULL, NULL, NULL, NULL),
('ALL', 'COUNTRY', 'AREA_CODE', 3, 'String', 4, 0, '0', '0', '1', NULL, NULL, NULL, NULL, 0, '0', '0', 'Area code', 'areaCode', NULL, NULL, NULL, NULL),
('ALL', 'COUNTRY', 'COUNTRY_ID', 1, 'String', 2, 0, '1', '0', '0', NULL, NULL, NULL, NULL, 0, '0', '0', 'Country Id', 'countryId', NULL, NULL, NULL, NULL),
('ALL', 'COUNTRY', 'NAME', 2, 'String', 40, 0, '0', '0', '0', NULL, NULL, NULL, NULL, 0, '0', '0', 'Name of country', 'name', NULL, NULL, NULL, NULL),
('ALL', 'DATABASE_TYPE', 'DATABASE_ID', 2, 'String', 30, 0, '1', '0', '0', NULL, NULL, NULL, NULL, 0, '0', '0', 'Database Id', 'databaseId', NULL, NULL, NULL, NULL),
('ALL', 'DATABASE_TYPE', 'DATABASE_TYPE', 4, 'String', 30, 0, '0', '0', '0', NULL, NULL, NULL, NULL, 0, '0', '0', 'Data type of database', 'databaseType', NULL, NULL, NULL, NULL),
('ALL', 'DATABASE_TYPE', 'DATA_SIZE', 3, 'Integer', 5, 0, '1', '0', '0', NULL, NULL, NULL, NULL, 0, '0', '0', 'Data size of field', 'dataSize', NULL, NULL, NULL, NULL),
('ALL', 'DATABASE_TYPE', 'DATA_TYPE_ID', 1, 'String', 30, 0, '1', '0', '0', NULL, NULL, NULL, NULL, 0, '0', '0', 'Data type Id', 'dataTypeId', NULL, NULL, NULL, NULL),
('ALL', 'DATAFILE', 'BINARY_BYTES', 4, 'Long', 10, 0, '0', '0', '1', NULL, NULL, NULL, NULL, 0, '0', '0', 'Binary bytes', 'binaryBytes', NULL, NULL, NULL, NULL),
('ALL', 'DATAFILE', 'BINARY_OBJECT', 5, 'Blob', 0, 0, '0', '0', '1', NULL, NULL, NULL, NULL, 0, '0', '0', 'Binary object', 'binaryObject', NULL, NULL, NULL, NULL),
('ALL', 'DATAFILE', 'BINARY_PATH', 3, 'String', 200, 0, '0', '0', '0', NULL, NULL, NULL, NULL, 0, '0', '0', 'Binary path', 'binaryPath', NULL, NULL, NULL, NULL),
('ALL', 'DATAFILE', 'CHARACTER_DATA', 6, 'Clob', 0, 0, '0', '0', '1', NULL, NULL, NULL, NULL, 0, '0', '0', 'Character data', 'characterData', NULL, NULL, NULL, NULL),
('ALL', 'DATAFILE', 'DATAFILE_ID', 1, 'Long', 10, 0, '1', '0', '0', NULL, NULL, NULL, NULL, 0, '0', '0', 'Datafile Id', 'datafileId', NULL, NULL, NULL, NULL),
('ALL', 'DATAFILE', 'DATAFILE_TYPE_ID', 2, 'String', 4, 0, '0', '0', '0', NULL, NULL, NULL, NULL, 0, '0', '0', 'Datafile type Id', 'datafileTypeId', NULL, NULL, NULL, NULL),
('ALL', 'DATAFILE_TYPE', 'DATAFILE_TYPE_ID', 1, 'String', 4, 0, '1', '0', '0', NULL, NULL, NULL, NULL, 0, '0', '0', 'Datafile type Id', 'datafileTypeId', NULL, NULL, NULL, NULL),
('ALL', 'DATAFILE_TYPE', 'NAME', 2, 'String', 40, 0, '0', '0', '0', NULL, NULL, NULL, NULL, 0, '0', '0', 'Name of datafile type', 'name', NULL, NULL, NULL, NULL),
('ALL', 'DATA_TYPE', 'DATA_TYPE_ID', 1, 'String', 30, 0, '1', '0', '0', NULL, NULL, NULL, NULL, 0, '0', '0', 'Data type Id', 'dataTypeId', NULL, NULL, NULL, NULL),
('ALL', 'DATA_TYPE', 'DESCRIPTION', 2, 'String', 100, 0, '0', '0', '0', NULL, NULL, NULL, NULL, 0, '0', '0', 'Name of data type', 'name', NULL, NULL, NULL, NULL),
('ALL', 'DEPARTMENT', 'BRANCH_ID', 1, 'String', 4, 0, '1', '0', '0', NULL, NULL, NULL, NULL, 0, '0', '0', 'Branch Id', 'branchId', NULL, NULL, NULL, NULL),
('ALL', 'DEPARTMENT', 'DEPARTMENT_ID', 3, 'String', 4, 0, '1', '0', '0', NULL, NULL, NULL, NULL, 0, '0', '0', 'Department Id', 'departmentId', NULL, NULL, NULL, NULL),
('ALL', 'DEPARTMENT', 'NAME', 4, 'String', 40, 0, '0', '0', '0', NULL, NULL, NULL, NULL, 0, '0', '0', 'Name of department', 'name', NULL, NULL, NULL, NULL),
('ALL', 'DEPARTMENT', 'OFFICE_ID', 2, 'String', 4, 0, '1', '0', '0', NULL, NULL, NULL, NULL, 0, '0', '0', 'Office Id', 'officeId', NULL, NULL, NULL, NULL),
('ALL', 'DISTRICT', 'CITY_ID', 3, 'String', 3, 0, '1', '0', '0', NULL, NULL, NULL, NULL, 0, '0', '0', 'City Id', 'cityId', NULL, NULL, NULL, NULL),
('ALL', 'DISTRICT', 'COUNTRY_ID', 1, 'String', 2, 0, '1', '0', '0', NULL, NULL, NULL, NULL, 0, '0', '0', 'Country Id', 'countryId', NULL, NULL, NULL, NULL),
('ALL', 'DISTRICT', 'DISTRICT_ID', 4, 'String', 4, 0, '1', '0', '0', NULL, NULL, NULL, NULL, 0, '0', '0', 'District Id', 'districtId', NULL, NULL, NULL, NULL),
('ALL', 'DISTRICT', 'NAME', 5, 'String', 40, 0, '0', '0', '0', NULL, NULL, NULL, NULL, 0, '0', '0', 'Name of district', 'name', NULL, NULL, NULL, NULL),
('ALL', 'DISTRICT', 'PROVINCE_ID', 2, 'String', 2, 0, '1', '0', '0', NULL, NULL, NULL, NULL, 0, '0', '0', 'Province Id', 'provinceId', NULL, NULL, NULL, NULL),
('ALL', 'DOCUMENT_TYPE', 'DOCUMENT_TYPE_ID', 1, 'String', 4, 0, '1', '0', '0', NULL, NULL, NULL, NULL, 0, '0', '0', 'Document type Id', 'documentTypeId', NULL, NULL, NULL, NULL),
('ALL', 'DOCUMENT_TYPE', 'NAME', 2, 'String', 40, 0, '0', '0', '0', NULL, NULL, NULL, NULL, 0, '0', '0', 'Name of document type', 'name', NULL, NULL, NULL, NULL),
('ALL', 'ENTITY_FIELD', 'CALCULATION', 22, 'String', 100, 0, '0', '0', '1', NULL, NULL, NULL, NULL, 0, '0', '0', 'Calculation of field', 'calculation', NULL, NULL, NULL, NULL),
('ALL', 'ENTITY_FIELD', 'DATA_SCALE', 6, 'Integer', 3, 0, '0', '0', '0', '0', NULL, NULL, NULL, 0, '0', '0', 'Data scale of field', 'dataScale', NULL, NULL, NULL, NULL),
('ALL', 'ENTITY_FIELD', 'DATA_SIZE', 5, 'Integer', 5, 0, '0', '0', '0', NULL, NULL, NULL, NULL, 0, '0', '0', 'Data size of field', 'dataSize', NULL, NULL, NULL, NULL),
('ALL', 'ENTITY_FIELD', 'DATA_TYPE_ID', 4, 'String', 30, 0, '0', '0', '0', NULL, NULL, NULL, NULL, 0, '0', '0', 'Data type of field', 'dataType', NULL, NULL, NULL, NULL),
('ALL', 'ENTITY_FIELD', 'DEFAULT_VALUE', 10, 'String', 30, 0, '0', '0', '1', NULL, NULL, NULL, NULL, 0, '0', '0', 'Default value of field', 'defaultValue', NULL, NULL, NULL, NULL),
('ALL', 'ENTITY_FIELD', 'DESCRIPTION', 17, 'String', 100, 0, '0', '0', '1', NULL, NULL, NULL, NULL, 0, '0', '0', 'Description of field', 'description', NULL, NULL, NULL, NULL),
('ALL', 'ENTITY_FIELD', 'FIELD_ID', 2, 'String', 30, 0, '1', '1', '0', NULL, NULL, NULL, NULL, 0, '0', '0', 'Field Id', 'fieldId', NULL, NULL, NULL, NULL),
('ALL', 'ENTITY_FIELD', 'FIELD_ORDER', 3, 'Integer', 3, 0, '0', '1', '0', NULL, NULL, NULL, NULL, 0, '0', '0', 'Field order', 'fieldOrder', NULL, NULL, NULL, NULL),
('ALL', 'ENTITY_FIELD', 'HIDDEN', 16, 'Boolean', 1, 0, '0', '0', '0', '0', NULL, NULL, NULL, 0, '0', '0', 'Hidden of field', 'hidden', NULL, NULL, NULL, NULL),
('ALL', 'ENTITY_FIELD', 'LABEL', 18, 'String', 100, 0, '0', '0', '1', NULL, NULL, NULL, NULL, 0, '0', '0', 'Label of field', 'label', NULL, NULL, NULL, NULL),
('ALL', 'ENTITY_FIELD', 'MASK', 20, 'String', 100, 0, '0', '0', '1', NULL, NULL, NULL, NULL, 0, '0', '0', 'Mask of field', 'mask', NULL, NULL, NULL, NULL),
('ALL', 'ENTITY_FIELD', 'MAXIMUM_VALUE', 13, 'String', 30, 0, '0', '0', '1', NULL, NULL, NULL, NULL, 0, '0', '0', 'Maximum value of field', 'maximumValue', NULL, NULL, NULL, NULL),
('ALL', 'ENTITY_FIELD', 'MINIMUM_VALUE', 12, 'String', 30, 0, '0', '0', '1', NULL, NULL, NULL, NULL, 0, '0', '0', 'Minimum value of field', 'minimumValue', NULL, NULL, NULL, NULL),
('ALL', 'ENTITY_FIELD', 'NULLABLE', 9, 'Boolean', 1, 0, '0', '0', '0', '0', NULL, NULL, NULL, 0, '0', '0', 'Nullable', 'nullable', NULL, NULL, NULL, NULL),
('ALL', 'ENTITY_FIELD', 'PRIMARY_KEY', 7, 'Boolean', 1, 0, '0', '0', '0', '0', NULL, NULL, NULL, 0, '0', '0', 'Primary key', 'primaryKey', NULL, NULL, NULL, NULL),
('ALL', 'ENTITY_FIELD', 'READONLY', 15, 'Boolean', 1, 0, '0', '0', '0', '0', NULL, NULL, NULL, 0, '0', '0', 'Read only of field', 'readOnly', NULL, NULL, NULL, NULL),
('ALL', 'ENTITY_FIELD', 'SECURITY_LEVEL', 14, 'Integer', 3, 0, '0', '0', '0', '0', NULL, NULL, NULL, 0, '0', '0', 'Security level of field', 'securityLevel', NULL, NULL, NULL, NULL),
('ALL', 'ENTITY_FIELD', 'SEQUENTIAL_ID', 11, 'String', 30, 0, '0', '0', '1', NULL, NULL, NULL, NULL, 0, '0', '0', 'Sequential Id of field', 'sequentialId', NULL, NULL, NULL, NULL),
('ALL', 'ENTITY_FIELD', 'TABLE_ID', 1, 'String', 30, 0, '1', '1', '0', NULL, NULL, NULL, NULL, 0, '0', '0', 'Table Id', 'tableId', NULL, NULL, NULL, NULL),
('ALL', 'ENTITY_FIELD', 'TOOLTIP', 19, 'String', 100, 0, '0', '0', '1', NULL, NULL, NULL, NULL, 0, '0', '0', 'Tooltip of field', 'tooltip', NULL, NULL, NULL, NULL),
('ALL', 'ENTITY_FIELD', 'UNIQUE_KEY', 8, 'Boolean', 1, 0, '0', '0', '0', '0', NULL, NULL, NULL, 0, '0', '0', 'Unique key', 'uniqueKey', NULL, NULL, NULL, NULL),
('ALL', 'ENTITY_FIELD', 'VALIDATION', 21, 'String', 100, 0, '0', '0', '1', NULL, NULL, NULL, NULL, 0, '0', '0', 'Validation of field', 'validation', NULL, NULL, NULL, NULL),
('ALL', 'ENTITY_RELATIONSHIP', 'FIELD_FROM', 4, 'String', 30, 0, '0', '0', '0', NULL, NULL, NULL, NULL, 0, '0', '0', 'Field from', 'fieldFrom', NULL, NULL, NULL, NULL),
('ALL', 'ENTITY_RELATIONSHIP', 'FIELD_TO', 6, 'String', 30, 0, '0', '0', '0', NULL, NULL, NULL, NULL, 0, '0', '0', 'Filed to', 'fieldTo', NULL, NULL, NULL, NULL),
('ALL', 'ENTITY_RELATIONSHIP', 'RELATIONSHIP_ID', 1, 'String', 30, 0, '1', '0', '0', NULL, NULL, NULL, NULL, 0, '0', '0', 'Relationship order', 'relationshipOrder', NULL, NULL, NULL, NULL),
('ALL', 'ENTITY_RELATIONSHIP', 'RELATIONSHIP_ORDER', 2, 'Integer', 3, 0, '1', '0', '0', NULL, NULL, NULL, NULL, 0, '0', '0', 'Field order', 'fieldOrder', NULL, NULL, NULL, NULL),
('ALL', 'ENTITY_RELATIONSHIP', 'TABLE_FROM', 3, 'String', 30, 0, '0', '0', '0', NULL, NULL, NULL, NULL, 0, '0', '0', 'Table from', 'tableFrom', NULL, NULL, NULL, NULL),
('ALL', 'ENTITY_RELATIONSHIP', 'TABLE_TO', 5, 'String', 30, 0, '0', '0', '0', NULL, NULL, NULL, NULL, 0, '0', '0', 'Table to', 'tableTo', NULL, NULL, NULL, NULL),
('ALL', 'ENTITY_TABLE', 'CACHE_MEMORY', 9, 'Boolean', 1, 0, '0', '0', '0', '0', NULL, NULL, NULL, 0, '0', '0', 'Cache memory of entity', 'cacheMemory', NULL, NULL, NULL, NULL),
('ALL', 'ENTITY_TABLE', 'DESCRIPTION', 10, 'String', 100, 0, '0', '0', '0', NULL, NULL, NULL, NULL, 0, '0', '0', 'Description of entity', 'description', NULL, NULL, NULL, NULL),
('ALL', 'ENTITY_TABLE', 'ENUMERATED_TYPES', 8, 'Boolean', 1, 0, '0', '0', '0', '0', NULL, NULL, NULL, 0, '0', '0', 'Enumerated type of entity', 'enumeratedType', NULL, NULL, NULL, NULL),
('ALL', 'ENTITY_TABLE', 'HAS_TABLE_ID', 2, 'Boolean', 1, 0, '0', '0', '0', NULL, NULL, NULL, NULL, 0, '0', '0', 'Order of fields', 'order', NULL, NULL, NULL, NULL),
('ALL', 'ENTITY_TABLE', 'HISTORICAL_DATA', 6, 'Boolean', 1, 0, '0', '0', '0', '0', NULL, NULL, NULL, 0, '0', '0', 'Historical data of entity', 'historicalData', NULL, NULL, NULL, NULL),
('ALL', 'ENTITY_TABLE', 'MULTI_COMPANY', 4, 'Boolean', 1, 0, '0', '0', '0', '0', NULL, NULL, NULL, 0, '0', '0', 'Multi company of entity', 'multiCompany', NULL, NULL, NULL, NULL),
('ALL', 'ENTITY_TABLE', 'MULTI_LANGUAGE', 5, 'Boolean', 1, 0, '0', '0', '0', '0', NULL, NULL, NULL, 0, '0', '0', 'Multi language of entity', 'multiLanguage', NULL, NULL, NULL, NULL),
('ALL', 'ENTITY_TABLE', 'OPTIMISTIC_LOCKING', 7, 'Boolean', 1, 0, '0', '0', '0', '0', NULL, NULL, NULL, 0, '0', '0', 'Optimistic locking of entity', 'optimisticLocking', NULL, NULL, NULL, NULL),
('ALL', 'ENTITY_TABLE', 'PACKAGE_NAME', 3, 'String', 30, 0, '0', '0', '0', NULL, NULL, NULL, NULL, 0, '0', '0', 'Package name of entity', 'packageName', NULL, NULL, NULL, NULL),
('ALL', 'ENTITY_TABLE', 'TABLE_ID', 1, 'String', 30, 0, '1', '0', '0', NULL, NULL, NULL, NULL, 0, '0', '0', 'Table Id', 'tableId', NULL, NULL, NULL, NULL),
('ALL', 'GENDER_TYPE', 'GENDER_TYPE_ID', 1, 'String', 4, 0, '1', '0', '0', NULL, NULL, NULL, NULL, 0, '0', '0', 'Gender type Id', 'genderTypeId', NULL, NULL, NULL, NULL),
('ALL', 'GENDER_TYPE', 'NAME', 2, 'String', 40, 0, '0', '0', '0', NULL, NULL, NULL, NULL, 0, '0', '0', 'Name of gender', 'name', NULL, NULL, NULL, NULL),
('ALL', 'HOST', 'ADDRESS', 2, 'String', 60, 0, '0', '0', '0', NULL, NULL, NULL, NULL, 0, '0', '0', 'Address', 'address', NULL, NULL, NULL, NULL),
('ALL', 'HOST', 'BRANCH_ID', 4, 'String', 4, 0, '0', '0', '1', NULL, NULL, NULL, NULL, 0, '0', '0', 'Branch Id', 'branchId', NULL, NULL, NULL, NULL),
('ALL', 'HOST', 'CHANNEL_ID', 3, 'String', 4, 0, '0', '0', '1', NULL, NULL, NULL, NULL, 0, '0', '0', 'Channel Id', 'channelId', NULL, NULL, NULL, NULL),
('ALL', 'HOST', 'HOST_ID', 1, 'String', 40, 0, '1', '0', '0', NULL, NULL, NULL, NULL, 0, '0', '0', 'Host Id', 'hostId', NULL, NULL, NULL, NULL),
('ALL', 'HOST', 'OFFICE_ID', 5, 'String', 4, 0, '0', '0', '1', NULL, NULL, NULL, NULL, 0, '0', '0', 'Office Id', 'officeId', NULL, NULL, NULL, NULL),
('ALL', 'HOST', 'TIME_ZONE', 6, 'String', 4, 0, '0', '0', '1', NULL, NULL, NULL, NULL, 0, '0', '0', 'Time zone', 'timeZone', NULL, NULL, NULL, NULL),
('ALL', 'IDENTIFICATION_TYPE', 'IDENTIFICATION_TYPE_ID', 1, 'String', 4, 0, '1', '0', '0', NULL, NULL, NULL, NULL, 0, '0', '0', 'Identification type Id', 'identificationTypeId', NULL, NULL, NULL, NULL),
('ALL', 'IDENTIFICATION_TYPE', 'NAME', 2, 'String', 40, 0, '0', '0', '0', NULL, NULL, NULL, NULL, 0, '0', '0', 'Name of identification type', 'name', NULL, NULL, NULL, NULL),
('ALL', 'LANGUAGE', 'LANGUAGE_ID', 1, 'String', 4, 0, '1', '0', '0', NULL, NULL, NULL, NULL, 0, '0', '0', 'Language Id', 'languageId', NULL, NULL, NULL, NULL),
('ALL', 'LANGUAGE', 'NAME', 2, 'String', 40, 0, '0', '0', '0', NULL, NULL, NULL, NULL, 0, '0', '0', 'Name of language', 'name', NULL, NULL, NULL, NULL),
('ALL', 'MESSAGE_COPY', 'COPY_SEQUENCE', 5, 'Integer', 3, 0, '1', '0', '0', NULL, NULL, NULL, NULL, 0, '0', '0', 'Copy sequence', 'sequence', NULL, NULL, NULL, NULL),
('ALL', 'MESSAGE_COPY', 'FIELD_NAME', 2, 'String', 40, 0, '1', '0', '0', NULL, NULL, NULL, NULL, 0, '0', '0', 'Field name', 'fieldName', NULL, NULL, NULL, NULL),
('ALL', 'MESSAGE_COPY', 'FIELD_NAME_COPY', 4, 'String', 40, 0, '1', '0', '0', NULL, NULL, NULL, NULL, 0, '0', '0', 'Field name copy', 'fieldNameCopy', NULL, NULL, NULL, NULL),
('ALL', 'MESSAGE_COPY', 'FIELD_VALUE', 6, 'String', 40, 0, '0', '0', '0', NULL, NULL, NULL, NULL, 0, '0', '0', 'Field value', 'fieldValue', NULL, NULL, NULL, NULL),
('ALL', 'MESSAGE_COPY', 'FIELD_VALUE_COPY', 7, 'String', 40, 0, '0', '0', '0', NULL, NULL, NULL, NULL, 0, '0', '0', 'Field value copy', 'fieldValueCopy', NULL, NULL, NULL, NULL),
('ALL', 'MESSAGE_COPY', 'MESSAGE_TYPE_COPY', 3, 'String', 4, 0, '1', '0', '0', NULL, NULL, NULL, NULL, 0, '0', '0', 'Message type copy', 'messageTypeCopy', NULL, NULL, NULL, NULL),
('ALL', 'MESSAGE_COPY', 'MESSAGE_TYPE_ID', 1, 'String', 4, 0, '1', '0', '0', NULL, NULL, NULL, NULL, 0, '0', '0', 'Message type Id', 'messageTypeId', NULL, NULL, NULL, NULL),
('ALL', 'MESSAGE_FIELD', 'FIELD_ALIGN', 7, 'String', 1, 0, '0', '0', '1', NULL, NULL, NULL, NULL, 0, '0', '0', 'Field align', 'fieldAlign', NULL, NULL, NULL, NULL),
('ALL', 'MESSAGE_FIELD', 'FIELD_FILLED', 6, 'String', 1, 0, '0', '0', '1', NULL, NULL, NULL, NULL, 0, '0', '0', 'Field filled', 'fieldFilled', NULL, NULL, NULL, NULL),
('ALL', 'MESSAGE_FIELD', 'FIELD_INIT', 4, 'Integer', 3, 0, '0', '0', '1', NULL, NULL, NULL, NULL, 0, '0', '0', 'Field init', 'fieldInit', NULL, NULL, NULL, NULL),
('ALL', 'MESSAGE_FIELD', 'FIELD_LENGTH', 5, 'Integer', 3, 0, '0', '0', '1', NULL, NULL, NULL, NULL, 0, '0', '0', 'Field length', 'fieldLength', NULL, NULL, NULL, NULL),
('ALL', 'MESSAGE_FIELD', 'FIELD_NAME', 2, 'String', 40, 0, '1', '0', '0', NULL, NULL, NULL, NULL, 0, '0', '0', 'Field name', 'fieldName', NULL, NULL, NULL, NULL),
('ALL', 'MESSAGE_FIELD', 'FIELD_ORDER', 3, 'Integer', 3, 0, '0', '0', '0', NULL, NULL, NULL, NULL, 0, '0', '0', 'Field order', 'fieldOrder', NULL, NULL, NULL, NULL),
('ALL', 'MESSAGE_FIELD', 'FIELD_VALUE', 8, 'String', 40, 0, '0', '0', '1', NULL, NULL, NULL, NULL, 0, '0', '0', 'Field value', 'fieldValue', NULL, NULL, NULL, NULL),
('ALL', 'MESSAGE_FIELD', 'MESSAGE_TYPE_ID', 1, 'String', 4, 0, '1', '0', '0', NULL, NULL, NULL, NULL, 0, '0', '0', 'Message type Id', 'messageTypeId', NULL, NULL, NULL, NULL),
('ALL', 'MESSAGE_LOG', 'HOST_ID', 5, 'String', 40, 0, '0', '0', '0', NULL, NULL, NULL, NULL, 0, '0', '0', 'Host Id', 'hostId', NULL, NULL, NULL, NULL),
('ALL', 'MESSAGE_LOG', 'MESSAGE_ID', 1, 'String', 100, 0, '1', '0', '0', NULL, NULL, NULL, NULL, 0, '0', '0', 'Message Id', 'messageId', NULL, NULL, NULL, NULL),
('ALL', 'MESSAGE_LOG', 'MESSAGE_INOUT', 2, 'String', 1, 0, '1', '0', '0', NULL, NULL, NULL, NULL, 0, '0', '0', 'Message In Out', 'messageInOut', NULL, NULL, NULL, NULL),
('ALL', 'MESSAGE_LOG', 'MESSAGE_TEXT', 11, 'String', 4000, 0, '0', '0', '1', NULL, NULL, NULL, NULL, 0, '0', '0', 'Message text', 'messageText', NULL, NULL, NULL, NULL),
('ALL', 'MESSAGE_LOG', 'MESSAGE_TYPE_ID', 4, 'String', 4, 0, '0', '0', '0', NULL, NULL, NULL, NULL, 0, '0', '0', 'Message type Id', 'messageTypeId', NULL, NULL, NULL, NULL),
('ALL', 'MESSAGE_LOG', 'MODULE_ID', 8, 'String', 2, 0, '0', '0', '0', NULL, NULL, NULL, NULL, 0, '0', '0', 'Module Id', 'moduleId', NULL, NULL, NULL, NULL),
('ALL', 'MESSAGE_LOG', 'PROCESSING_TIME', 10, 'BigDecimal', 6, 4, '0', '0', '1', NULL, NULL, NULL, NULL, 0, '0', '0', 'Processing time', 'processingTime', NULL, NULL, NULL, NULL),
('ALL', 'MESSAGE_LOG', 'PROCESS_ID', 9, 'String', 2, 0, '0', '0', '0', NULL, NULL, NULL, NULL, 0, '0', '0', 'Process Id', 'processId', NULL, NULL, NULL, NULL),
('ALL', 'MESSAGE_LOG', 'RESPONSE_ID', 12, 'String', 8, 0, '0', '0', '1', NULL, NULL, NULL, NULL, 0, '0', '0', 'Response Id', 'responseId', NULL, NULL, NULL, NULL),
('ALL', 'MESSAGE_LOG', 'REVERSE_ID', 13, 'String', 100, 0, '0', '0', '1', NULL, NULL, NULL, NULL, 0, '0', '0', 'Reverse Id', 'reverseId', NULL, NULL, NULL, NULL),
('ALL', 'MESSAGE_LOG', 'SERVICE_ID', 3, 'String', 4, 0, '0', '0', '0', NULL, NULL, NULL, NULL, 0, '0', '0', 'Service Id', 'serviceId', NULL, NULL, NULL, NULL),
('ALL', 'MESSAGE_LOG', 'SUBSYSTEM_ID', 7, 'String', 2, 0, '0', '0', '0', NULL, NULL, NULL, NULL, 0, '0', '0', 'Subsystem Id', 'subsystemId', NULL, NULL, NULL, NULL),
('ALL', 'MESSAGE_LOG', 'USER_ID', 6, 'String', 20, 0, '0', '0', '0', NULL, NULL, NULL, NULL, 0, '0', '0', 'User Id', 'userId', NULL, NULL, NULL, NULL),
('ALL', 'MESSAGE_MAP', 'COMPONENT_ID', 7, 'String', 40, 0, '0', '0', '1', NULL, NULL, NULL, NULL, 0, '0', '0', 'Component Id', 'componentId', NULL, NULL, NULL, NULL),
('ALL', 'MESSAGE_MAP', 'CONSTANT', 6, 'String', 40, 0, '0', '0', '1', NULL, NULL, NULL, NULL, 0, '0', '0', 'Constant', 'constant', NULL, NULL, NULL, NULL),
('ALL', 'MESSAGE_MAP', 'FIELD_NAME', 2, 'String', 40, 0, '1', '0', '0', NULL, NULL, NULL, NULL, 0, '0', '0', 'Field name', 'fieldName', NULL, NULL, NULL, NULL),
('ALL', 'MESSAGE_MAP', 'FIELD_NAME_MAP', 4, 'String', 40, 0, '1', '0', '0', NULL, NULL, NULL, NULL, 0, '0', '0', 'Field name map', 'fieldNameMap', NULL, NULL, NULL, NULL),
('ALL', 'MESSAGE_MAP', 'MESSAGE_TYPE_ID', 1, 'String', 4, 0, '1', '0', '0', NULL, NULL, NULL, NULL, 0, '0', '0', 'Message type Id', 'messageTypeId', NULL, NULL, NULL, NULL),
('ALL', 'MESSAGE_MAP', 'MESSAGE_TYPE_MAP', 3, 'String', 4, 0, '1', '0', '0', NULL, NULL, NULL, NULL, 0, '0', '0', 'Message type map', 'messageTypeMap', NULL, NULL, NULL, NULL),
('ALL', 'MESSAGE_MAP', 'OPERATION', 5, 'String', 1, 0, '0', '0', '0', NULL, NULL, NULL, NULL, 0, '0', '0', 'Operation', 'operation', NULL, NULL, NULL, NULL),
('ALL', 'MESSAGE_ROUTER', 'MESSAGE_TYPE_ID', 2, 'String', 4, 0, '1', '0', '0', NULL, NULL, NULL, NULL, 0, '0', '0', 'Message type Id', 'messageTypeId', NULL, NULL, NULL, NULL),
('ALL', 'MESSAGE_ROUTER', 'MESSAGE_TYPE_ROUTER', 8, 'String', 4, 0, '0', '0', '0', NULL, NULL, NULL, NULL, 0, '0', '0', 'Message type router', 'messageTypeRouter', NULL, NULL, NULL, NULL),
('ALL', 'MESSAGE_ROUTER', 'MODULE_ID', 4, 'String', 2, 0, '1', '0', '0', NULL, NULL, NULL, NULL, 0, '0', '0', 'Module Id', 'moduleId', NULL, NULL, NULL, NULL),
('ALL', 'MESSAGE_ROUTER', 'PROCESS_ID', 5, 'String', 2, 0, '1', '0', '0', NULL, NULL, NULL, NULL, 0, '0', '0', 'Process Id', 'processId', NULL, NULL, NULL, NULL),
('ALL', 'MESSAGE_ROUTER', 'ROUTER_SEQUENCE', 6, 'Integer', 3, 0, '1', '0', '0', NULL, NULL, NULL, NULL, 0, '0', '0', 'Router sequence', 'sequence', NULL, NULL, NULL, NULL),
('ALL', 'MESSAGE_ROUTER', 'SERVICE_ID', 1, 'String', 4, 0, '1', '0', '0', NULL, NULL, NULL, NULL, 0, '0', '0', 'Service Id', 'serviceId', NULL, NULL, NULL, NULL),
('ALL', 'MESSAGE_ROUTER', 'SERVICE_ROUTER', 7, 'String', 4, 0, '0', '0', '0', NULL, NULL, NULL, NULL, 0, '0', '0', 'Service router', 'serviceRouter', NULL, NULL, NULL, NULL),
('ALL', 'MESSAGE_ROUTER', 'SUBSYSTEM_ID', 3, 'String', 2, 0, '1', '0', '0', NULL, NULL, NULL, NULL, 0, '0', '0', 'Subsystem Id', 'subsystemId', NULL, NULL, NULL, NULL),
('ALL', 'MESSAGE_ROUTER', 'TIMEOUT', 9, 'Integer', 3, 0, '0', '0', '0', NULL, NULL, NULL, NULL, 0, '0', '0', 'Timeout', 'timeout', NULL, NULL, NULL, NULL),
('ALL', 'MESSAGE_TYPE', 'COMPONENT_ID', 3, 'String', 40, 0, '0', '0', '1', NULL, NULL, NULL, NULL, 0, '0', '0', 'Component Id', 'componentId', NULL, NULL, NULL, NULL),
('ALL', 'MESSAGE_TYPE', 'MESSAGE_TYPE_ID', 1, 'String', 4, 0, '1', '0', '0', NULL, NULL, NULL, NULL, 0, '0', '0', 'Message type Id', 'messageTypeId', NULL, NULL, NULL, NULL),
('ALL', 'MESSAGE_TYPE', 'NAME', 2, 'String', 40, 0, '0', '0', '0', NULL, NULL, NULL, NULL, 0, '0', '0', 'Name of message type', 'name', NULL, NULL, NULL, NULL),
('ALL', 'MODULE', 'MODULE_ID', 2, 'String', 2, 0, '1', '0', '0', NULL, NULL, NULL, NULL, 0, '0', '0', 'Module Id', 'moduleId', NULL, NULL, NULL, NULL),
('ALL', 'MODULE', 'NAME', 3, 'String', 40, 0, '0', '0', '0', NULL, NULL, NULL, NULL, 0, '0', '0', 'Name of module', 'name', NULL, NULL, NULL, NULL),
('ALL', 'MODULE', 'SUBSYSTEM_ID', 1, 'String', 2, 0, '1', '0', '0', NULL, NULL, NULL, NULL, 0, '0', '0', 'Subsystem Id', 'subsystemId', NULL, NULL, NULL, NULL),
('ALL', 'OFFICE', 'BRANCH_ID', 1, 'String', 4, 0, '1', '0', '0', NULL, NULL, NULL, NULL, 0, '0', '0', 'Branch Id', 'branchId', NULL, NULL, NULL, NULL),
('ALL', 'OFFICE', 'CITY_ID', 6, 'String', 3, 0, '0', '0', '1', NULL, NULL, NULL, NULL, 0, '0', '0', 'City Id', 'cityId', NULL, NULL, NULL, NULL),
('ALL', 'OFFICE', 'COUNTRY_ID', 4, 'String', 2, 0, '0', '0', '1', NULL, NULL, NULL, NULL, 0, '0', '0', 'Country Id', 'countryId', NULL, NULL, NULL, NULL),
('ALL', 'OFFICE', 'NAME', 3, 'String', 40, 0, '0', '0', '0', NULL, NULL, NULL, NULL, 0, '0', '0', 'Name of office', 'name', NULL, NULL, NULL, NULL),
('ALL', 'OFFICE', 'OFFICE_ID', 2, 'String', 4, 0, '1', '0', '0', NULL, NULL, NULL, NULL, 0, '0', '0', 'Office Id', 'officeId', NULL, NULL, NULL, NULL),
('ALL', 'OFFICE', 'PROVINCE_ID', 5, 'String', 2, 0, '0', '0', '1', NULL, NULL, NULL, NULL, 0, '0', '0', 'Province Id', 'provinceId', NULL, NULL, NULL, NULL),
('ALL', 'PARAMETER', 'DATA_TYPE_ID', 3, 'String', 30, 0, '0', '0', '0', NULL, NULL, NULL, NULL, 0, '0', '0', 'Data type of parameter', 'dataType', NULL, NULL, NULL, NULL),
('ALL', 'PARAMETER', 'DESCRIPTION', 5, 'String', 100, 0, '0', '0', '0', NULL, NULL, NULL, NULL, 0, '0', '0', 'Description of parameter', 'description', NULL, NULL, NULL, NULL),
('ALL', 'PARAMETER', 'PARAMETER_ID', 1, 'String', 40, 0, '1', '0', '0', NULL, NULL, NULL, NULL, 0, '0', '0', 'Parameter Id', 'parameterId', NULL, NULL, NULL, NULL),
('ALL', 'PARAMETER', 'PARAMETER_VALUE', 4, 'String', 100, 0, '0', '0', '0', NULL, NULL, NULL, NULL, 0, '0', '0', 'Value of parameter', 'value', NULL, NULL, NULL, NULL),
('ALL', 'PARAMETER', 'SUBSYSTEM_ID', 2, 'String', 2, 0, '0', '0', '0', NULL, NULL, NULL, NULL, 0, '0', '0', 'Subsystem Id', 'subsystemId', NULL, NULL, NULL, NULL),
('ALL', 'PERSON', 'CITY_ID', 12, 'String', 3, 0, '0', '0', '1', NULL, NULL, NULL, NULL, 0, '0', '0', 'City Id', 'cityId', NULL, NULL, NULL, NULL),
('ALL', 'PERSON', 'CIVIL_STATUS_ID', 9, 'String', 4, 0, '0', '0', '0', NULL, NULL, NULL, NULL, 0, '0', '0', 'Civil type status Id', 'civilStatusId', NULL, NULL, NULL, NULL),
('ALL', 'PERSON', 'COUNTRY_ID', 10, 'String', 2, 0, '0', '0', '0', NULL, NULL, NULL, NULL, 0, '0', '0', 'Country Id', 'countryId', NULL, NULL, NULL, NULL),
('ALL', 'PERSON', 'DATE_OF_BIRTH', 7, 'Date', 0, 0, '0', '0', '0', NULL, NULL, NULL, NULL, 0, '0', '0', 'Date of birth', 'dateOfBirth', NULL, NULL, NULL, NULL),
('ALL', 'PERSON', 'GENDER_TYPE_ID', 8, 'String', 4, 0, '0', '0', '0', NULL, NULL, NULL, NULL, 0, '0', '0', 'Gender type Id', 'genderTypeId', NULL, NULL, NULL, NULL),
('ALL', 'PERSON', 'IDENTIFICATION_NUMBER', 6, 'String', 40, 0, '0', '0', '0', NULL, NULL, NULL, NULL, 0, '0', '0', 'Identification number', 'identificationNumber', NULL, NULL, NULL, NULL),
('ALL', 'PERSON', 'IDENTIFICATION_TYPE_ID', 5, 'String', 4, 0, '0', '0', '0', NULL, NULL, NULL, NULL, 0, '0', '0', 'Identification type Id', 'identificationTypeId', NULL, NULL, NULL, NULL),
('ALL', 'PERSON', 'LAST_NAME', 3, 'String', 40, 0, '0', '0', '0', NULL, NULL, NULL, NULL, 0, '0', '0', 'Lastname of person', 'lastname', NULL, NULL, NULL, NULL),
('ALL', 'PERSON', 'NAME', 2, 'String', 40, 0, '0', '0', '0', NULL, NULL, NULL, NULL, 0, '0', '0', 'Name of person', 'name', NULL, NULL, NULL, NULL),
('ALL', 'PERSON', 'PERSON_ID', 1, 'Long', 10, 0, '1', '0', '0', NULL, NULL, NULL, NULL, 0, '0', '0', 'Person Id', 'personId', NULL, NULL, NULL, NULL),
('ALL', 'PERSON', 'PROFESSION_TYPE_ID', 13, 'String', 4, 0, '0', '0', '1', NULL, NULL, NULL, NULL, 0, '0', '0', 'Profession type Id', 'professionTypeId', NULL, NULL, NULL, NULL),
('ALL', 'PERSON', 'PROVINCE_ID', 11, 'String', 2, 0, '0', '0', '1', NULL, NULL, NULL, NULL, 0, '0', '0', 'Province Id', 'provinceId', NULL, NULL, NULL, NULL),
('ALL', 'PERSON', 'SECOND_LAST_NAME', 4, 'String', 40, 0, '0', '0', '1', NULL, NULL, NULL, NULL, 0, '0', '0', 'Second lastname of person', 'secondLastname', NULL, NULL, NULL, NULL),
('ALL', 'PERSON_ADDRESS', 'ADDRESS_MAP', 12, 'String', 40, 0, '0', '0', '1', NULL, NULL, NULL, NULL, 0, '0', '0', 'Address map', 'addressMap', NULL, NULL, NULL, NULL),
('ALL', 'PERSON_ADDRESS', 'ADDRESS_NUMBER', 5, 'String', 40, 0, '0', '0', '0', NULL, NULL, NULL, NULL, 0, '0', '0', 'Address number', 'addressNumber', NULL, NULL, NULL, NULL),
('ALL', 'PERSON_ADDRESS', 'ADDRESS_SEQUENCE', 2, 'Integer', 3, 0, '1', '0', '0', NULL, NULL, NULL, NULL, 0, '0', '0', 'Sequence of person address', 'sequence', NULL, NULL, NULL, NULL),
('ALL', 'PERSON_ADDRESS', 'ADDRESS_TYPE_ID', 3, 'String', 4, 0, '0', '0', '0', NULL, NULL, NULL, NULL, 0, '0', '0', 'Address type Id', 'addressTypeId', NULL, NULL, NULL, NULL),
('ALL', 'PERSON_ADDRESS', 'BUILDING_FLOOR', 8, 'String', 40, 0, '0', '0', '1', NULL, NULL, NULL, NULL, 0, '0', '0', 'Building number', 'buildingNumber', NULL, NULL, NULL, NULL),
('ALL', 'PERSON_ADDRESS', 'BUILDING_NAME', 7, 'String', 40, 0, '0', '0', '1', NULL, NULL, NULL, NULL, 0, '0', '0', 'Building name', 'buildingName', NULL, NULL, NULL, NULL),
('ALL', 'PERSON_ADDRESS', 'CITY_ID', 11, 'String', 3, 0, '0', '0', '1', NULL, NULL, NULL, NULL, 0, '0', '0', 'City Id', 'cityId', NULL, NULL, NULL, NULL),
('ALL', 'PERSON_ADDRESS', 'COUNTRY_ID', 9, 'String', 2, 0, '0', '0', '1', NULL, NULL, NULL, NULL, 0, '0', '0', 'Country Id', 'countryId', NULL, NULL, NULL, NULL),
('ALL', 'PERSON_ADDRESS', 'FIRST_STREET', 4, 'String', 40, 0, '0', '0', '0', NULL, NULL, NULL, NULL, 0, '0', '0', 'First street', 'firstStreet', NULL, NULL, NULL, NULL),
('ALL', 'PERSON_ADDRESS', 'PERSON_ID', 1, 'Long', 10, 0, '1', '0', '0', NULL, NULL, NULL, NULL, 0, '0', '0', 'Person Id', 'personId', NULL, NULL, NULL, NULL),
('ALL', 'PERSON_ADDRESS', 'PROVINCE_ID', 10, 'String', 2, 0, '0', '0', '1', NULL, NULL, NULL, NULL, 0, '0', '0', 'Province Id', 'provinceId', NULL, NULL, NULL, NULL),
('ALL', 'PERSON_ADDRESS', 'SECOND_STREET', 6, 'String', 40, 0, '0', '0', '1', NULL, NULL, NULL, NULL, 0, '0', '0', 'Second street', 'secondStreet', NULL, NULL, NULL, NULL),
('ALL', 'PERSON_DOCUMENT', 'DATAFILE_ID', 4, 'Long', 10, 0, '0', '0', '0', NULL, NULL, NULL, NULL, 0, '0', '0', 'Datafile Id', 'datafileId', NULL, NULL, NULL, NULL),
('ALL', 'PERSON_DOCUMENT', 'DOCUMENT_SEQUENCE', 2, 'Integer', 3, 0, '1', '0', '0', NULL, NULL, NULL, NULL, 0, '0', '0', 'Sequence of person document', 'sequence', NULL, NULL, NULL, NULL),
('ALL', 'PERSON_DOCUMENT', 'DOCUMENT_TYPE_ID', 3, 'String', 4, 0, '0', '0', '0', NULL, NULL, NULL, NULL, 0, '0', '0', 'Document type Id', 'documentTypeId', NULL, NULL, NULL, NULL),
('ALL', 'PERSON_DOCUMENT', 'PERSON_ID', 1, 'Long', 10, 0, '1', '0', '0', NULL, NULL, NULL, NULL, 0, '0', '0', 'Person Id', 'personId', NULL, NULL, NULL, NULL),
('ALL', 'PERSON_PHONE', 'AREA_CODE', 4, 'String', 4, 0, '0', '0', '0', NULL, NULL, NULL, NULL, 0, '0', '0', 'Area code', 'areaCode', NULL, NULL, NULL, NULL),
('ALL', 'PERSON_PHONE', 'PERSON_ID', 1, 'Long', 10, 0, '1', '0', '0', NULL, NULL, NULL, NULL, 0, '0', '0', 'Person Id', 'personId', NULL, NULL, NULL, NULL),
('ALL', 'PERSON_PHONE', 'PHONE_NUMBER', 5, 'String', 40, 0, '0', '0', '0', NULL, NULL, NULL, NULL, 0, '0', '0', 'Phone number', 'phoneNumber', NULL, NULL, NULL, NULL),
('ALL', 'PERSON_PHONE', 'PHONE_SEQUENCE', 2, 'Integer', 3, 0, '1', '0', '0', NULL, NULL, NULL, NULL, 0, '0', '0', 'Sequence of person phone', 'sequence', NULL, NULL, NULL, NULL),
('ALL', 'PERSON_PHONE', 'PHONE_TYPE_ID', 3, 'String', 4, 0, '0', '0', '0', NULL, NULL, NULL, NULL, 0, '0', '0', 'Phone type Id', 'phoneTypeId', NULL, NULL, NULL, NULL),
('ALL', 'PERSON_TYPE', 'NAME', 2, 'String', 40, 0, '0', '0', '0', NULL, NULL, NULL, NULL, 0, '0', '0', 'Name of person type', 'name', NULL, NULL, NULL, NULL),
('ALL', 'PERSON_TYPE', 'PERSON_TYPE_ID', 1, 'String', 4, 0, '1', '0', '0', NULL, NULL, NULL, NULL, 0, '0', '0', 'Person type Id', 'personTypeId', NULL, NULL, NULL, NULL),
('ALL', 'PHONE_TYPE', 'NAME', 2, 'String', 40, 0, '0', '0', '0', NULL, NULL, NULL, NULL, 0, '0', '0', 'Name of phone', 'name', NULL, NULL, NULL, NULL),
('ALL', 'PHONE_TYPE', 'PHONE_TYPE_ID', 1, 'String', 4, 0, '1', '0', '0', NULL, NULL, NULL, NULL, 0, '0', '0', 'Phone type Id', 'phoneTypeId', NULL, NULL, NULL, NULL),
('ALL', 'PROCESS', 'DATAFILE_ID', 7, 'Long', 10, 0, '0', '0', '1', NULL, NULL, NULL, NULL, 0, '0', '0', 'Datafile Id', 'datafileId', NULL, NULL, NULL, NULL),
('ALL', 'PROCESS', 'ENABLE', 5, 'Boolean', 1, 0, '0', '0', '0', '0', NULL, NULL, NULL, 0, '0', '0', 'Enable', 'enable', NULL, NULL, NULL, NULL),
('ALL', 'PROCESS', 'MODULE_ID', 2, 'String', 2, 0, '1', '0', '0', NULL, NULL, NULL, NULL, 0, '0', '0', 'Module Id', 'moduleId', NULL, NULL, NULL, NULL),
('ALL', 'PROCESS', 'NAME', 4, 'String', 40, 0, '0', '0', '0', NULL, NULL, NULL, NULL, 0, '0', '0', 'Name of process', 'name', NULL, NULL, NULL, NULL),
('ALL', 'PROCESS', 'PROCESS_ID', 3, 'String', 2, 0, '1', '0', '0', NULL, NULL, NULL, NULL, 0, '0', '0', 'Process Id', 'processId', NULL, NULL, NULL, NULL),
('ALL', 'PROCESS', 'SUBSYSTEM_ID', 1, 'String', 2, 0, '1', '0', '0', NULL, NULL, NULL, NULL, 0, '0', '0', 'Subsystem Id', 'subsystemId', NULL, NULL, NULL, NULL),
('ALL', 'PROCESS', 'URL', 6, 'String', 100, 0, '0', '0', '0', NULL, NULL, NULL, NULL, 0, '0', '0', 'URL', 'url', NULL, NULL, NULL, NULL),
('ALL', 'PROCESS', 'WORKFLOW_ID', 8, 'Long', 10, 0, '0', '0', '1', NULL, NULL, NULL, NULL, 0, '0', '0', 'Workflow Id', 'workflowId', NULL, NULL, NULL, NULL),
('ALL', 'PROCESS_COMPONENT', 'AUTHORIZE', 8, 'Boolean', 1, 0, '0', '0', '0', '0', NULL, NULL, NULL, 0, '0', '0', 'Enable', 'enable', NULL, NULL, NULL, NULL),
('ALL', 'PROCESS_COMPONENT', 'CHANNEL_ID', 1, 'String', 4, 0, '1', '0', '0', NULL, NULL, NULL, NULL, 0, '0', '0', 'Channel Id', 'channelId', NULL, NULL, NULL, NULL),
('ALL', 'PROCESS_COMPONENT', 'COMPONENT_ID', 6, 'String', 40, 0, '0', '0', '0', NULL, NULL, NULL, NULL, 0, '0', '0', 'Component Id', 'componentId', NULL, NULL, NULL, NULL),
('ALL', 'PROCESS_COMPONENT', 'DECISION_ID', 9, 'String', 4, 0, '0', '0', '1', NULL, NULL, NULL, NULL, 0, '0', '0', 'Workflow step Id', 'workflowStepId', NULL, NULL, NULL, NULL),
('ALL', 'PROCESS_COMPONENT', 'ENABLE', 7, 'Boolean', 1, 0, '0', '0', '0', '0', NULL, NULL, NULL, 0, '0', '0', 'Enable', 'enable', NULL, NULL, NULL, NULL),
('ALL', 'PROCESS_COMPONENT', 'MODULE_ID', 3, 'String', 2, 0, '1', '0', '0', NULL, NULL, NULL, NULL, 0, '0', '0', 'Module Id', 'moduleId', NULL, NULL, NULL, NULL),
('ALL', 'PROCESS_COMPONENT', 'PROCESS_ID', 4, 'String', 2, 0, '1', '0', '0', NULL, NULL, NULL, NULL, 0, '0', '0', 'Process Id', 'processId', NULL, NULL, NULL, NULL),
('ALL', 'PROCESS_COMPONENT', 'PROCESS_SEQUENCE', 5, 'Integer', 3, 0, '1', '0', '0', NULL, NULL, NULL, NULL, 0, '0', '0', 'Process sequence', 'sequence', NULL, NULL, NULL, NULL),
('ALL', 'PROCESS_COMPONENT', 'SUBSYSTEM_ID', 2, 'String', 2, 0, '1', '0', '0', NULL, NULL, NULL, NULL, 0, '0', '0', 'Subsystem Id', 'subsystemId', NULL, NULL, NULL, NULL),
('ALL', 'PROFESSION_TYPE', 'NAME', 2, 'String', 40, 0, '0', '0', '0', NULL, NULL, NULL, NULL, 0, '0', '0', 'Name of profession type', 'name', NULL, NULL, NULL, NULL),
('ALL', 'PROFESSION_TYPE', 'PROFESSION_TYPE_ID', 1, 'String', 4, 0, '1', '0', '0', NULL, NULL, NULL, NULL, 0, '0', '0', 'Profession type Id', 'professionTypeId', NULL, NULL, NULL, NULL),
('ALL', 'PROFILE', 'NAME', 2, 'String', 40, 0, '0', '0', '0', NULL, NULL, NULL, NULL, 0, '0', '0', 'Name of profile', 'name', NULL, NULL, NULL, NULL),
('ALL', 'PROFILE', 'PROFILE_ID', 1, 'String', 4, 0, '1', '0', '0', NULL, NULL, NULL, NULL, 0, '0', '0', 'Profile Id', 'profileId', NULL, NULL, NULL, NULL),
('ALL', 'PROVINCE', 'COUNTRY_ID', 1, 'String', 2, 0, '1', '0', '0', NULL, NULL, NULL, NULL, 0, '0', '0', 'Country Id', 'countryId', NULL, NULL, NULL, NULL),
('ALL', 'PROVINCE', 'NAME', 3, 'String', 40, 0, '0', '0', '0', NULL, NULL, NULL, NULL, 0, '0', '0', 'Name of province', 'name', NULL, NULL, NULL, NULL),
('ALL', 'PROVINCE', 'PROVINCE_ID', 2, 'String', 2, 0, '1', '0', '0', NULL, NULL, NULL, NULL, 0, '0', '0', 'Province Id', 'provinceId', NULL, NULL, NULL, NULL),
('ALL', 'RESPONSE', 'DESCRIPTION', 3, 'String', 100, 0, '0', '0', '0', NULL, NULL, NULL, NULL, 0, '0', '0', 'Description of response', 'description', NULL, NULL, NULL, NULL),
('ALL', 'RESPONSE', 'RESPONSE_ID', 1, 'String', 8, 0, '1', '0', '0', NULL, NULL, NULL, NULL, 0, '0', '0', 'Response Id', 'responseId', NULL, NULL, NULL, NULL),
('ALL', 'RESPONSE', 'SUBSYSTEM_ID', 2, 'String', 2, 0, '0', '0', '0', NULL, NULL, NULL, NULL, 0, '0', '0', 'Subsystem Id', 'subsystemId', NULL, NULL, NULL, NULL),
('ALL', 'ROLE', 'DAY_ID', 5, 'String', 3, 0, '1', '0', '0', NULL, NULL, NULL, NULL, 0, '0', '0', 'Day Id', 'dayId', NULL, NULL, NULL, NULL),
('ALL', 'ROLE', 'EDITABLE', 8, 'Boolean', 1, 0, '0', '0', '0', '0', NULL, NULL, NULL, 0, '0', '0', 'Editable', 'editable', NULL, NULL, NULL, NULL),
('ALL', 'ROLE', 'HOUR_FROM', 6, 'String', 4, 0, '0', '0', '1', NULL, NULL, NULL, NULL, 0, '0', '0', 'Hour From', 'hourFrom', NULL, NULL, NULL, NULL),
('ALL', 'ROLE', 'HOUR_TO', 7, 'String', 4, 0, '0', '0', '1', NULL, NULL, NULL, NULL, 0, '0', '0', 'Hour To', 'hourTo', NULL, NULL, NULL, NULL),
('ALL', 'ROLE', 'MODULE_ID', 3, 'String', 2, 0, '1', '0', '0', NULL, NULL, NULL, NULL, 0, '0', '0', 'Module Id', 'moduleId', NULL, NULL, NULL, NULL),
('ALL', 'ROLE', 'PROCESS_ID', 4, 'String', 2, 0, '1', '0', '0', NULL, NULL, NULL, NULL, 0, '0', '0', 'Process Id', 'processId', NULL, NULL, NULL, NULL),
('ALL', 'ROLE', 'PROFILE_ID', 1, 'String', 4, 0, '1', '0', '0', NULL, NULL, NULL, NULL, 0, '0', '0', 'Profile Id', 'profileId', NULL, NULL, NULL, NULL),
('ALL', 'ROLE', 'SUBSYSTEM_ID', 2, 'String', 2, 0, '1', '0', '0', NULL, NULL, NULL, NULL, 0, '0', '0', 'Subsystem Id', 'subsystemId', NULL, NULL, NULL, NULL),
('ALL', 'SEQUENTIAL', 'SEQUENTIAL_ID', 1, 'String', 40, 0, '1', '0', '0', NULL, NULL, NULL, NULL, 0, '0', '0', 'Sequential Id', 'sequentialId', NULL, NULL, NULL, NULL),
('ALL', 'SEQUENTIAL', 'SEQUENTIAL_VALUE', 2, 'Long', 10, 0, '0', '0', '0', '0', NULL, NULL, NULL, 0, '0', '0', 'Value of sequential', 'sequentialValue', NULL, NULL, NULL, NULL),
('ALL', 'SERVER', 'NAME', 2, 'String', 40, 0, '0', '0', '0', NULL, NULL, NULL, NULL, 0, '0', '0', 'Name of server', 'name', NULL, NULL, NULL, NULL),
('ALL', 'SERVER', 'SERVER_ID', 1, 'String', 4, 0, '1', '0', '0', NULL, NULL, NULL, NULL, 0, '0', '0', 'Server Id', 'serverId', NULL, NULL, NULL, NULL),
('ALL', 'SERVER', 'URL', 3, 'String', 100, 0, '0', '0', '0', NULL, NULL, NULL, NULL, 0, '0', '0', 'URL', 'url', NULL, NULL, NULL, NULL),
('ALL', 'SERVICE', 'CHANNEL_ID', 4, 'String', 4, 0, '0', '0', '0', NULL, NULL, NULL, NULL, 0, '0', '0', 'Channel Id', 'channelId', NULL, NULL, NULL, NULL),
('ALL', 'SERVICE', 'CONTROLLER_ID', 5, 'String', 4, 0, '0', '0', '0', NULL, NULL, NULL, NULL, 0, '0', '0', 'Controller Id', 'controllerId', NULL, NULL, NULL, NULL),
('ALL', 'SERVICE', 'ENABLE', 6, 'Boolean', 1, 0, '0', '0', '0', '0', NULL, NULL, NULL, 0, '0', '0', 'Enable', 'enable', NULL, NULL, NULL, NULL),
('ALL', 'SERVICE', 'NAME', 2, 'String', 40, 0, '0', '0', '0', NULL, NULL, NULL, NULL, 0, '0', '0', 'Name of service', 'name', NULL, NULL, NULL, NULL),
('ALL', 'SERVICE', 'ONLINE', 7, 'Boolean', 1, 0, '0', '0', '0', '0', NULL, NULL, NULL, 0, '0', '0', 'Online', 'online', NULL, NULL, NULL, NULL),
('ALL', 'SERVICE', 'SERVER_ID', 3, 'String', 4, 0, '0', '0', '0', NULL, NULL, NULL, NULL, 0, '0', '0', 'Server Id', 'serverId', NULL, NULL, NULL, NULL),
('ALL', 'SERVICE', 'SERVICE_ID', 1, 'String', 4, 0, '1', '0', '0', NULL, NULL, NULL, NULL, 0, '0', '0', 'Service Id', 'serviceId', NULL, NULL, NULL, NULL),
('ALL', 'SERVICE_PARAMETER', 'PARAMETER_ID', 2, 'String', 40, 0, '1', '0', '0', NULL, NULL, NULL, NULL, 0, '0', '0', 'Parameter Id', 'parameterId', NULL, NULL, NULL, NULL),
('ALL', 'SERVICE_PARAMETER', 'SERVICE_ID', 1, 'String', 4, 0, '1', '0', '0', NULL, NULL, NULL, NULL, 0, '0', '0', 'Service Id', 'serviceId', NULL, NULL, NULL, NULL),
('ALL', 'SUBSYSTEM', 'NAME', 2, 'String', 40, 0, '0', '0', '0', NULL, NULL, NULL, NULL, 0, '0', '0', 'Name of subsystem', 'name', NULL, NULL, NULL, NULL),
('ALL', 'SUBSYSTEM', 'SUBSYSTEM_ID', 1, 'String', 2, 0, '1', '0', '0', NULL, NULL, NULL, NULL, 0, '0', '0', 'Subsystem Id', 'subsystemId', NULL, NULL, NULL, NULL),
('ALL', 'USER_ACCESS', 'ANSWER', 5, 'String', 100, 0, '0', '0', '1', NULL, NULL, NULL, NULL, 0, '0', '0', 'Answer', 'answer', NULL, NULL, NULL, NULL),
('ALL', 'USER_ACCESS', 'LAST_CHANGE', 3, 'Date', 0, 0, '0', '0', '0', NULL, NULL, NULL, NULL, 0, '0', '0', 'Last change', 'lastChange', NULL, NULL, NULL, NULL),
('ALL', 'USER_ACCESS', 'QUESTION', 4, 'String', 100, 0, '0', '0', '1', NULL, NULL, NULL, NULL, 0, '0', '0', 'Question', 'question', NULL, NULL, NULL, NULL),
('ALL', 'USER_ACCESS', 'USER_ID', 1, 'String', 20, 0, '1', '0', '0', NULL, NULL, NULL, NULL, 0, '0', '0', 'User Id', 'userId', NULL, NULL, NULL, NULL),
('ALL', 'USER_ACCESS', 'USER_KEY', 2, 'String', 20, 0, '0', '0', '0', NULL, NULL, NULL, NULL, 0, '0', '0', 'User Key', 'userKey', NULL, NULL, NULL, NULL),
('ALL', 'USER_ACCOUNT', 'EMAIL', 6, 'String', 100, 0, '0', '0', '0', NULL, NULL, NULL, NULL, 0, '0', '0', 'Email', 'email', NULL, NULL, NULL, NULL),
('ALL', 'USER_ACCOUNT', 'LANGUAGE_ID', 5, 'String', 4, 0, '0', '0', '0', NULL, NULL, NULL, NULL, 0, '0', '0', 'Language Id', 'languageId', NULL, NULL, NULL, NULL),
('ALL', 'USER_ACCOUNT', 'NAME', 2, 'String', 40, 0, '0', '0', '0', NULL, NULL, NULL, NULL, 0, '0', '0', 'Name of user', 'name', NULL, NULL, NULL, NULL),
('ALL', 'USER_ACCOUNT', 'PERSON_ID', 7, 'Long', 10, 0, '0', '0', '1', NULL, NULL, NULL, NULL, 0, '0', '0', 'Person Id', 'personId', NULL, NULL, NULL, NULL),
('ALL', 'USER_ACCOUNT', 'USER_ID', 1, 'String', 20, 0, '1', '0', '0', NULL, NULL, NULL, NULL, 0, '0', '0', 'User Id', 'userId', NULL, NULL, NULL, NULL),
('ALL', 'USER_ACCOUNT', 'USER_STATUS_ID', 4, 'String', 4, 0, '0', '0', '0', NULL, NULL, NULL, NULL, 0, '0', '0', 'User status Id', 'userStatusId', NULL, NULL, NULL, NULL),
('ALL', 'USER_ACCOUNT', 'USER_TYPE_ID', 3, 'String', 4, 0, '0', '0', '0', NULL, NULL, NULL, NULL, 0, '0', '0', 'User type Id', 'userTypeId', NULL, NULL, NULL, NULL),
('ALL', 'USER_AUTHORIZATION', 'AUTHORIZER_ID', 2, 'String', 20, 0, '1', '0', '0', NULL, NULL, NULL, NULL, 0, '0', '0', 'Authorizer Id', 'authorizerId', NULL, NULL, NULL, NULL),
('ALL', 'USER_AUTHORIZATION', 'MODULE_ID', 4, 'String', 2, 0, '1', '0', '0', NULL, NULL, NULL, NULL, 0, '0', '0', 'Module Id', 'moduleId', NULL, NULL, NULL, NULL),
('ALL', 'USER_AUTHORIZATION', 'PROCESS_ID', 5, 'String', 2, 0, '1', '0', '0', NULL, NULL, NULL, NULL, 0, '0', '0', 'Process Id', 'processId', NULL, NULL, NULL, NULL),
('ALL', 'USER_AUTHORIZATION', 'SUBSYSTEM_ID', 3, 'String', 2, 0, '1', '0', '0', NULL, NULL, NULL, NULL, 0, '0', '0', 'Subsystem Id', 'subsystemId', NULL, NULL, NULL, NULL),
('ALL', 'USER_AUTHORIZATION', 'USER_ID', 1, 'String', 20, 0, '1', '0', '0', NULL, NULL, NULL, NULL, 0, '0', '0', 'User Id', 'userId', NULL, NULL, NULL, NULL),
('ALL', 'USER_NOTIFICATION', 'MESSAGE', 4, 'String', 4000, 0, '0', '0', '0', NULL, NULL, NULL, NULL, 0, '0', '0', 'Message', 'message', NULL, NULL, NULL, NULL),
('ALL', 'USER_NOTIFICATION', 'READ_', 5, 'Boolean', 1, 0, '0', '0', '0', '0', NULL, NULL, NULL, 0, '0', '0', 'Read', 'read', NULL, NULL, NULL, NULL),
('ALL', 'USER_NOTIFICATION', 'SUBJECT', 3, 'String', 100, 0, '0', '0', '0', NULL, NULL, NULL, NULL, 0, '0', '0', 'Subject', 'subject', NULL, NULL, NULL, NULL),
('ALL', 'USER_NOTIFICATION', 'USER_ID', 1, 'String', 20, 0, '1', '0', '0', NULL, NULL, NULL, NULL, 0, '0', '0', 'User Id', 'userId', NULL, NULL, NULL, NULL),
('ALL', 'USER_NOTIFICATION', 'USER_NOTIFICATION_TYPE_ID', 2, 'String', 4, 0, '0', '0', '0', NULL, NULL, NULL, NULL, 0, '0', '0', 'User notification type Id', 'userNotificationTypeId', NULL, NULL, NULL, NULL),
('ALL', 'USER_NOTIFICATION_TYPE', 'NAME', 2, 'String', 40, 0, '0', '0', '0', NULL, NULL, NULL, NULL, 0, '0', '0', 'Name of user notification type', 'name', NULL, NULL, NULL, NULL),
('ALL', 'USER_NOTIFICATION_TYPE', 'USER_NOTIFICATION_TYPE_ID', 1, 'String', 4, 0, '1', '0', '0', NULL, NULL, NULL, NULL, 0, '0', '0', 'User notification type Id', 'userNotificationTypeId', NULL, NULL, NULL, NULL),
('ALL', 'USER_PROFILE', 'PROFILE_ID', 2, 'String', 4, 0, '1', '0', '0', NULL, NULL, NULL, NULL, 0, '0', '0', 'Profile Id', 'profileId', NULL, NULL, NULL, NULL),
('ALL', 'USER_PROFILE', 'USER_ID', 1, 'String', 20, 0, '1', '0', '0', NULL, NULL, NULL, NULL, 0, '0', '0', 'User Id', 'userId', NULL, NULL, NULL, NULL),
('ALL', 'USER_SESSION', 'HOST_ID', 2, 'String', 40, 0, '1', '0', '0', NULL, NULL, NULL, NULL, 0, '0', '0', 'Host Id', 'hostId', NULL, NULL, NULL, NULL),
('ALL', 'USER_SESSION', 'TOKEN', 3, 'String', 100, 0, '0', '0', '0', NULL, NULL, NULL, NULL, 0, '0', '0', 'Token', 'token', NULL, NULL, NULL, NULL),
('ALL', 'USER_SESSION', 'USER_ID', 1, 'String', 20, 0, '1', '0', '0', NULL, NULL, NULL, NULL, 0, '0', '0', 'User Id', 'userId', NULL, NULL, NULL, NULL),
('ALL', 'USER_STATUS', 'NAME', 2, 'String', 40, 0, '0', '0', '0', NULL, NULL, NULL, NULL, 0, '0', '0', 'Name of user status', 'name', NULL, NULL, NULL, NULL),
('ALL', 'USER_STATUS', 'USER_STATUS_ID', 1, 'String', 4, 0, '1', '0', '0', NULL, NULL, NULL, NULL, 0, '0', '0', 'User status Id', 'userStatusId', NULL, NULL, NULL, NULL),
('ALL', 'USER_TYPE', 'NAME', 2, 'String', 40, 0, '0', '0', '0', NULL, NULL, NULL, NULL, 0, '0', '0', 'Name of user type', 'name', NULL, NULL, NULL, NULL),
('ALL', 'USER_TYPE', 'USER_TYPE_ID', 1, 'String', 4, 0, '1', '0', '0', NULL, NULL, NULL, NULL, 0, '0', '0', 'User type Id', 'userTypeId', NULL, NULL, NULL, NULL),
('ALL', 'WORKFLOW_DECISION', 'CHANNEL_ID', 5, 'String', 4, 0, '0', '0', '1', NULL, NULL, NULL, NULL, 0, '0', '0', 'Channel Id', 'channelId', NULL, NULL, NULL, NULL),
('ALL', 'WORKFLOW_DECISION', 'DECISION_ID', 1, 'String', 4, 0, '1', '0', '0', NULL, NULL, NULL, NULL, 0, '0', '0', 'Decision Id', 'decisionId', NULL, NULL, NULL, NULL),
('ALL', 'WORKFLOW_DECISION', 'DECISION_RULE', 3, 'String', 4000, 0, '0', '0', '0', NULL, NULL, NULL, NULL, 0, '0', '0', 'Decision rule', 'decisionRule', NULL, NULL, NULL, NULL),
('ALL', 'WORKFLOW_DECISION', 'DECISION_SEQUENCE', 2, 'Integer', 3, 0, '1', '0', '0', NULL, NULL, NULL, NULL, 0, '0', '0', 'Decision sequence', 'sequence', NULL, NULL, NULL, NULL),
('ALL', 'WORKFLOW_DECISION', 'MODULE_ID', 7, 'String', 2, 0, '0', '0', '1', NULL, NULL, NULL, NULL, 0, '0', '0', 'Module Id', 'moduleId', NULL, NULL, NULL, NULL),
('ALL', 'WORKFLOW_DECISION', 'PROCESS_ID', 8, 'String', 2, 0, '0', '0', '1', NULL, NULL, NULL, NULL, 0, '0', '0', 'Process Id', 'processId', NULL, NULL, NULL, NULL),
('ALL', 'WORKFLOW_DECISION', 'PROCESS_SEQUENCE', 9, 'Integer', 3, 0, '0', '0', '1', NULL, NULL, NULL, NULL, 0, '0', '0', 'Process sequence', 'sequence', NULL, NULL, NULL, NULL),
('ALL', 'WORKFLOW_DECISION', 'SUBSYSTEM_ID', 6, 'String', 2, 0, '0', '0', '1', NULL, NULL, NULL, NULL, 0, '0', '0', 'Subsystem Id', 'subsystemId', NULL, NULL, NULL, NULL),
('ALL', 'WORKFLOW_DECISION', 'WORKFLOW_STEP_ID', 4, 'String', 4, 0, '0', '0', '0', NULL, NULL, NULL, NULL, 0, '0', '0', 'Workflow step Id', 'workflowStepId', NULL, NULL, NULL, NULL),
('ALL', 'WORKFLOW_MONITOR', 'AUTHORIZER_ID', 10, 'String', 20, 0, '0', '0', '0', NULL, NULL, NULL, NULL, 0, '0', '0', 'Authorizer Id', 'authorizerId', NULL, NULL, NULL, NULL),
('ALL', 'WORKFLOW_MONITOR', 'JOB_DATE', 2, 'Date', 0, 0, '0', '0', '0', NULL, NULL, NULL, NULL, 0, '0', '0', 'Name of workflow step', 'name', NULL, NULL, NULL, NULL),
('ALL', 'WORKFLOW_MONITOR', 'JOB_NUMBER', 1, 'Long', 10, 0, '1', '0', '0', NULL, NULL, NULL, NULL, 0, '0', '0', 'Workflow Id', 'workflowId', NULL, NULL, NULL, NULL),
('ALL', 'WORKFLOW_MONITOR', 'MODULE_ID', 8, 'String', 2, 0, '0', '0', '0', NULL, NULL, NULL, NULL, 0, '0', '0', 'Module Id', 'moduleId', NULL, NULL, NULL, NULL),
('ALL', 'WORKFLOW_MONITOR', 'PROCESS_ID', 9, 'String', 2, 0, '0', '0', '0', NULL, NULL, NULL, NULL, 0, '0', '0', 'Process Id', 'processId', NULL, NULL, NULL, NULL),
('ALL', 'WORKFLOW_MONITOR', 'SUBSYSTEM_ID', 7, 'String', 2, 0, '0', '0', '0', NULL, NULL, NULL, NULL, 0, '0', '0', 'Subsystem Id', 'subsystemId', NULL, NULL, NULL, NULL),
('ALL', 'WORKFLOW_MONITOR', 'USER_ID', 3, 'String', 20, 0, '0', '0', '0', NULL, NULL, NULL, NULL, 0, '0', '0', 'User Id', 'userId', NULL, NULL, NULL, NULL),
('ALL', 'WORKFLOW_MONITOR', 'WORKFLOW_ID', 4, 'Long', 10, 0, '0', '0', '0', NULL, NULL, NULL, NULL, 0, '0', '0', 'Workflow Id', 'workflowId', NULL, NULL, NULL, NULL),
('ALL', 'WORKFLOW_MONITOR', 'WORKFLOW_SEQUENCE', 5, 'Integer', 3, 0, '0', '0', '0', NULL, NULL, NULL, NULL, 0, '0', '0', 'Workflow sequence', 'sequence', NULL, NULL, NULL, NULL);
INSERT INTO `ENTITY_FIELD` (`COMPANY_ID`, `TABLE_ID`, `FIELD_ID`, `FIELD_ORDER`, `DATA_TYPE_ID`, `DATA_SIZE`, `DATA_SCALE`, `PRIMARY_KEY`, `UNIQUE_KEY`, `NULLABLE`, `DEFAULT_VALUE`, `SEQUENTIAL_ID`, `MINIMUM_VALUE`, `MAXIMUM_VALUE`, `SECURITY_LEVEL`, `READONLY`, `HIDDEN`, `DESCRIPTION`, `LABEL`, `TOOLTIP`, `MASK`, `VALIDATION`, `CALCULATION`) VALUES
('ALL', 'WORKFLOW_MONITOR', 'WORKFLOW_STATUS_ID', 6, 'String', 4, 0, '0', '0', '0', NULL, NULL, NULL, NULL, 0, '0', '0', 'Workflow status Id', 'workflowStatusId', NULL, NULL, NULL, NULL),
('ALL', 'WORKFLOW_PROCESS', 'MODULE_ID', 4, 'String', 2, 0, '0', '0', '0', NULL, NULL, NULL, NULL, 0, '0', '0', 'Module Id', 'moduleId', NULL, NULL, NULL, NULL),
('ALL', 'WORKFLOW_PROCESS', 'PROCESS_ID', 5, 'String', 2, 0, '0', '0', '0', NULL, NULL, NULL, NULL, 0, '0', '0', 'Process Id', 'processId', NULL, NULL, NULL, NULL),
('ALL', 'WORKFLOW_PROCESS', 'SUBSYSTEM_ID', 3, 'String', 2, 0, '0', '0', '0', NULL, NULL, NULL, NULL, 0, '0', '0', 'Subsystem Id', 'subsystemId', NULL, NULL, NULL, NULL),
('ALL', 'WORKFLOW_PROCESS', 'WORKFLOW_ID', 1, 'Long', 10, 0, '1', '0', '0', NULL, NULL, NULL, NULL, 0, '0', '0', 'Workflow Id', 'workflowId', NULL, NULL, NULL, NULL),
('ALL', 'WORKFLOW_PROCESS', 'WORKFLOW_SEQUENCE', 2, 'Integer', 3, 0, '1', '0', '0', NULL, NULL, NULL, NULL, 0, '0', '0', 'Workflow sequence', 'sequence', NULL, NULL, NULL, NULL),
('ALL', 'WORKFLOW_STATUS', 'NAME', 2, 'String', 40, 0, '0', '0', '0', NULL, NULL, NULL, NULL, 0, '0', '0', 'Name of workflow step', 'name', NULL, NULL, NULL, NULL),
('ALL', 'WORKFLOW_STATUS', 'WORKFLOW_STATUS_ID', 1, 'String', 4, 0, '1', '0', '0', NULL, NULL, NULL, NULL, 0, '0', '0', 'Workflow status Id', 'workflowStatusId', NULL, NULL, NULL, NULL),
('ALL', 'WORKFLOW_STEP', 'NAME', 2, 'String', 40, 0, '0', '0', '0', NULL, NULL, NULL, NULL, 0, '0', '0', 'Name of workflow step', 'name', NULL, NULL, NULL, NULL),
('ALL', 'WORKFLOW_STEP', 'WORKFLOW_STEP_ID', 1, 'String', 4, 0, '1', '0', '0', NULL, NULL, NULL, NULL, 0, '0', '0', 'Workflow step Id', 'workflowStepId', NULL, NULL, NULL, NULL);

-- --------------------------------------------------------

--
-- Estructura de tabla para la tabla `ENTITY_FIELD_ID`
--

CREATE TABLE IF NOT EXISTS `ENTITY_FIELD_ID` (
  `TABLE_ID` varchar(30) NOT NULL,
  `FIELD_ID` varchar(30) NOT NULL,
  PRIMARY KEY (`TABLE_ID`,`FIELD_ID`)
) ENGINE=InnoDB DEFAULT CHARSET=latin1;

--
-- Volcar la base de datos para la tabla `ENTITY_FIELD_ID`
--

INSERT INTO `ENTITY_FIELD_ID` (`TABLE_ID`, `FIELD_ID`) VALUES
('ADDRESS_TYPE', 'ADDRESS_TYPE_ID'),
('ADDRESS_TYPE', 'COMPANY_ID'),
('ADDRESS_TYPE', 'LANGUAGE_ID'),
('ADDRESS_TYPE', 'NAME'),
('ADDRESS_TYPE_ID', 'ADDRESS_TYPE_ID'),
('BRANCH', 'BRANCH_ID'),
('BRANCH', 'COMPANY_ID'),
('BRANCH', 'NAME'),
('BRANCH_ID', 'BRANCH_ID'),
('CHANNEL', 'CHANNEL_ID'),
('CHANNEL', 'NAME'),
('CITY', 'CITY_ID'),
('CITY', 'COMPANY_ID'),
('CITY', 'COUNTRY_ID'),
('CITY', 'LANGUAGE_ID'),
('CITY', 'NAME'),
('CITY', 'PROVINCE_ID'),
('CITY_ID', 'CITY_ID'),
('CITY_ID', 'COUNTRY_ID'),
('CITY_ID', 'PROVINCE_ID'),
('CIVIL_STATUS', 'CIVIL_STATUS_ID'),
('CIVIL_STATUS', 'COMPANY_ID'),
('CIVIL_STATUS', 'LANGUAGE_ID'),
('CIVIL_STATUS', 'NAME'),
('CIVIL_STATUS_ID', 'CIVIL_STATUS_ID'),
('COMPANY', 'COMPANY_ID'),
('COMPANY', 'DATAFILE_ID'),
('COMPANY', 'ENABLE'),
('COMPANY', 'LICENSE_DATE'),
('COMPANY', 'NAME'),
('COMPANY', 'UPGRADE_NUMBER'),
('COMPONENT', 'CLASS_NAME'),
('COMPONENT', 'COMPANY_ID'),
('COMPONENT', 'COMPONENT_ID'),
('COMPONENT', 'DESCRIPTION'),
('COMPONENT', 'METHOD_NAME'),
('COMPONENT', 'SUBSYSTEM_ID'),
('COMPONENT_ID', 'COMPONENT_ID'),
('CONTROLLER', 'COMPONENT_ID'),
('CONTROLLER', 'CONTROLLER_ID'),
('CONTROLLER', 'NAME'),
('COUNTRY', 'AREA_CODE'),
('COUNTRY', 'COMPANY_ID'),
('COUNTRY', 'COUNTRY_ID'),
('COUNTRY', 'LANGUAGE_ID'),
('COUNTRY', 'NAME'),
('COUNTRY_ID', 'COUNTRY_ID'),
('DATABASE_TYPE', 'DATABASE_ID'),
('DATABASE_TYPE', 'DATABASE_TYPE'),
('DATABASE_TYPE', 'DATA_SIZE'),
('DATABASE_TYPE', 'DATA_TYPE_ID'),
('DATAFILE', 'BINARY_BYTES'),
('DATAFILE', 'BINARY_OBJECT'),
('DATAFILE', 'BINARY_PATH'),
('DATAFILE', 'CHARACTER_DATA'),
('DATAFILE', 'COMPANY_ID'),
('DATAFILE', 'DATAFILE_ID'),
('DATAFILE', 'DATAFILE_TYPE_ID'),
('DATAFILE_ID', 'DATAFILE_ID'),
('DATAFILE_TYPE', 'DATAFILE_TYPE_ID'),
('DATAFILE_TYPE', 'NAME'),
('DATA_TYPE', 'DATA_TYPE_ID'),
('DATA_TYPE', 'DESCRIPTION'),
('DEPARTMENT', 'BRANCH_ID'),
('DEPARTMENT', 'COMPANY_ID'),
('DEPARTMENT', 'DEPARTMENT_ID'),
('DEPARTMENT', 'LANGUAGE_ID'),
('DEPARTMENT', 'NAME'),
('DEPARTMENT', 'OFFICE_ID'),
('DEPARTMENT_ID', 'BRANCH_ID'),
('DEPARTMENT_ID', 'DEPARTMENT_ID'),
('DEPARTMENT_ID', 'OFFICE_ID'),
('DISTRICT', 'CITY_ID'),
('DISTRICT', 'COMPANY_ID'),
('DISTRICT', 'COUNTRY_ID'),
('DISTRICT', 'DISTRICT_ID'),
('DISTRICT', 'LANGUAGE_ID'),
('DISTRICT', 'NAME'),
('DISTRICT', 'PROVINCE_ID'),
('DISTRICT_ID', 'CITY_ID'),
('DISTRICT_ID', 'COUNTRY_ID'),
('DISTRICT_ID', 'DISTRICT_ID'),
('DISTRICT_ID', 'PROVINCE_ID'),
('DOCUMENT_TYPE', 'COMPANY_ID'),
('DOCUMENT_TYPE', 'DOCUMENT_TYPE_ID'),
('DOCUMENT_TYPE', 'LANGUAGE_ID'),
('DOCUMENT_TYPE', 'NAME'),
('DOCUMENT_TYPE_ID', 'DOCUMENT_TYPE_ID'),
('ENTITY_FIELD', 'CALCULATION'),
('ENTITY_FIELD', 'COMPANY_ID'),
('ENTITY_FIELD', 'DATA_SCALE'),
('ENTITY_FIELD', 'DATA_SIZE'),
('ENTITY_FIELD', 'DATA_TYPE_ID'),
('ENTITY_FIELD', 'DEFAULT_VALUE'),
('ENTITY_FIELD', 'DESCRIPTION'),
('ENTITY_FIELD', 'FIELD_ID'),
('ENTITY_FIELD', 'FIELD_ORDER'),
('ENTITY_FIELD', 'HIDDEN'),
('ENTITY_FIELD', 'LABEL'),
('ENTITY_FIELD', 'MASK'),
('ENTITY_FIELD', 'MAXIMUM_VALUE'),
('ENTITY_FIELD', 'MINIMUM_VALUE'),
('ENTITY_FIELD', 'NULLABLE'),
('ENTITY_FIELD', 'PRIMARY_KEY'),
('ENTITY_FIELD', 'READONLY'),
('ENTITY_FIELD', 'SECURITY_LEVEL'),
('ENTITY_FIELD', 'SEQUENTIAL_ID'),
('ENTITY_FIELD', 'TABLE_ID'),
('ENTITY_FIELD', 'TOOLTIP'),
('ENTITY_FIELD', 'UNIQUE_KEY'),
('ENTITY_FIELD', 'VALIDATION'),
('ENTITY_FIELD_ID', 'FIELD_ID'),
('ENTITY_FIELD_ID', 'TABLE_ID'),
('ENTITY_RELATIONSHIP', 'COMPANY_ID'),
('ENTITY_RELATIONSHIP', 'FIELD_FROM'),
('ENTITY_RELATIONSHIP', 'FIELD_TO'),
('ENTITY_RELATIONSHIP', 'RELATIONSHIP_ID'),
('ENTITY_RELATIONSHIP', 'RELATIONSHIP_ORDER'),
('ENTITY_RELATIONSHIP', 'TABLE_FROM'),
('ENTITY_RELATIONSHIP', 'TABLE_TO'),
('ENTITY_TABLE', 'CACHE_MEMORY'),
('ENTITY_TABLE', 'COMPANY_ID'),
('ENTITY_TABLE', 'DESCRIPTION'),
('ENTITY_TABLE', 'ENUMERATED_TYPES'),
('ENTITY_TABLE', 'HAS_TABLE_ID'),
('ENTITY_TABLE', 'HISTORICAL_DATA'),
('ENTITY_TABLE', 'MULTI_COMPANY'),
('ENTITY_TABLE', 'MULTI_LANGUAGE'),
('ENTITY_TABLE', 'OPTIMISTIC_LOCKING'),
('ENTITY_TABLE', 'PACKAGE_NAME'),
('ENTITY_TABLE', 'TABLE_ID'),
('ENTITY_TABLE_ID', 'TABLE_ID'),
('GENDER_TYPE', 'GENDER_TYPE_ID'),
('GENDER_TYPE', 'LANGUAGE_ID'),
('GENDER_TYPE', 'NAME'),
('GENDER_TYPE_ID', 'GENDER_TYPE_ID'),
('HOST', 'ADDRESS'),
('HOST', 'BRANCH_ID'),
('HOST', 'CHANNEL_ID'),
('HOST', 'COMPANY_ID'),
('HOST', 'HOST_ID'),
('HOST', 'OFFICE_ID'),
('HOST', 'TIME_ZONE'),
('HOST_ID', 'HOST_ID'),
('IDENTIFICATION_TYPE', 'COMPANY_ID'),
('IDENTIFICATION_TYPE', 'IDENTIFICATION_TYPE_ID'),
('IDENTIFICATION_TYPE', 'LANGUAGE_ID'),
('IDENTIFICATION_TYPE', 'NAME'),
('IDENTIFICATION_TYPE_ID', 'IDENTIFICATION_TYPE_ID'),
('LANGUAGE', 'LANGUAGE_ID'),
('LANGUAGE', 'NAME'),
('MESSAGE_COPY', 'COMPANY_ID'),
('MESSAGE_COPY', 'COPY_SEQUENCE'),
('MESSAGE_COPY', 'FIELD_NAME'),
('MESSAGE_COPY', 'FIELD_NAME_COPY'),
('MESSAGE_COPY', 'FIELD_VALUE'),
('MESSAGE_COPY', 'FIELD_VALUE_COPY'),
('MESSAGE_COPY', 'MESSAGE_TYPE_COPY'),
('MESSAGE_COPY', 'MESSAGE_TYPE_ID'),
('MESSAGE_FIELD', 'COMPANY_ID'),
('MESSAGE_FIELD', 'FIELD_ALIGN'),
('MESSAGE_FIELD', 'FIELD_FILLED'),
('MESSAGE_FIELD', 'FIELD_INIT'),
('MESSAGE_FIELD', 'FIELD_LENGTH'),
('MESSAGE_FIELD', 'FIELD_NAME'),
('MESSAGE_FIELD', 'FIELD_ORDER'),
('MESSAGE_FIELD', 'FIELD_VALUE'),
('MESSAGE_FIELD', 'MESSAGE_TYPE_ID'),
('MESSAGE_LOG', 'COMPANY_ID'),
('MESSAGE_LOG', 'HOST_ID'),
('MESSAGE_LOG', 'MESSAGE_ID'),
('MESSAGE_LOG', 'MESSAGE_INOUT'),
('MESSAGE_LOG', 'MESSAGE_TEXT'),
('MESSAGE_LOG', 'MESSAGE_TYPE_ID'),
('MESSAGE_LOG', 'MODULE_ID'),
('MESSAGE_LOG', 'PROCESSING_TIME'),
('MESSAGE_LOG', 'PROCESS_ID'),
('MESSAGE_LOG', 'RESPONSE_ID'),
('MESSAGE_LOG', 'REVERSE_ID'),
('MESSAGE_LOG', 'SERVICE_ID'),
('MESSAGE_LOG', 'SUBSYSTEM_ID'),
('MESSAGE_LOG', 'USER_ID'),
('MESSAGE_MAP', 'COMPANY_ID'),
('MESSAGE_MAP', 'COMPONENT_ID'),
('MESSAGE_MAP', 'CONSTANT'),
('MESSAGE_MAP', 'FIELD_NAME'),
('MESSAGE_MAP', 'FIELD_NAME_MAP'),
('MESSAGE_MAP', 'MESSAGE_TYPE_ID'),
('MESSAGE_MAP', 'MESSAGE_TYPE_MAP'),
('MESSAGE_MAP', 'OPERATION'),
('MESSAGE_ROUTER', 'COMPANY_ID'),
('MESSAGE_ROUTER', 'MESSAGE_TYPE_ID'),
('MESSAGE_ROUTER', 'MESSAGE_TYPE_ROUTER'),
('MESSAGE_ROUTER', 'MODULE_ID'),
('MESSAGE_ROUTER', 'PROCESS_ID'),
('MESSAGE_ROUTER', 'ROUTER_SEQUENCE'),
('MESSAGE_ROUTER', 'SERVICE_ID'),
('MESSAGE_ROUTER', 'SERVICE_ROUTER'),
('MESSAGE_ROUTER', 'SUBSYSTEM_ID'),
('MESSAGE_ROUTER', 'TIMEOUT'),
('MESSAGE_TYPE', 'COMPANY_ID'),
('MESSAGE_TYPE', 'COMPONENT_ID'),
('MESSAGE_TYPE', 'MESSAGE_TYPE_ID'),
('MESSAGE_TYPE', 'NAME'),
('MESSAGE_TYPE_ID', 'MESSAGE_TYPE_ID'),
('MODULE', 'COMPANY_ID'),
('MODULE', 'LANGUAGE_ID'),
('MODULE', 'MODULE_ID'),
('MODULE', 'NAME'),
('MODULE', 'SUBSYSTEM_ID'),
('MODULE_ID', 'MODULE_ID'),
('MODULE_ID', 'SUBSYSTEM_ID'),
('OFFICE', 'BRANCH_ID'),
('OFFICE', 'CITY_ID'),
('OFFICE', 'COMPANY_ID'),
('OFFICE', 'COUNTRY_ID'),
('OFFICE', 'NAME'),
('OFFICE', 'OFFICE_ID'),
('OFFICE', 'PROVINCE_ID'),
('OFFICE_ID', 'BRANCH_ID'),
('OFFICE_ID', 'OFFICE_ID'),
('PARAMETER', 'COMPANY_ID'),
('PARAMETER', 'DATA_TYPE_ID'),
('PARAMETER', 'DESCRIPTION'),
('PARAMETER', 'PARAMETER_ID'),
('PARAMETER', 'PARAMETER_VALUE'),
('PARAMETER', 'SUBSYSTEM_ID'),
('PARAMETER_ID', 'PARAMETER_ID'),
('PERSON', 'CITY_ID'),
('PERSON', 'CIVIL_STATUS_ID'),
('PERSON', 'COMPANY_ID'),
('PERSON', 'COUNTRY_ID'),
('PERSON', 'DATE_OF_BIRTH'),
('PERSON', 'GENDER_TYPE_ID'),
('PERSON', 'IDENTIFICATION_NUMBER'),
('PERSON', 'IDENTIFICATION_TYPE_ID'),
('PERSON', 'LAST_NAME'),
('PERSON', 'NAME'),
('PERSON', 'PERSON_ID'),
('PERSON', 'PROFESSION_TYPE_ID'),
('PERSON', 'PROVINCE_ID'),
('PERSON', 'SECOND_LAST_NAME'),
('PERSON_ADDRESS', 'ADDRESS_MAP'),
('PERSON_ADDRESS', 'ADDRESS_NUMBER'),
('PERSON_ADDRESS', 'ADDRESS_SEQUENCE'),
('PERSON_ADDRESS', 'ADDRESS_TYPE_ID'),
('PERSON_ADDRESS', 'BUILDING_FLOOR'),
('PERSON_ADDRESS', 'BUILDING_NAME'),
('PERSON_ADDRESS', 'CITY_ID'),
('PERSON_ADDRESS', 'COMPANY_ID'),
('PERSON_ADDRESS', 'COUNTRY_ID'),
('PERSON_ADDRESS', 'FIRST_STREET'),
('PERSON_ADDRESS', 'PERSON_ID'),
('PERSON_ADDRESS', 'PROVINCE_ID'),
('PERSON_ADDRESS', 'SECOND_STREET'),
('PERSON_DOCUMENT', 'COMPANY_ID'),
('PERSON_DOCUMENT', 'DATAFILE_ID'),
('PERSON_DOCUMENT', 'DOCUMENT_SEQUENCE'),
('PERSON_DOCUMENT', 'DOCUMENT_TYPE_ID'),
('PERSON_DOCUMENT', 'PERSON_ID'),
('PERSON_ID', 'PERSON_ID'),
('PERSON_PHONE', 'AREA_CODE'),
('PERSON_PHONE', 'COMPANY_ID'),
('PERSON_PHONE', 'PERSON_ID'),
('PERSON_PHONE', 'PHONE_NUMBER'),
('PERSON_PHONE', 'PHONE_SEQUENCE'),
('PERSON_PHONE', 'PHONE_TYPE_ID'),
('PERSON_TYPE', 'COMPANY_ID'),
('PERSON_TYPE', 'LANGUAGE_ID'),
('PERSON_TYPE', 'NAME'),
('PERSON_TYPE', 'PERSON_TYPE_ID'),
('PERSON_TYPE_ID', 'PERSON_TYPE_ID'),
('PHONE_TYPE', 'COMPANY_ID'),
('PHONE_TYPE', 'LANGUAGE_ID'),
('PHONE_TYPE', 'NAME'),
('PHONE_TYPE', 'PHONE_TYPE_ID'),
('PHONE_TYPE_ID', 'PHONE_TYPE_ID'),
('PROCESS', 'COMPANY_ID'),
('PROCESS', 'DATAFILE_ID'),
('PROCESS', 'ENABLE'),
('PROCESS', 'LANGUAGE_ID'),
('PROCESS', 'MODULE_ID'),
('PROCESS', 'NAME'),
('PROCESS', 'PROCESS_ID'),
('PROCESS', 'SUBSYSTEM_ID'),
('PROCESS', 'URL'),
('PROCESS', 'WORKFLOW_ID'),
('PROCESS_COMPONENT', 'AUTHORIZE'),
('PROCESS_COMPONENT', 'CHANNEL_ID'),
('PROCESS_COMPONENT', 'COMPANY_ID'),
('PROCESS_COMPONENT', 'COMPONENT_ID'),
('PROCESS_COMPONENT', 'DECISION_ID'),
('PROCESS_COMPONENT', 'ENABLE'),
('PROCESS_COMPONENT', 'MODULE_ID'),
('PROCESS_COMPONENT', 'PROCESS_ID'),
('PROCESS_COMPONENT', 'PROCESS_SEQUENCE'),
('PROCESS_COMPONENT', 'SUBSYSTEM_ID'),
('PROCESS_ID', 'MODULE_ID'),
('PROCESS_ID', 'PROCESS_ID'),
('PROCESS_ID', 'SUBSYSTEM_ID'),
('PROFESSION_TYPE', 'COMPANY_ID'),
('PROFESSION_TYPE', 'LANGUAGE_ID'),
('PROFESSION_TYPE', 'NAME'),
('PROFESSION_TYPE', 'PROFESSION_TYPE_ID'),
('PROFESSION_TYPE_ID', 'PROFESSION_TYPE_ID'),
('PROFILE', 'COMPANY_ID'),
('PROFILE', 'LANGUAGE_ID'),
('PROFILE', 'NAME'),
('PROFILE', 'PROFILE_ID'),
('PROFILE_ID', 'PROFILE_ID'),
('PROVINCE', 'COMPANY_ID'),
('PROVINCE', 'COUNTRY_ID'),
('PROVINCE', 'LANGUAGE_ID'),
('PROVINCE', 'NAME'),
('PROVINCE', 'PROVINCE_ID'),
('PROVINCE_ID', 'COUNTRY_ID'),
('PROVINCE_ID', 'PROVINCE_ID'),
('RESPONSE', 'COMPANY_ID'),
('RESPONSE', 'DESCRIPTION'),
('RESPONSE', 'LANGUAGE_ID'),
('RESPONSE', 'RESPONSE_ID'),
('RESPONSE', 'SUBSYSTEM_ID'),
('RESPONSE_ID', 'RESPONSE_ID'),
('ROLE', 'COMPANY_ID'),
('ROLE', 'DAY_ID'),
('ROLE', 'EDITABLE'),
('ROLE', 'HOUR_FROM'),
('ROLE', 'HOUR_TO'),
('ROLE', 'MODULE_ID'),
('ROLE', 'PROCESS_ID'),
('ROLE', 'PROFILE_ID'),
('ROLE', 'SUBSYSTEM_ID'),
('SEQUENTIAL', 'COMPANY_ID'),
('SEQUENTIAL', 'SEQUENTIAL_ID'),
('SEQUENTIAL', 'SEQUENTIAL_VALUE'),
('SEQUENTIAL_ID', 'SEQUENTIAL_ID'),
('SERVER', 'NAME'),
('SERVER', 'SERVER_ID'),
('SERVER', 'URL'),
('SERVICE', 'CHANNEL_ID'),
('SERVICE', 'COMPANY_ID'),
('SERVICE', 'CONTROLLER_ID'),
('SERVICE', 'ENABLE'),
('SERVICE', 'NAME'),
('SERVICE', 'ONLINE'),
('SERVICE', 'SERVER_ID'),
('SERVICE', 'SERVICE_ID'),
('SERVICE_ID', 'SERVICE_ID'),
('SERVICE_PARAMETER', 'COMPANY_ID'),
('SERVICE_PARAMETER', 'PARAMETER_ID'),
('SERVICE_PARAMETER', 'SERVICE_ID'),
('SUBSYSTEM', 'COMPANY_ID'),
('SUBSYSTEM', 'LANGUAGE_ID'),
('SUBSYSTEM', 'NAME'),
('SUBSYSTEM', 'SUBSYSTEM_ID'),
('SUBSYSTEM_ID', 'SUBSYSTEM_ID'),
('USER_ACCESS', 'ANSWER'),
('USER_ACCESS', 'COMPANY_ID'),
('USER_ACCESS', 'LAST_CHANGE'),
('USER_ACCESS', 'QUESTION'),
('USER_ACCESS', 'USER_ID'),
('USER_ACCESS', 'USER_KEY'),
('USER_ACCOUNT', 'COMPANY_ID'),
('USER_ACCOUNT', 'EMAIL'),
('USER_ACCOUNT', 'LANGUAGE_ID'),
('USER_ACCOUNT', 'NAME'),
('USER_ACCOUNT', 'PERSON_ID'),
('USER_ACCOUNT', 'USER_ID'),
('USER_ACCOUNT', 'USER_STATUS_ID'),
('USER_ACCOUNT', 'USER_TYPE_ID'),
('USER_ACCOUNT_ID', 'USER_ID'),
('USER_AUTHORIZATION', 'AUTHORIZER_ID'),
('USER_AUTHORIZATION', 'COMPANY_ID'),
('USER_AUTHORIZATION', 'MODULE_ID'),
('USER_AUTHORIZATION', 'PROCESS_ID'),
('USER_AUTHORIZATION', 'SUBSYSTEM_ID'),
('USER_AUTHORIZATION', 'USER_ID'),
('USER_NOTIFICATION', 'COMPANY_ID'),
('USER_NOTIFICATION', 'MESSAGE'),
('USER_NOTIFICATION', 'READ_'),
('USER_NOTIFICATION', 'SUBJECT'),
('USER_NOTIFICATION', 'USER_ID'),
('USER_NOTIFICATION', 'USER_NOTIFICATION_TYPE_ID'),
('USER_NOTIFICATION_TYPE', 'LANGUAGE_ID'),
('USER_NOTIFICATION_TYPE', 'NAME'),
('USER_NOTIFICATION_TYPE', 'USER_NOTIFICATION_TYPE_ID'),
('USER_NOTIFICATION_TYPE_ID', 'USER_NOTIFICATION_TYPE_ID'),
('USER_PROFILE', 'COMPANY_ID'),
('USER_PROFILE', 'PROFILE_ID'),
('USER_PROFILE', 'USER_ID'),
('USER_SESSION', 'COMPANY_ID'),
('USER_SESSION', 'HOST_ID'),
('USER_SESSION', 'TOKEN'),
('USER_SESSION', 'USER_ID'),
('USER_STATUS', 'COMPANY_ID'),
('USER_STATUS', 'LANGUAGE_ID'),
('USER_STATUS', 'NAME'),
('USER_STATUS', 'USER_STATUS_ID'),
('USER_STATUS_ID', 'USER_STATUS_ID'),
('USER_TYPE', 'COMPANY_ID'),
('USER_TYPE', 'LANGUAGE_ID'),
('USER_TYPE', 'NAME'),
('USER_TYPE', 'USER_TYPE_ID'),
('USER_TYPE_ID', 'USER_TYPE_ID'),
('WORKFLOW_DECISION', 'CHANNEL_ID'),
('WORKFLOW_DECISION', 'COMPANY_ID'),
('WORKFLOW_DECISION', 'DECISION_ID'),
('WORKFLOW_DECISION', 'DECISION_RULE'),
('WORKFLOW_DECISION', 'DECISION_SEQUENCE'),
('WORKFLOW_DECISION', 'MODULE_ID'),
('WORKFLOW_DECISION', 'PROCESS_ID'),
('WORKFLOW_DECISION', 'PROCESS_SEQUENCE'),
('WORKFLOW_DECISION', 'SUBSYSTEM_ID'),
('WORKFLOW_DECISION', 'WORKFLOW_STEP_ID'),
('WORKFLOW_DECISION_ID', 'DECISION_ID'),
('WORKFLOW_MONITOR', 'AUTHORIZER_ID'),
('WORKFLOW_MONITOR', 'COMPANY_ID'),
('WORKFLOW_MONITOR', 'JOB_DATE'),
('WORKFLOW_MONITOR', 'JOB_NUMBER'),
('WORKFLOW_MONITOR', 'MODULE_ID'),
('WORKFLOW_MONITOR', 'PROCESS_ID'),
('WORKFLOW_MONITOR', 'SUBSYSTEM_ID'),
('WORKFLOW_MONITOR', 'USER_ID'),
('WORKFLOW_MONITOR', 'WORKFLOW_ID'),
('WORKFLOW_MONITOR', 'WORKFLOW_SEQUENCE'),
('WORKFLOW_MONITOR', 'WORKFLOW_STATUS_ID'),
('WORKFLOW_PROCESS', 'COMPANY_ID'),
('WORKFLOW_PROCESS', 'MODULE_ID'),
('WORKFLOW_PROCESS', 'PROCESS_ID'),
('WORKFLOW_PROCESS', 'SUBSYSTEM_ID'),
('WORKFLOW_PROCESS', 'WORKFLOW_ID'),
('WORKFLOW_PROCESS', 'WORKFLOW_SEQUENCE'),
('WORKFLOW_PROCESS_ID', 'WORKFLOW_ID'),
('WORKFLOW_STATUS', 'LANGUAGE_ID'),
('WORKFLOW_STATUS', 'NAME'),
('WORKFLOW_STATUS', 'WORKFLOW_STATUS_ID'),
('WORKFLOW_STATUS_ID', 'WORKFLOW_STATUS_ID'),
('WORKFLOW_STEP', 'LANGUAGE_ID'),
('WORKFLOW_STEP', 'NAME'),
('WORKFLOW_STEP', 'WORKFLOW_STEP_ID'),
('WORKFLOW_STEP_ID', 'WORKFLOW_STEP_ID');

-- --------------------------------------------------------

--
-- Estructura de tabla para la tabla `ENTITY_RELATIONSHIP`
--

CREATE TABLE IF NOT EXISTS `ENTITY_RELATIONSHIP` (
  `COMPANY_ID` varchar(4) NOT NULL,
  `RELATIONSHIP_ID` varchar(30) NOT NULL,
  `RELATIONSHIP_ORDER` tinyint(3) NOT NULL,
  `TABLE_FROM` varchar(30) NOT NULL,
  `FIELD_FROM` varchar(30) NOT NULL,
  `TABLE_TO` varchar(30) NOT NULL,
  `FIELD_TO` varchar(30) NOT NULL,
  PRIMARY KEY (`COMPANY_ID`,`RELATIONSHIP_ID`,`RELATIONSHIP_ORDER`),
  KEY `ENTITY_RELATIONSHIP_FROM_FK` (`TABLE_FROM`,`FIELD_FROM`),
  KEY `ENTITY_RELATIONSHIP_TO_FK` (`TABLE_TO`,`FIELD_TO`)
) ENGINE=InnoDB DEFAULT CHARSET=latin1;

--
-- Volcar la base de datos para la tabla `ENTITY_RELATIONSHIP`
--

INSERT INTO `ENTITY_RELATIONSHIP` (`COMPANY_ID`, `RELATIONSHIP_ID`, `RELATIONSHIP_ORDER`, `TABLE_FROM`, `FIELD_FROM`, `TABLE_TO`, `FIELD_TO`) VALUES
('ALL', 'ADDRESS_TYPE_COMPANY_FK', 1, 'ADDRESS_TYPE', 'COMPANY_ID', 'COMPANY', 'COMPANY_ID'),
('ALL', 'ADDRESS_TYPE_ID_FK', 1, 'ADDRESS_TYPE', 'ADDRESS_TYPE_ID', 'ADDRESS_TYPE_ID', 'ADDRESS_TYPE_ID'),
('ALL', 'ADDRESS_TYPE_LANGUAGE_FK', 1, 'ADDRESS_TYPE', 'LANGUAGE_ID', 'LANGUAGE', 'LANGUAGE_ID'),
('ALL', 'BRANCH_BRANCH_ID_FK', 1, 'BRANCH', 'BRANCH_ID', 'BRANCH_ID', 'BRANCH_ID'),
('ALL', 'BRANCH_COMPANY_FK', 1, 'BRANCH', 'COMPANY_ID', 'COMPANY', 'COMPANY_ID'),
('ALL', 'CITY_CITY_ID_FK', 1, 'CITY', 'COUNTRY_ID', 'CITY_ID', 'COUNTRY_ID'),
('ALL', 'CITY_CITY_ID_FK', 2, 'CITY', 'PROVINCE_ID', 'CITY_ID', 'PROVINCE_ID'),
('ALL', 'CITY_CITY_ID_FK', 3, 'CITY', 'CITY_ID', 'CITY_ID', 'CITY_ID'),
('ALL', 'CITY_COMPANY_FK', 1, 'CITY', 'COMPANY_ID', 'COMPANY', 'COMPANY_ID'),
('ALL', 'CITY_ID_PROVINCE_ID_FK', 1, 'CITY_ID', 'COUNTRY_ID', 'PROVINCE_ID', 'COUNTRY_ID'),
('ALL', 'CITY_ID_PROVINCE_ID_FK', 2, 'CITY_ID', 'PROVINCE_ID', 'PROVINCE_ID', 'PROVINCE_ID'),
('ALL', 'CITY_LANGUAGE_FK', 1, 'CITY', 'LANGUAGE_ID', 'LANGUAGE', 'LANGUAGE_ID'),
('ALL', 'CIVIL_STATUS_COMPANY_FK', 1, 'CIVIL_STATUS', 'COMPANY_ID', 'COMPANY', 'COMPANY_ID'),
('ALL', 'CIVIL_STATUS_ID_FK', 1, 'CIVIL_STATUS', 'CIVIL_STATUS_ID', 'CIVIL_STATUS_ID', 'CIVIL_STATUS_ID'),
('ALL', 'CIVIL_STATUS_LANGUAGE_FK', 1, 'CIVIL_STATUS', 'LANGUAGE_ID', 'LANGUAGE', 'LANGUAGE_ID'),
('ALL', 'COMPONENT_COMPANY_FK', 1, 'COMPONENT', 'COMPANY_ID', 'COMPANY', 'COMPANY_ID'),
('ALL', 'COMPONENT_ID_FK', 1, 'COMPONENT', 'COMPONENT_ID', 'COMPONENT_ID', 'COMPONENT_ID'),
('ALL', 'COMPONENT_SUBSYSTEM_ID_FK', 1, 'COMPONENT', 'SUBSYSTEM_ID', 'SUBSYSTEM_ID', 'SUBSYSTEM_ID'),
('ALL', 'CONTROLLER_COMPONENT_ID_FK', 1, 'CONTROLLER', 'COMPONENT_ID', 'COMPONENT_ID', 'COMPONENT_ID'),
('ALL', 'COUNTRY_COMPANY_FK', 1, 'COUNTRY', 'COMPANY_ID', 'COMPANY', 'COMPANY_ID'),
('ALL', 'COUNTRY_COUNTRY_ID_FK', 1, 'COUNTRY', 'COUNTRY_ID', 'COUNTRY_ID', 'COUNTRY_ID'),
('ALL', 'COUNTRY_LANGUAGE_FK', 1, 'COUNTRY', 'LANGUAGE_ID', 'LANGUAGE', 'LANGUAGE_ID'),
('ALL', 'DATABASE_TYPE_DATA_TYPE_FK', 1, 'DATABASE_TYPE', 'DATA_TYPE_ID', 'DATA_TYPE', 'DATA_TYPE_ID'),
('ALL', 'DATAFILE_COMPANY_FK', 1, 'DATAFILE', 'COMPANY_ID', 'COMPANY', 'COMPANY_ID'),
('ALL', 'DATAFILE_DATAFILE_ID_FK', 1, 'DATAFILE', 'DATAFILE_ID', 'DATAFILE_ID', 'DATAFILE_ID'),
('ALL', 'DATAFILE_DATAFILE_TYPE_FK', 1, 'DATAFILE', 'DATAFILE_TYPE_ID', 'DATAFILE_TYPE', 'DATAFILE_TYPE_ID'),
('ALL', 'DEPARTMENT_COMPANY_FK', 1, 'DEPARTMENT', 'COMPANY_ID', 'COMPANY', 'COMPANY_ID'),
('ALL', 'DEPARTMENT_DEPARTMENT_ID_FK', 1, 'DEPARTMENT', 'BRANCH_ID', 'DEPARTMENT_ID', 'BRANCH_ID'),
('ALL', 'DEPARTMENT_DEPARTMENT_ID_FK', 2, 'DEPARTMENT', 'OFFICE_ID', 'DEPARTMENT_ID', 'OFFICE_ID'),
('ALL', 'DEPARTMENT_DEPARTMENT_ID_FK', 3, 'DEPARTMENT', 'DEPARTMENT_ID', 'DEPARTMENT_ID', 'DEPARTMENT_ID'),
('ALL', 'DEPARTMENT_ID_OFFICE_ID_FK', 1, 'DEPARTMENT_ID', 'BRANCH_ID', 'OFFICE_ID', 'BRANCH_ID'),
('ALL', 'DEPARTMENT_ID_OFFICE_ID_FK', 2, 'DEPARTMENT_ID', 'OFFICE_ID', 'OFFICE_ID', 'OFFICE_ID'),
('ALL', 'DEPARTMENT_LANGUAGE_FK', 1, 'DEPARTMENT', 'LANGUAGE_ID', 'LANGUAGE', 'LANGUAGE_ID'),
('ALL', 'DISTRICT_COMPANY_FK', 1, 'DISTRICT', 'COMPANY_ID', 'COMPANY', 'COMPANY_ID'),
('ALL', 'DISTRICT_DISTRICT_ID_FK', 1, 'DISTRICT', 'COUNTRY_ID', 'DISTRICT_ID', 'COUNTRY_ID'),
('ALL', 'DISTRICT_DISTRICT_ID_FK', 2, 'DISTRICT', 'PROVINCE_ID', 'DISTRICT_ID', 'PROVINCE_ID'),
('ALL', 'DISTRICT_DISTRICT_ID_FK', 3, 'DISTRICT', 'CITY_ID', 'DISTRICT_ID', 'CITY_ID'),
('ALL', 'DISTRICT_DISTRICT_ID_FK', 4, 'DISTRICT', 'DISTRICT_ID', 'DISTRICT_ID', 'DISTRICT_ID'),
('ALL', 'DISTRICT_ID_CITY_ID_FK', 1, 'DISTRICT_ID', 'COUNTRY_ID', 'CITY_ID', 'COUNTRY_ID'),
('ALL', 'DISTRICT_ID_CITY_ID_FK', 2, 'DISTRICT_ID', 'PROVINCE_ID', 'CITY_ID', 'PROVINCE_ID'),
('ALL', 'DISTRICT_ID_CITY_ID_FK', 3, 'DISTRICT_ID', 'CITY_ID', 'CITY_ID', 'CITY_ID'),
('ALL', 'DISTRICT_LANGUAGE_FK', 1, 'DISTRICT', 'LANGUAGE_ID', 'LANGUAGE', 'LANGUAGE_ID'),
('ALL', 'DOCUMENT_TYPE_COMPANY_FK', 1, 'DOCUMENT_TYPE', 'COMPANY_ID', 'COMPANY', 'COMPANY_ID'),
('ALL', 'DOCUMENT_TYPE_ID_FK', 1, 'DOCUMENT_TYPE', 'DOCUMENT_TYPE_ID', 'DOCUMENT_TYPE_ID', 'DOCUMENT_TYPE_ID'),
('ALL', 'DOCUMENT_TYPE_LANGUAGE_FK', 1, 'DOCUMENT_TYPE', 'LANGUAGE_ID', 'LANGUAGE', 'LANGUAGE_ID'),
('ALL', 'ENTITY_FIELD_COMPANY_FK', 1, 'ENTITY_FIELD', 'COMPANY_ID', 'COMPANY', 'COMPANY_ID'),
('ALL', 'ENTITY_FIELD_DATA_TYPE_FK', 1, 'ENTITY_FIELD', 'DATA_TYPE_ID', 'DATA_TYPE', 'DATA_TYPE_ID'),
('ALL', 'ENTITY_FIELD_ID_FK', 1, 'ENTITY_FIELD', 'TABLE_ID', 'ENTITY_FIELD_ID', 'TABLE_ID'),
('ALL', 'ENTITY_FIELD_ID_FK', 2, 'ENTITY_FIELD', 'FIELD_ID', 'ENTITY_FIELD_ID', 'FIELD_ID'),
('ALL', 'ENTITY_FIELD_ID_TABLE_ID_FK', 1, 'ENTITY_FIELD_ID', 'TABLE_ID', 'ENTITY_TABLE_ID', 'TABLE_ID'),
('ALL', 'ENTITY_FIELD_SEQUENTIAL_ID_FK', 1, 'ENTITY_FIELD', 'SEQUENTIAL_ID', 'SEQUENTIAL_ID', 'SEQUENTIAL_ID'),
('ALL', 'ENTITY_RELATIONSHIP_COMPANY_FK', 1, 'ENTITY_RELATIONSHIP', 'COMPANY_ID', 'COMPANY', 'COMPANY_ID'),
('ALL', 'ENTITY_RELATIONSHIP_FROM_FK', 1, 'ENTITY_RELATIONSHIP', 'TABLE_FROM', 'ENTITY_FIELD_ID', 'TABLE_ID'),
('ALL', 'ENTITY_RELATIONSHIP_FROM_FK', 2, 'ENTITY_RELATIONSHIP', 'FIELD_FROM', 'ENTITY_FIELD_ID', 'FIELD_ID'),
('ALL', 'ENTITY_RELATIONSHIP_TO_FK', 1, 'ENTITY_RELATIONSHIP', 'TABLE_TO', 'ENTITY_FIELD_ID', 'TABLE_ID'),
('ALL', 'ENTITY_RELATIONSHIP_TO_FK', 2, 'ENTITY_RELATIONSHIP', 'FIELD_TO', 'ENTITY_FIELD_ID', 'FIELD_ID'),
('ALL', 'ENTITY_TABLE_COMPANY_FK', 1, 'ENTITY_TABLE', 'COMPANY_ID', 'COMPANY', 'COMPANY_ID'),
('ALL', 'ENTITY_TABLE_ID_FK', 1, 'ENTITY_TABLE', 'TABLE_ID', 'ENTITY_TABLE_ID', 'TABLE_ID'),
('ALL', 'GENDER_TYPE_ID_FK', 1, 'GENDER_TYPE', 'GENDER_TYPE_ID', 'GENDER_TYPE_ID', 'GENDER_TYPE_ID'),
('ALL', 'GENDER_TYPE_LANGUAGE_FK', 1, 'GENDER_TYPE', 'LANGUAGE_ID', 'LANGUAGE', 'LANGUAGE_ID'),
('ALL', 'HOST_CHANNEL_ID_FK', 1, 'HOST', 'CHANNEL_ID', 'CHANNEL', 'CHANNEL_ID'),
('ALL', 'HOST_COMPANY_FK', 1, 'HOST', 'COMPANY_ID', 'COMPANY', 'COMPANY_ID'),
('ALL', 'HOST_ID_FK', 1, 'HOST', 'HOST_ID', 'HOST_ID', 'HOST_ID'),
('ALL', 'HOST_OFFICE_ID_FK', 1, 'HOST', 'BRANCH_ID', 'OFFICE_ID', 'BRANCH_ID'),
('ALL', 'HOST_OFFICE_ID_FK', 2, 'HOST', 'OFFICE_ID', 'OFFICE_ID', 'OFFICE_ID'),
('ALL', 'IDENTIFICATION_TYPE_COMPANY_FK', 1, 'IDENTIFICATION_TYPE', 'COMPANY_ID', 'COMPANY', 'COMPANY_ID'),
('ALL', 'IDENTIFICATION_TYPE_ID_FK', 1, 'IDENTIFICATION_TYPE', 'IDENTIFICATION_TYPE_ID', 'IDENTIFICATION_TYPE_ID', 'IDENTIFICATION_TYPE_ID'),
('ALL', 'IDENTIFICATION_TYPE_LANGUAG_FK', 1, 'IDENTIFICATION_TYPE', 'LANGUAGE_ID', 'LANGUAGE', 'LANGUAGE_ID'),
('ALL', 'MESSAGE_COPY_COMPANY_FK', 1, 'MESSAGE_COPY', 'COMPANY_ID', 'COMPANY', 'COMPANY_ID'),
('ALL', 'MESSAGE_COPY_MESS_TYPE_ID_FK', 1, 'MESSAGE_COPY', 'MESSAGE_TYPE_ID', 'MESSAGE_TYPE_ID', 'MESSAGE_TYPE_ID'),
('ALL', 'MESSAGE_COPY_TYPE_ID_FK', 1, 'MESSAGE_COPY', 'MESSAGE_TYPE_COPY', 'MESSAGE_TYPE_ID', 'MESSAGE_TYPE_ID'),
('ALL', 'MESSAGE_FIELD_COMPANY_FK', 1, 'MESSAGE_FIELD', 'COMPANY_ID', 'COMPANY', 'COMPANY_ID'),
('ALL', 'MESSAGE_FIELD_MESS_TYPE_ID_FK', 1, 'MESSAGE_FIELD', 'MESSAGE_TYPE_ID', 'MESSAGE_TYPE_ID', 'MESSAGE_TYPE_ID'),
('ALL', 'MESSAGE_LOG_COMPANY_FK', 1, 'MESSAGE_LOG', 'COMPANY_ID', 'COMPANY', 'COMPANY_ID'),
('ALL', 'MESSAGE_LOG_HOST_ID_FK', 1, 'MESSAGE_LOG', 'HOST_ID', 'HOST_ID', 'HOST_ID'),
('ALL', 'MESSAGE_LOG_MESSAGE_TYPE_ID_FK', 1, 'MESSAGE_LOG', 'MESSAGE_TYPE_ID', 'MESSAGE_TYPE_ID', 'MESSAGE_TYPE_ID'),
('ALL', 'MESSAGE_LOG_PROCESS_ID_FK', 1, 'MESSAGE_LOG', 'SUBSYSTEM_ID', 'PROCESS_ID', 'SUBSYSTEM_ID'),
('ALL', 'MESSAGE_LOG_PROCESS_ID_FK', 2, 'MESSAGE_LOG', 'MODULE_ID', 'PROCESS_ID', 'MODULE_ID'),
('ALL', 'MESSAGE_LOG_PROCESS_ID_FK', 3, 'MESSAGE_LOG', 'PROCESS_ID', 'PROCESS_ID', 'PROCESS_ID'),
('ALL', 'MESSAGE_LOG_SERVICE_ID_FK', 1, 'MESSAGE_LOG', 'SERVICE_ID', 'SERVICE_ID', 'SERVICE_ID'),
('ALL', 'MESSAGE_LOG_USER_ACCOUNT_ID_FK', 1, 'MESSAGE_LOG', 'USER_ID', 'USER_ACCOUNT_ID', 'USER_ID'),
('ALL', 'MESSAGE_MAP_COMPANY_FK', 1, 'MESSAGE_MAP', 'COMPANY_ID', 'COMPANY', 'COMPANY_ID'),
('ALL', 'MESSAGE_MAP_COMPONENT_ID_FK', 1, 'MESSAGE_MAP', 'COMPONENT_ID', 'COMPONENT_ID', 'COMPONENT_ID'),
('ALL', 'MESSAGE_MAP_MESSAGE_TYPE_ID_FK', 1, 'MESSAGE_MAP', 'MESSAGE_TYPE_ID', 'MESSAGE_TYPE_ID', 'MESSAGE_TYPE_ID'),
('ALL', 'MESSAGE_MAP_TYPE_ID_FK', 1, 'MESSAGE_MAP', 'MESSAGE_TYPE_MAP', 'MESSAGE_TYPE_ID', 'MESSAGE_TYPE_ID'),
('ALL', 'MESSAGE_ROUTER_COMPANY_FK', 1, 'MESSAGE_ROUTER', 'COMPANY_ID', 'COMPANY', 'COMPANY_ID'),
('ALL', 'MESSAGE_ROUTER_MESS_TYPE_ID_FK', 1, 'MESSAGE_ROUTER', 'MESSAGE_TYPE_ID', 'MESSAGE_TYPE_ID', 'MESSAGE_TYPE_ID'),
('ALL', 'MESSAGE_ROUTER_PROCESS_ID_FK', 1, 'MESSAGE_ROUTER', 'SUBSYSTEM_ID', 'PROCESS_ID', 'SUBSYSTEM_ID'),
('ALL', 'MESSAGE_ROUTER_PROCESS_ID_FK', 2, 'MESSAGE_ROUTER', 'MODULE_ID', 'PROCESS_ID', 'MODULE_ID'),
('ALL', 'MESSAGE_ROUTER_PROCESS_ID_FK', 3, 'MESSAGE_ROUTER', 'PROCESS_ID', 'PROCESS_ID', 'PROCESS_ID'),
('ALL', 'MESSAGE_ROUTER_SERVICE_ID_FK', 1, 'MESSAGE_ROUTER', 'SERVICE_ROUTER', 'SERVICE_ID', 'SERVICE_ID'),
('ALL', 'MESSAGE_ROUTER_SERV_ID_FK', 1, 'MESSAGE_ROUTER', 'SERVICE_ID', 'SERVICE_ID', 'SERVICE_ID'),
('ALL', 'MESSAGE_ROUTER_TYPE_ID_FK', 1, 'MESSAGE_ROUTER', 'MESSAGE_TYPE_ROUTER', 'MESSAGE_TYPE_ID', 'MESSAGE_TYPE_ID'),
('ALL', 'MESSAGE_TYPE_COMPANY_FK', 1, 'MESSAGE_TYPE', 'COMPANY_ID', 'COMPANY', 'COMPANY_ID'),
('ALL', 'MESSAGE_TYPE_COMPONENT_ID_FK', 1, 'MESSAGE_TYPE', 'COMPONENT_ID', 'COMPONENT_ID', 'COMPONENT_ID'),
('ALL', 'MESSAGE_TYPE_ID_FK', 1, 'MESSAGE_TYPE', 'MESSAGE_TYPE_ID', 'MESSAGE_TYPE_ID', 'MESSAGE_TYPE_ID'),
('ALL', 'MODULE_COMPANY_FK', 1, 'MODULE', 'COMPANY_ID', 'COMPANY', 'COMPANY_ID'),
('ALL', 'MODULE_ID_FK', 1, 'MODULE', 'SUBSYSTEM_ID', 'MODULE_ID', 'SUBSYSTEM_ID'),
('ALL', 'MODULE_ID_FK', 2, 'MODULE', 'MODULE_ID', 'MODULE_ID', 'MODULE_ID'),
('ALL', 'MODULE_ID_SUBSYSTEM_ID_FK', 1, 'MODULE_ID', 'SUBSYSTEM_ID', 'SUBSYSTEM_ID', 'SUBSYSTEM_ID'),
('ALL', 'MODULE_LANGUAGE_FK', 1, 'MODULE', 'LANGUAGE_ID', 'LANGUAGE', 'LANGUAGE_ID'),
('ALL', 'OFFICE_COMPANY_FK', 1, 'OFFICE', 'COMPANY_ID', 'COMPANY', 'COMPANY_ID'),
('ALL', 'OFFICE_ID_BRANCH_ID_FK', 1, 'OFFICE_ID', 'BRANCH_ID', 'BRANCH_ID', 'BRANCH_ID'),
('ALL', 'OFFICE_OFFICE_ID_FK', 1, 'OFFICE', 'BRANCH_ID', 'OFFICE_ID', 'BRANCH_ID'),
('ALL', 'OFFICE_OFFICE_ID_FK', 2, 'OFFICE', 'OFFICE_ID', 'OFFICE_ID', 'OFFICE_ID'),
('ALL', 'PARAMETER_COMPANY_FK', 1, 'PARAMETER', 'COMPANY_ID', 'COMPANY', 'COMPANY_ID'),
('ALL', 'PARAMETER_DATA_TYPE_FK', 1, 'PARAMETER', 'DATA_TYPE_ID', 'DATA_TYPE', 'DATA_TYPE_ID'),
('ALL', 'PARAMETER_PARAMETER_ID_FK', 1, 'PARAMETER', 'PARAMETER_ID', 'PARAMETER_ID', 'PARAMETER_ID'),
('ALL', 'PERSON_ADDRESS_CITY_ID_FK', 1, 'PERSON_ADDRESS', 'COUNTRY_ID', 'CITY_ID', 'COUNTRY_ID'),
('ALL', 'PERSON_ADDRESS_CITY_ID_FK', 2, 'PERSON_ADDRESS', 'PROVINCE_ID', 'CITY_ID', 'PROVINCE_ID'),
('ALL', 'PERSON_ADDRESS_CITY_ID_FK', 3, 'PERSON_ADDRESS', 'CITY_ID', 'CITY_ID', 'CITY_ID'),
('ALL', 'PERSON_ADDRESS_COMPANY_FK', 1, 'PERSON_ADDRESS', 'COMPANY_ID', 'COMPANY', 'COMPANY_ID'),
('ALL', 'PERSON_CITY_ID_FK', 1, 'PERSON', 'COUNTRY_ID', 'CITY_ID', 'COUNTRY_ID'),
('ALL', 'PERSON_CITY_ID_FK', 2, 'PERSON', 'PROVINCE_ID', 'CITY_ID', 'PROVINCE_ID'),
('ALL', 'PERSON_CITY_ID_FK', 3, 'PERSON', 'CITY_ID', 'CITY_ID', 'CITY_ID'),
('ALL', 'PERSON_CIVIL_STATUS_ID_FK', 1, 'PERSON', 'CIVIL_STATUS_ID', 'CIVIL_STATUS_ID', 'CIVIL_STATUS_ID'),
('ALL', 'PERSON_COMPANY_FK', 1, 'PERSON', 'COMPANY_ID', 'COMPANY', 'COMPANY_ID'),
('ALL', 'PERSON_DOCUMENT_COMPANY_FK', 1, 'PERSON_DOCUMENT', 'COMPANY_ID', 'COMPANY', 'COMPANY_ID'),
('ALL', 'PERSON_GENDER_TYPE_ID_FK', 1, 'PERSON', 'GENDER_TYPE_ID', 'GENDER_TYPE_ID', 'GENDER_TYPE_ID'),
('ALL', 'PERSON_IDENTIF_TYPE_ID_FK', 1, 'PERSON', 'IDENTIFICATION_TYPE_ID', 'IDENTIFICATION_TYPE_ID', 'IDENTIFICATION_TYPE_ID'),
('ALL', 'PERSON_ID_FK', 1, 'PERSON', 'PERSON_ID', 'PERSON_ID', 'PERSON_ID'),
('ALL', 'PERSON_PHONE_COMPANY_FK', 1, 'PERSON_PHONE', 'COMPANY_ID', 'COMPANY', 'COMPANY_ID'),
('ALL', 'PERSON_PROFESSION_TYPE_ID_FK', 1, 'PERSON', 'PROFESSION_TYPE_ID', 'PROFESSION_TYPE_ID', 'PROFESSION_TYPE_ID'),
('ALL', 'PERSON_TYPE_COMPANY_FK', 1, 'PERSON_TYPE', 'COMPANY_ID', 'COMPANY', 'COMPANY_ID'),
('ALL', 'PERSON_TYPE_ID_FK', 1, 'PERSON_TYPE', 'PERSON_TYPE_ID', 'PERSON_TYPE_ID', 'PERSON_TYPE_ID'),
('ALL', 'PERSON_TYPE_LANGUAGE_FK', 1, 'PERSON_TYPE', 'LANGUAGE_ID', 'LANGUAGE', 'LANGUAGE_ID'),
('ALL', 'PHONE_TYPE_COMPANY_FK', 1, 'PHONE_TYPE', 'COMPANY_ID', 'COMPANY', 'COMPANY_ID'),
('ALL', 'PHONE_TYPE_ID_FK', 1, 'PHONE_TYPE', 'PHONE_TYPE_ID', 'PHONE_TYPE_ID', 'PHONE_TYPE_ID'),
('ALL', 'PHONE_TYPE_LANGUAGE_FK', 1, 'PHONE_TYPE', 'LANGUAGE_ID', 'LANGUAGE', 'LANGUAGE_ID'),
('ALL', 'PROCESS_COMPANY_FK', 1, 'PROCESS', 'COMPANY_ID', 'COMPANY', 'COMPANY_ID'),
('ALL', 'PROCESS_COMPONENT_CHANNE_ID_FK', 1, 'PROCESS_COMPONENT', 'CHANNEL_ID', 'CHANNEL', 'CHANNEL_ID'),
('ALL', 'PROCESS_COMPONENT_COMPANY_FK', 1, 'PROCESS_COMPONENT', 'COMPANY_ID', 'COMPANY', 'COMPANY_ID'),
('ALL', 'PROCESS_COMP_COMPONENT_ID_FK', 1, 'PROCESS_COMPONENT', 'COMPONENT_ID', 'COMPONENT_ID', 'COMPONENT_ID'),
('ALL', 'PROCESS_COMP_PROCESS_ID_FK', 1, 'PROCESS_COMPONENT', 'SUBSYSTEM_ID', 'PROCESS_ID', 'SUBSYSTEM_ID'),
('ALL', 'PROCESS_COMP_PROCESS_ID_FK', 2, 'PROCESS_COMPONENT', 'MODULE_ID', 'PROCESS_ID', 'MODULE_ID'),
('ALL', 'PROCESS_COMP_PROCESS_ID_FK', 3, 'PROCESS_COMPONENT', 'PROCESS_ID', 'PROCESS_ID', 'PROCESS_ID'),
('ALL', 'PROCESS_COMP_WORKF_DECIS_ID_FK', 1, 'PROCESS_COMPONENT', 'DECISION_ID', 'WORKFLOW_DECISION_ID', 'DECISION_ID'),
('ALL', 'PROCESS_DATAFILE_ID_FK', 1, 'PROCESS', 'DATAFILE_ID', 'DATAFILE_ID', 'DATAFILE_ID'),
('ALL', 'PROCESS_ID_FK', 1, 'PROCESS', 'SUBSYSTEM_ID', 'PROCESS_ID', 'SUBSYSTEM_ID'),
('ALL', 'PROCESS_ID_FK', 2, 'PROCESS', 'MODULE_ID', 'PROCESS_ID', 'MODULE_ID'),
('ALL', 'PROCESS_ID_FK', 3, 'PROCESS', 'PROCESS_ID', 'PROCESS_ID', 'PROCESS_ID'),
('ALL', 'PROCESS_ID_MODULE_ID_FK', 1, 'PROCESS_ID', 'SUBSYSTEM_ID', 'MODULE_ID', 'SUBSYSTEM_ID'),
('ALL', 'PROCESS_ID_MODULE_ID_FK', 2, 'PROCESS_ID', 'MODULE_ID', 'MODULE_ID', 'MODULE_ID'),
('ALL', 'PROCESS_LANGUAGE_FK', 1, 'PROCESS', 'LANGUAGE_ID', 'LANGUAGE', 'LANGUAGE_ID'),
('ALL', 'PROCESS_WORKFLOW_PROCESS_ID_FK', 1, 'PROCESS', 'WORKFLOW_ID', 'WORKFLOW_PROCESS_ID', 'WORKFLOW_ID'),
('ALL', 'PROFESSION_TYPE_COMPANY_FK', 1, 'PROFESSION_TYPE', 'COMPANY_ID', 'COMPANY', 'COMPANY_ID'),
('ALL', 'PROFESSION_TYPE_ID_FK', 1, 'PROFESSION_TYPE', 'PROFESSION_TYPE_ID', 'PROFESSION_TYPE_ID', 'PROFESSION_TYPE_ID'),
('ALL', 'PROFESSION_TYPE_LANGUAGE_FK', 1, 'PROFESSION_TYPE', 'LANGUAGE_ID', 'LANGUAGE', 'LANGUAGE_ID'),
('ALL', 'PROFILE_COMPANY_FK', 1, 'PROFILE', 'COMPANY_ID', 'COMPANY', 'COMPANY_ID'),
('ALL', 'PROFILE_ID_FK', 1, 'PROFILE', 'PROFILE_ID', 'PROFILE_ID', 'PROFILE_ID'),
('ALL', 'PROFILE_LANGUAGE_FK', 1, 'PROFILE', 'LANGUAGE_ID', 'LANGUAGE', 'LANGUAGE_ID'),
('ALL', 'PROVINCE_COMPANY_FK', 1, 'PROVINCE', 'COMPANY_ID', 'COMPANY', 'COMPANY_ID'),
('ALL', 'PROVINCE_ID_COUNTRY_ID_FK', 1, 'PROVINCE_ID', 'COUNTRY_ID', 'COUNTRY_ID', 'COUNTRY_ID'),
('ALL', 'PROVINCE_LANGUAGE_FK', 1, 'PROVINCE', 'LANGUAGE_ID', 'LANGUAGE', 'LANGUAGE_ID'),
('ALL', 'PROVINCE_PROVINCE_ID_FK', 1, 'PROVINCE', 'COUNTRY_ID', 'PROVINCE_ID', 'COUNTRY_ID'),
('ALL', 'PROVINCE_PROVINCE_ID_FK', 2, 'PROVINCE', 'PROVINCE_ID', 'PROVINCE_ID', 'PROVINCE_ID'),
('ALL', 'RESPONSE_COMPANY_FK', 1, 'RESPONSE', 'COMPANY_ID', 'COMPANY', 'COMPANY_ID'),
('ALL', 'RESPONSE_LANGUAGE_FK', 1, 'RESPONSE', 'LANGUAGE_ID', 'LANGUAGE', 'LANGUAGE_ID'),
('ALL', 'RESPONSE_RESPONSE_ID_FK', 1, 'RESPONSE', 'RESPONSE_ID', 'RESPONSE_ID', 'RESPONSE_ID'),
('ALL', 'ROLE_COMPANY_FK', 1, 'ROLE', 'COMPANY_ID', 'COMPANY', 'COMPANY_ID'),
('ALL', 'ROLE_PROCESS_ID_FK', 1, 'ROLE', 'SUBSYSTEM_ID', 'PROCESS_ID', 'SUBSYSTEM_ID'),
('ALL', 'ROLE_PROCESS_ID_FK', 2, 'ROLE', 'MODULE_ID', 'PROCESS_ID', 'MODULE_ID'),
('ALL', 'ROLE_PROCESS_ID_FK', 3, 'ROLE', 'PROCESS_ID', 'PROCESS_ID', 'PROCESS_ID'),
('ALL', 'SEQUENTIAL_COMPANY_FK', 1, 'SEQUENTIAL', 'COMPANY_ID', 'COMPANY', 'COMPANY_ID'),
('ALL', 'SERVICE_CHANNEL_ID_FK', 1, 'SERVICE', 'CHANNEL_ID', 'CHANNEL', 'CHANNEL_ID'),
('ALL', 'SERVICE_COMPANY_FK', 1, 'SERVICE', 'COMPANY_ID', 'COMPANY', 'COMPANY_ID'),
('ALL', 'SERVICE_CONTROLLER_ID_FK', 1, 'SERVICE', 'CONTROLLER_ID', 'CONTROLLER', 'CONTROLLER_ID'),
('ALL', 'SERVICE_ID_FK', 1, 'SERVICE', 'SERVICE_ID', 'SERVICE_ID', 'SERVICE_ID'),
('ALL', 'SERVICE_PARAMETER_COMPANY_FK', 1, 'SERVICE_PARAMETER', 'COMPANY_ID', 'COMPANY', 'COMPANY_ID'),
('ALL', 'SERVICE_PARAM_PARAMETER_ID_FK', 1, 'SERVICE_PARAMETER', 'PARAMETER_ID', 'PARAMETER_ID', 'PARAMETER_ID'),
('ALL', 'SERVICE_PARAM_SERVICE_ID_FK', 1, 'SERVICE_PARAMETER', 'SERVICE_ID', 'SERVICE_ID', 'SERVICE_ID'),
('ALL', 'SERVICE_SERVICE_ID_FK', 1, 'SERVICE', 'SERVER_ID', 'SERVER', 'SERVER_ID'),
('ALL', 'SUBSYSTEM_COMPANY_FK', 1, 'SUBSYSTEM', 'COMPANY_ID', 'COMPANY', 'COMPANY_ID'),
('ALL', 'SUBSYSTEM_ID_FK', 1, 'SUBSYSTEM', 'SUBSYSTEM_ID', 'SUBSYSTEM_ID', 'SUBSYSTEM_ID'),
('ALL', 'SUBSYSTEM_LANGUAGE_FK', 1, 'SUBSYSTEM', 'LANGUAGE_ID', 'LANGUAGE', 'LANGUAGE_ID'),
('ALL', 'USER_ACCESS_COMPANY_FK', 1, 'USER_ACCESS', 'COMPANY_ID', 'COMPANY', 'COMPANY_ID'),
('ALL', 'USER_ACCESS_USER_ACCOUNT_ID_FK', 1, 'USER_ACCESS', 'USER_ID', 'USER_ACCOUNT_ID', 'USER_ID'),
('ALL', 'USER_ACCOUNT_COMPANY_FK', 1, 'USER_ACCOUNT', 'COMPANY_ID', 'COMPANY', 'COMPANY_ID'),
('ALL', 'USER_ACCOUNT_ID_FK', 1, 'USER_ACCOUNT', 'USER_ID', 'USER_ACCOUNT_ID', 'USER_ID'),
('ALL', 'USER_ACCOUNT_PERSON_ID_FK', 1, 'USER_ACCOUNT', 'PERSON_ID', 'PERSON_ID', 'PERSON_ID'),
('ALL', 'USER_ACCOUNT_USER_STATUS_ID_FK', 1, 'USER_ACCOUNT', 'USER_STATUS_ID', 'USER_STATUS_ID', 'USER_STATUS_ID'),
('ALL', 'USER_ACCOUNT_USER_TYPE_ID_FK', 1, 'USER_ACCOUNT', 'USER_TYPE_ID', 'USER_TYPE_ID', 'USER_TYPE_ID'),
('ALL', 'USER_AUTHORIZATION_COMPANY_FK', 1, 'USER_AUTHORIZATION', 'COMPANY_ID', 'COMPANY', 'COMPANY_ID'),
('ALL', 'USER_AUTH_PROCESS_ID_FK', 1, 'USER_AUTHORIZATION', 'SUBSYSTEM_ID', 'PROCESS_ID', 'SUBSYSTEM_ID'),
('ALL', 'USER_AUTH_PROCESS_ID_FK', 2, 'USER_AUTHORIZATION', 'MODULE_ID', 'PROCESS_ID', 'MODULE_ID'),
('ALL', 'USER_AUTH_PROCESS_ID_FK', 3, 'USER_AUTHORIZATION', 'PROCESS_ID', 'PROCESS_ID', 'PROCESS_ID'),
('ALL', 'USER_AUTH_USER_ACCOUNT_ID_FK', 1, 'USER_AUTHORIZATION', 'USER_ID', 'USER_ACCOUNT_ID', 'USER_ID'),
('ALL', 'USER_AUTH_USER_AUTH_ID_FK', 1, 'USER_AUTHORIZATION', 'AUTHORIZER_ID', 'USER_ACCOUNT_ID', 'USER_ID'),
('ALL', 'USER_NOTIFICATION_COMPANY_FK', 1, 'USER_NOTIFICATION', 'COMPANY_ID', 'COMPANY', 'COMPANY_ID'),
('ALL', 'USER_NOTIFICATION_TYPE_ID_FK', 1, 'USER_NOTIFICATION_TYPE', 'USER_NOTIFICATION_TYPE_ID', 'USER_NOTIFICATION_TYPE_ID', 'USER_NOTIFICATION_TYPE_ID'),
('ALL', 'USER_NOTIFICATION_TYPE_LANG_FK', 1, 'USER_NOTIFICATION_TYPE', 'LANGUAGE_ID', 'LANGUAGE', 'LANGUAGE_ID'),
('ALL', 'USER_NOTIF_USER_ACCOUNT_ID_FK', 1, 'USER_NOTIFICATION', 'USER_ID', 'USER_ACCOUNT_ID', 'USER_ID'),
('ALL', 'USER_NOTIF_USER_NOT_TYPE_ID_FK', 1, 'USER_NOTIFICATION', 'USER_NOTIFICATION_TYPE_ID', 'USER_NOTIFICATION_TYPE_ID', 'USER_NOTIFICATION_TYPE_ID'),
('ALL', 'USER_PROFILE_COMPANY_FK', 1, 'USER_PROFILE', 'COMPANY_ID', 'COMPANY', 'COMPANY_ID'),
('ALL', 'USER_PROFILE_PROFILE_ID_FK', 1, 'USER_PROFILE', 'PROFILE_ID', 'PROFILE_ID', 'PROFILE_ID'),
('ALL', 'USER_PROF_USER_ACCOUNT_ID_FK', 1, 'USER_PROFILE', 'USER_ID', 'USER_ACCOUNT_ID', 'USER_ID'),
('ALL', 'USER_SESSION_COMPANY_FK', 1, 'USER_SESSION', 'COMPANY_ID', 'COMPANY', 'COMPANY_ID'),
('ALL', 'USER_SESSION_HOST_ID_FK', 1, 'USER_SESSION', 'HOST_ID', 'HOST_ID', 'HOST_ID'),
('ALL', 'USER_SESS_USER_ACCOUNT_ID_FK', 1, 'USER_SESSION', 'USER_ID', 'USER_ACCOUNT_ID', 'USER_ID'),
('ALL', 'USER_STATUS_COMPANY_FK', 1, 'USER_STATUS', 'COMPANY_ID', 'COMPANY', 'COMPANY_ID'),
('ALL', 'USER_STATUS_ID_FK', 1, 'USER_STATUS', 'USER_STATUS_ID', 'USER_STATUS_ID', 'USER_STATUS_ID'),
('ALL', 'USER_STATUS_LANGUAGE_FK', 1, 'USER_STATUS', 'LANGUAGE_ID', 'LANGUAGE', 'LANGUAGE_ID'),
('ALL', 'USER_TYPE_COMPANY_FK', 1, 'USER_TYPE', 'COMPANY_ID', 'COMPANY', 'COMPANY_ID'),
('ALL', 'USER_TYPE_ID_FK', 1, 'USER_TYPE', 'USER_TYPE_ID', 'USER_TYPE_ID', 'USER_TYPE_ID'),
('ALL', 'USER_TYPE_LANGUAGE_FK', 1, 'USER_TYPE', 'LANGUAGE_ID', 'LANGUAGE', 'LANGUAGE_ID'),
('ALL', 'WORKFLOW_DECISION_COMPANY_FK', 1, 'WORKFLOW_DECISION', 'COMPANY_ID', 'COMPANY', 'COMPANY_ID'),
('ALL', 'WORKFLOW_DECISION_ID_FK', 1, 'WORKFLOW_DECISION', 'DECISION_ID', 'WORKFLOW_DECISION_ID', 'DECISION_ID'),
('ALL', 'WORKFLOW_DECIS_CHANNEL_ID_FK', 1, 'WORKFLOW_DECISION', 'CHANNEL_ID', 'CHANNEL', 'CHANNEL_ID'),
('ALL', 'WORKFLOW_DECIS_PROCESS_ID_FK', 1, 'WORKFLOW_DECISION', 'SUBSYSTEM_ID', 'PROCESS_ID', 'SUBSYSTEM_ID'),
('ALL', 'WORKFLOW_DECIS_PROCESS_ID_FK', 2, 'WORKFLOW_DECISION', 'MODULE_ID', 'PROCESS_ID', 'MODULE_ID'),
('ALL', 'WORKFLOW_DECIS_PROCESS_ID_FK', 3, 'WORKFLOW_DECISION', 'PROCESS_ID', 'PROCESS_ID', 'PROCESS_ID'),
('ALL', 'WORKFLOW_DECIS_STEP_ID_FK', 1, 'WORKFLOW_DECISION', 'WORKFLOW_STEP_ID', 'WORKFLOW_STEP_ID', 'WORKFLOW_STEP_ID'),
('ALL', 'WORKFLOW_MONITOR_AUTH_ID_FK', 1, 'WORKFLOW_MONITOR', 'AUTHORIZER_ID', 'USER_ACCOUNT_ID', 'USER_ID'),
('ALL', 'WORKFLOW_MONITOR_COMPANY_FK', 1, 'WORKFLOW_MONITOR', 'COMPANY_ID', 'COMPANY', 'COMPANY_ID'),
('ALL', 'WORKFLOW_MONITOR_PROCESS_ID_FK', 1, 'WORKFLOW_MONITOR', 'SUBSYSTEM_ID', 'PROCESS_ID', 'SUBSYSTEM_ID'),
('ALL', 'WORKFLOW_MONITOR_PROCESS_ID_FK', 2, 'WORKFLOW_MONITOR', 'MODULE_ID', 'PROCESS_ID', 'MODULE_ID'),
('ALL', 'WORKFLOW_MONITOR_PROCESS_ID_FK', 3, 'WORKFLOW_MONITOR', 'PROCESS_ID', 'PROCESS_ID', 'PROCESS_ID'),
('ALL', 'WORKFLOW_MONITOR_STATUS_ID_FK', 1, 'WORKFLOW_MONITOR', 'WORKFLOW_STATUS_ID', 'WORKFLOW_STATUS_ID', 'WORKFLOW_STATUS_ID'),
('ALL', 'WORKFLOW_MONITOR_USER_ID_FK', 1, 'WORKFLOW_MONITOR', 'USER_ID', 'USER_ACCOUNT_ID', 'USER_ID'),
('ALL', 'WORKFLOW_MONITOR_WF_PROC_ID_FK', 1, 'WORKFLOW_MONITOR', 'WORKFLOW_ID', 'WORKFLOW_PROCESS_ID', 'WORKFLOW_ID'),
('ALL', 'WORKFLOW_PROCESS_COMPANY_FK', 1, 'WORKFLOW_PROCESS', 'COMPANY_ID', 'COMPANY', 'COMPANY_ID'),
('ALL', 'WORKFLOW_PROCESS_ID_FK', 1, 'WORKFLOW_PROCESS', 'WORKFLOW_ID', 'WORKFLOW_PROCESS_ID', 'WORKFLOW_ID'),
('ALL', 'WORKFLOW_PROCESS_PROCESS_ID_FK', 1, 'WORKFLOW_PROCESS', 'SUBSYSTEM_ID', 'PROCESS_ID', 'SUBSYSTEM_ID'),
('ALL', 'WORKFLOW_PROCESS_PROCESS_ID_FK', 2, 'WORKFLOW_PROCESS', 'MODULE_ID', 'PROCESS_ID', 'MODULE_ID'),
('ALL', 'WORKFLOW_PROCESS_PROCESS_ID_FK', 3, 'WORKFLOW_PROCESS', 'PROCESS_ID', 'PROCESS_ID', 'PROCESS_ID'),
('ALL', 'WORKFLOW_STATUS_ID_FK', 1, 'WORKFLOW_STATUS', 'WORKFLOW_STATUS_ID', 'WORKFLOW_STATUS_ID', 'WORKFLOW_STATUS_ID'),
('ALL', 'WORKFLOW_STATUS_LANGUAGE_FK', 1, 'WORKFLOW_STATUS', 'LANGUAGE_ID', 'LANGUAGE', 'LANGUAGE_ID'),
('ALL', 'WORKFLOW_STEP_ID_FK', 1, 'WORKFLOW_STEP', 'WORKFLOW_STEP_ID', 'WORKFLOW_STEP_ID', 'WORKFLOW_STEP_ID'),
('ALL', 'WORKFLOW_STEP_LANGUAGE_FK', 1, 'WORKFLOW_STEP', 'LANGUAGE_ID', 'LANGUAGE', 'LANGUAGE_ID');

-- --------------------------------------------------------

--
-- Estructura de tabla para la tabla `ENTITY_TABLE`
--

CREATE TABLE IF NOT EXISTS `ENTITY_TABLE` (
  `COMPANY_ID` varchar(4) NOT NULL,
  `TABLE_ID` varchar(30) NOT NULL,
  `PACKAGE_NAME` varchar(30) NOT NULL,
  `HAS_TABLE_ID` varchar(1) NOT NULL DEFAULT '0',
  `MULTI_COMPANY` varchar(1) NOT NULL DEFAULT '0',
  `MULTI_LANGUAGE` varchar(1) NOT NULL DEFAULT '0',
  `HISTORICAL_DATA` varchar(1) NOT NULL DEFAULT '0',
  `OPTIMISTIC_LOCKING` varchar(1) NOT NULL DEFAULT '0',
  `ENUMERATED_TYPES` varchar(1) NOT NULL DEFAULT '0',
  `CACHE_MEMORY` varchar(1) NOT NULL DEFAULT '0',
  `DESCRIPTION` varchar(100) DEFAULT NULL,
  PRIMARY KEY (`COMPANY_ID`,`TABLE_ID`),
  KEY `ENTITY_TABLE_ID_FK` (`TABLE_ID`)
) ENGINE=InnoDB DEFAULT CHARSET=latin1;

--
-- Volcar la base de datos para la tabla `ENTITY_TABLE`
--

INSERT INTO `ENTITY_TABLE` (`COMPANY_ID`, `TABLE_ID`, `PACKAGE_NAME`, `HAS_TABLE_ID`, `MULTI_COMPANY`, `MULTI_LANGUAGE`, `HISTORICAL_DATA`, `OPTIMISTIC_LOCKING`, `ENUMERATED_TYPES`, `CACHE_MEMORY`, `DESCRIPTION`) VALUES
('ALL', 'ADDRESS_TYPE', 'person', '1', '1', '1', '0', '0', '0', '0', 'Values of address types'),
('ALL', 'BRANCH', 'parameter', '1', '1', '0', '0', '0', '0', '0', 'Values of branches'),
('ALL', 'CHANNEL', 'transport', '0', '0', '0', '0', '0', '1', '0', 'Values of channels'),
('ALL', 'CITY', 'parameter', '1', '1', '1', '0', '0', '0', '0', 'Values of cities'),
('ALL', 'CIVIL_STATUS', 'person', '1', '1', '1', '0', '0', '0', '0', 'Values of civil statuses'),
('ALL', 'COMPANY', 'common', '0', '0', '0', '0', '0', '0', '0', 'Values of companies'),
('ALL', 'COMPONENT', 'security', '1', '1', '0', '0', '0', '0', '1', 'Values of components'),
('ALL', 'CONTROLLER', 'transport', '0', '0', '0', '0', '0', '0', '0', 'Values of controllers'),
('ALL', 'COUNTRY', 'parameter', '1', '1', '1', '0', '0', '0', '0', 'Values of countries'),
('ALL', 'DATABASE_TYPE', 'common', '0', '0', '0', '0', '0', '0', '0', 'Values of database types'),
('ALL', 'DATAFILE', 'parameter', '1', '1', '0', '1', '1', '0', '0', 'Values of datafiles'),
('ALL', 'DATAFILE_TYPE', 'parameter', '0', '0', '0', '0', '0', '1', '0', 'Values of datafile types'),
('ALL', 'DATA_TYPE', 'common', '0', '0', '0', '0', '0', '1', '0', 'Values of data types'),
('ALL', 'DEPARTMENT', 'parameter', '1', '1', '1', '0', '0', '0', '0', 'Values of departments'),
('ALL', 'DISTRICT', 'parameter', '1', '1', '1', '0', '0', '0', '0', 'Values of districts'),
('ALL', 'DOCUMENT_TYPE', 'person', '1', '1', '1', '0', '0', '0', '0', 'Values of document types'),
('ALL', 'ENTITY_FIELD', 'common', '1', '1', '0', '0', '0', '0', '0', 'Values of entity fields'),
('ALL', 'ENTITY_RELATIONSHIP', 'common', '0', '1', '0', '0', '0', '0', '0', 'Values of entity relationships'),
('ALL', 'ENTITY_TABLE', 'common', '1', '1', '0', '0', '0', '0', '0', 'Values of entity tables'),
('ALL', 'GENDER_TYPE', 'person', '1', '0', '1', '0', '0', '1', '0', 'Values of gender types'),
('ALL', 'HOST', 'security', '1', '1', '0', '1', '0', '0', '0', 'Values of hosts'),
('ALL', 'IDENTIFICATION_TYPE', 'person', '1', '1', '1', '0', '0', '0', '0', 'Values of identification types'),
('ALL', 'LANGUAGE', 'common', '0', '0', '0', '0', '0', '1', '0', 'Values of languages'),
('ALL', 'MESSAGE_COPY', 'transport', '0', '1', '0', '0', '0', '0', '1', 'Values of message copies'),
('ALL', 'MESSAGE_FIELD', 'transport', '0', '1', '0', '0', '0', '0', '1', 'Values of message fields'),
('ALL', 'MESSAGE_LOG', 'transport', '0', '1', '0', '1', '1', '0', '0', 'Values of message logs'),
('ALL', 'MESSAGE_MAP', 'transport', '0', '1', '0', '0', '0', '0', '1', 'Values of message maps'),
('ALL', 'MESSAGE_ROUTER', 'transport', '0', '1', '0', '1', '0', '0', '1', 'Values of message routers'),
('ALL', 'MESSAGE_TYPE', 'transport', '1', '1', '0', '0', '0', '0', '0', 'Values of message types'),
('ALL', 'MODULE', 'security', '1', '1', '1', '0', '0', '0', '0', 'Values of modules'),
('ALL', 'OFFICE', 'parameter', '1', '1', '0', '0', '0', '0', '0', 'Values of offices'),
('ALL', 'PARAMETER', 'parameter', '1', '1', '0', '1', '0', '1', '1', 'Values of parameters'),
('ALL', 'PERSON', 'person', '1', '1', '0', '1', '1', '0', '0', 'Values of person'),
('ALL', 'PERSON_ADDRESS', 'person', '0', '1', '0', '1', '1', '0', '0', 'Values of person address'),
('ALL', 'PERSON_DOCUMENT', 'person', '0', '1', '0', '1', '1', '0', '0', 'Values of person documents'),
('ALL', 'PERSON_PHONE', 'person', '0', '1', '0', '1', '1', '0', '0', 'Values of person phones'),
('ALL', 'PERSON_TYPE', 'person', '1', '1', '1', '0', '0', '0', '0', 'Values of person types'),
('ALL', 'PHONE_TYPE', 'person', '1', '1', '1', '0', '0', '0', '0', 'Values of phone types'),
('ALL', 'PROCESS', 'security', '1', '1', '1', '1', '0', '0', '1', 'Values of processes'),
('ALL', 'PROCESS_COMPONENT', 'security', '0', '1', '0', '0', '0', '0', '1', 'Values of process components'),
('ALL', 'PROFESSION_TYPE', 'person', '1', '1', '1', '0', '0', '0', '0', 'Values of profession types'),
('ALL', 'PROFILE', 'security', '1', '1', '1', '0', '0', '0', '0', 'Values of profiles'),
('ALL', 'PROVINCE', 'parameter', '1', '1', '1', '0', '0', '0', '0', 'Values of provinces'),
('ALL', 'RESPONSE', 'parameter', '1', '1', '1', '0', '0', '1', '1', 'Values of responses'),
('ALL', 'ROLE', 'security', '0', '1', '0', '1', '0', '0', '0', 'Values of roles'),
('ALL', 'SEQUENTIAL', 'common', '1', '1', '0', '0', '1', '1', '0', 'Values of sequences'),
('ALL', 'SERVER', 'transport', '0', '0', '0', '0', '0', '0', '0', 'Values of servers'),
('ALL', 'SERVICE', 'transport', '1', '1', '0', '1', '1', '0', '0', 'Values of services'),
('ALL', 'SERVICE_PARAMETER', 'transport', '0', '1', '0', '1', '0', '0', '0', 'Values of services parameters'),
('ALL', 'SUBSYSTEM', 'security', '1', '1', '1', '0', '0', '1', '0', 'Values of subsystems'),
('ALL', 'USER_ACCESS', 'security', '0', '1', '0', '1', '0', '0', '0', 'Values of user access'),
('ALL', 'USER_ACCOUNT', 'security', '1', '1', '0', '1', '1', '0', '0', 'Values of user accounts'),
('ALL', 'USER_AUTHORIZATION', 'security', '0', '1', '0', '1', '0', '0', '0', 'Values of user authorizations'),
('ALL', 'USER_NOTIFICATION', 'security', '0', '1', '0', '1', '0', '0', '0', 'Values of user notification'),
('ALL', 'USER_NOTIFICATION_TYPE', 'security', '1', '0', '1', '0', '0', '1', '0', 'Values of user notification types'),
('ALL', 'USER_PROFILE', 'security', '0', '1', '0', '1', '0', '0', '0', 'Values of user profiles'),
('ALL', 'USER_SESSION', 'security', '0', '1', '0', '1', '1', '0', '0', 'Values of user sessions'),
('ALL', 'USER_STATUS', 'security', '1', '1', '1', '0', '0', '1', '0', 'Values of user status'),
('ALL', 'USER_TYPE', 'security', '1', '1', '1', '0', '0', '1', '0', 'Values of user types'),
('ALL', 'WORKFLOW_DECISION', 'security', '1', '1', '0', '0', '0', '0', '1', 'Values of workflow decisions'),
('ALL', 'WORKFLOW_MONITOR', 'security', '0', '1', '0', '1', '1', '0', '0', 'Values of workflow monitor'),
('ALL', 'WORKFLOW_PROCESS', 'security', '1', '1', '0', '0', '0', '0', '1', 'Values of workflow processes'),
('ALL', 'WORKFLOW_STATUS', 'security', '1', '0', '1', '0', '0', '1', '0', 'Values of workflow status'),
('ALL', 'WORKFLOW_STEP', 'security', '1', '0', '1', '0', '0', '1', '0', 'Values of workflow steps');

-- --------------------------------------------------------

--
-- Estructura de tabla para la tabla `ENTITY_TABLE_ID`
--

CREATE TABLE IF NOT EXISTS `ENTITY_TABLE_ID` (
  `TABLE_ID` varchar(30) NOT NULL,
  PRIMARY KEY (`TABLE_ID`)
) ENGINE=InnoDB DEFAULT CHARSET=latin1;

--
-- Volcar la base de datos para la tabla `ENTITY_TABLE_ID`
--

INSERT INTO `ENTITY_TABLE_ID` (`TABLE_ID`) VALUES
('ADDRESS_TYPE'),
('ADDRESS_TYPE_ID'),
('BRANCH'),
('BRANCH_ID'),
('CHANNEL'),
('CITY'),
('CITY_ID'),
('CIVIL_STATUS'),
('CIVIL_STATUS_ID'),
('COMPANY'),
('COMPONENT'),
('COMPONENT_ID'),
('CONTROLLER'),
('COUNTRY'),
('COUNTRY_ID'),
('DATABASE_TYPE'),
('DATAFILE'),
('DATAFILE_ID'),
('DATAFILE_TYPE'),
('DATA_TYPE'),
('DEPARTMENT'),
('DEPARTMENT_ID'),
('DISTRICT'),
('DISTRICT_ID'),
('DOCUMENT_TYPE'),
('DOCUMENT_TYPE_ID'),
('ENTITY_FIELD'),
('ENTITY_FIELD_ID'),
('ENTITY_RELATIONSHIP'),
('ENTITY_TABLE'),
('ENTITY_TABLE_ID'),
('GENDER_TYPE'),
('GENDER_TYPE_ID'),
('HOST'),
('HOST_ID'),
('IDENTIFICATION_TYPE'),
('IDENTIFICATION_TYPE_ID'),
('LANGUAGE'),
('MESSAGE_COPY'),
('MESSAGE_FIELD'),
('MESSAGE_LOG'),
('MESSAGE_MAP'),
('MESSAGE_ROUTER'),
('MESSAGE_TYPE'),
('MESSAGE_TYPE_ID'),
('MODULE'),
('MODULE_ID'),
('OFFICE'),
('OFFICE_ID'),
('PARAMETER'),
('PARAMETER_ID'),
('PERSON'),
('PERSON_ADDRESS'),
('PERSON_DOCUMENT'),
('PERSON_ID'),
('PERSON_PHONE'),
('PERSON_TYPE'),
('PERSON_TYPE_ID'),
('PHONE_TYPE'),
('PHONE_TYPE_ID'),
('PROCESS'),
('PROCESS_COMPONENT'),
('PROCESS_ID'),
('PROFESSION_TYPE'),
('PROFESSION_TYPE_ID'),
('PROFILE'),
('PROFILE_ID'),
('PROVINCE'),
('PROVINCE_ID'),
('RESPONSE'),
('RESPONSE_ID'),
('ROLE'),
('SEQUENTIAL'),
('SEQUENTIAL_ID'),
('SERVER'),
('SERVICE'),
('SERVICE_ID'),
('SERVICE_PARAMETER'),
('SUBSYSTEM'),
('SUBSYSTEM_ID'),
('USER_ACCESS'),
('USER_ACCOUNT'),
('USER_ACCOUNT_ID'),
('USER_AUTHORIZATION'),
('USER_NOTIFICATION'),
('USER_NOTIFICATION_TYPE'),
('USER_NOTIFICATION_TYPE_ID'),
('USER_PROFILE'),
('USER_SESSION'),
('USER_STATUS'),
('USER_STATUS_ID'),
('USER_TYPE'),
('USER_TYPE_ID'),
('WORKFLOW_DECISION'),
('WORKFLOW_DECISION_ID'),
('WORKFLOW_MONITOR'),
('WORKFLOW_PROCESS'),
('WORKFLOW_PROCESS_ID'),
('WORKFLOW_STATUS'),
('WORKFLOW_STATUS_ID'),
('WORKFLOW_STEP'),
('WORKFLOW_STEP_ID');

-- --------------------------------------------------------

--
-- Estructura de tabla para la tabla `LANGUAGE`
--

CREATE TABLE IF NOT EXISTS `LANGUAGE` (
  `LANGUAGE_ID` varchar(4) NOT NULL,
  `NAME` varchar(40) NOT NULL,
  PRIMARY KEY (`LANGUAGE_ID`)
) ENGINE=InnoDB DEFAULT CHARSET=latin1;

--
-- Volcar la base de datos para la tabla `LANGUAGE`
--

INSERT INTO `LANGUAGE` (`LANGUAGE_ID`, `NAME`) VALUES
('EN', 'ENGLISH'),
('ES', 'ESPAÑOL');

-- --------------------------------------------------------

--
-- Estructura de tabla para la tabla `SEQUENTIAL`
--

CREATE TABLE IF NOT EXISTS `SEQUENTIAL` (
  `COMPANY_ID` varchar(4) NOT NULL,
  `SEQUENTIAL_ID` varchar(40) NOT NULL,
  `SEQUENTIAL_VALUE` int(10) NOT NULL DEFAULT '0',
  PRIMARY KEY (`COMPANY_ID`,`SEQUENTIAL_ID`)
) ENGINE=InnoDB DEFAULT CHARSET=latin1;

--
-- Volcar la base de datos para la tabla `SEQUENTIAL`
--


-- --------------------------------------------------------

--
-- Estructura de tabla para la tabla `SEQUENTIAL_ID`
--

CREATE TABLE IF NOT EXISTS `SEQUENTIAL_ID` (
  `SEQUENTIAL_ID` varchar(40) NOT NULL,
  PRIMARY KEY (`SEQUENTIAL_ID`)
) ENGINE=InnoDB DEFAULT CHARSET=latin1;

--
-- Volcar la base de datos para la tabla `SEQUENTIAL_ID`
--


--
-- Filtros para las tablas descargadas (dump)
--

--
-- Filtros para la tabla `DATABASE_TYPE`
--
ALTER TABLE `DATABASE_TYPE`
  ADD CONSTRAINT `DATABASE_TYPE_DATA_TYPE_FK` FOREIGN KEY (`DATA_TYPE_ID`) REFERENCES `DATA_TYPE` (`DATA_TYPE_ID`);

--
-- Filtros para la tabla `ENTITY_FIELD`
--
ALTER TABLE `ENTITY_FIELD`
  ADD CONSTRAINT `ENTITY_FIELD_COMPANY_FK` FOREIGN KEY (`COMPANY_ID`) REFERENCES `COMPANY` (`COMPANY_ID`),
  ADD CONSTRAINT `ENTITY_FIELD_DATA_TYPE_FK` FOREIGN KEY (`DATA_TYPE_ID`) REFERENCES `DATA_TYPE` (`DATA_TYPE_ID`),
  ADD CONSTRAINT `ENTITY_FIELD_ID_FK` FOREIGN KEY (`TABLE_ID`, `FIELD_ID`) REFERENCES `ENTITY_FIELD_ID` (`TABLE_ID`, `FIELD_ID`),
  ADD CONSTRAINT `ENTITY_FIELD_SEQUENTIAL_ID_FK` FOREIGN KEY (`SEQUENTIAL_ID`) REFERENCES `SEQUENTIAL_ID` (`SEQUENTIAL_ID`);

--
-- Filtros para la tabla `ENTITY_FIELD_ID`
--
ALTER TABLE `ENTITY_FIELD_ID`
  ADD CONSTRAINT `ENTITY_FIELD_ID_TABLE_ID_FK` FOREIGN KEY (`TABLE_ID`) REFERENCES `ENTITY_TABLE_ID` (`TABLE_ID`);

--
-- Filtros para la tabla `ENTITY_RELATIONSHIP`
--
ALTER TABLE `ENTITY_RELATIONSHIP`
  ADD CONSTRAINT `ENTITY_RELATIONSHIP_COMPANY_FK` FOREIGN KEY (`COMPANY_ID`) REFERENCES `COMPANY` (`COMPANY_ID`),
  ADD CONSTRAINT `ENTITY_RELATIONSHIP_FROM_FK` FOREIGN KEY (`TABLE_FROM`, `FIELD_FROM`) REFERENCES `ENTITY_FIELD_ID` (`TABLE_ID`, `FIELD_ID`),
  ADD CONSTRAINT `ENTITY_RELATIONSHIP_TO_FK` FOREIGN KEY (`TABLE_TO`, `FIELD_TO`) REFERENCES `ENTITY_FIELD_ID` (`TABLE_ID`, `FIELD_ID`);

--
-- Filtros para la tabla `ENTITY_TABLE`
--
ALTER TABLE `ENTITY_TABLE`
  ADD CONSTRAINT `ENTITY_TABLE_COMPANY_FK` FOREIGN KEY (`COMPANY_ID`) REFERENCES `COMPANY` (`COMPANY_ID`),
  ADD CONSTRAINT `ENTITY_TABLE_ID_FK` FOREIGN KEY (`TABLE_ID`) REFERENCES `ENTITY_TABLE_ID` (`TABLE_ID`);

--
-- Filtros para la tabla `SEQUENTIAL`
--
ALTER TABLE `SEQUENTIAL`
  ADD CONSTRAINT `SEQUENTIAL_COMPANY_FK` FOREIGN KEY (`COMPANY_ID`) REFERENCES `COMPANY` (`COMPANY_ID`);
